0,0,602.4548175
0,1,384.5610448
0,2,1366.177426
0,3,505.7531871
0,4,662.5598532
0,5,225.6080248
0,6,896.2471766
0,7,1501.407147
0,8,279.7385766
0,9,1660.461042
0,10,1506.810187
0,11,1972.618387
0,12,1689.089008
0,13,1136.64588
0,14,1344.56725
0,15,476.7455267
0,16,546.2375301
0,17,1408.08094
0,18,983.1471416
0,19,1448.07814
0,20,1866.529913
0,21,1494.63544
0,22,1671.770829
0,23,1382.018846
0,24,596.024038
0,25,481.1143175
0,26,1360.350129
0,27,885.8004467
0,28,1842.314659
0,29,4.752735595
0,30,75.94963354
0,31,364.8206887
0,32,821.0678413
0,33,820.2864255
0,34,801.8418719
0,35,1617.887935
0,36,1808.327199
0,37,975.0202491
0,38,1970.988926
0,39,66.35412479
0,40,1038.299525
0,41,1666.987836
0,42,1701.020972
0,43,188.8927637
0,44,307.2940278
0,45,1377.342889
0,46,1555.680788
0,47,507.9761265
0,48,938.7976171
0,49,1481.231371
1,0,322.7960855
1,1,778.5426176
1,2,1944.425215
1,3,1636.321029
1,4,1404.318854
1,5,581.85735
1,6,18.94098597
1,7,417.163526
1,8,827.7982327
1,9,901.5802211
1,10,508.7165514
1,11,1873.853135
1,12,244.8834757
1,13,725.8925508
1,14,985.2568687
1,15,161.4362443
1,16,1365.833075
1,17,728.8676209
1,18,1881.201126
1,19,760.9203633
1,20,217.9133453
1,21,1928.135911
1,22,604.2082987
1,23,469.7035311
1,24,248.0357212
1,25,254.8900983
1,26,715.1515463
1,27,687.364805
1,28,1377.613836
1,29,243.5349549
1,30,1449.505423
1,31,1869.746364
1,32,624.0304995
1,33,521.390319
1,34,414.0773695
1,35,60.85123465
1,36,1121.868232
1,37,1369.945725
1,38,463.8360932
1,39,938.9623507
1,40,621.2498606
1,41,551.3100332
1,42,587.2441384
1,43,1854.379436
1,44,1053.740948
1,45,259.9483436
1,46,144.5578985
1,47,1634.357326
1,48,1106.725532
1,49,521.5560856
2,0,674.7691472
2,1,1847.25584
2,2,1138.094767
2,3,1381.886772
2,4,100.8745879
2,5,1706.988275
2,6,801.3187285
2,7,1507.761199
2,8,1848.914839
2,9,593.645535
2,10,398.1918246
2,11,621.9334636
2,12,480.0333993
2,13,1253.70828
2,14,1452.610608
2,15,989.4048103
2,16,804.5733646
2,17,504.1146499
2,18,689.2118256
2,19,1706.07551
2,20,1840.111564
2,21,1942.445956
2,22,160.1286901
2,23,193.6539138
2,24,1068.414073
2,25,1157.630302
2,26,437.9199845
2,27,1044.386541
2,28,108.6180851
2,29,1229.421741
2,30,551.5246767
2,31,873.4436413
2,32,674.7968888
2,33,1395.510889
2,34,438.2021575
2,35,1068.096959
2,36,159.1408651
2,37,1386.186301
2,38,1257.814697
2,39,210.8230772
2,40,240.9421949
2,41,1199.247524
2,42,1754.587096
2,43,1579.236006
2,44,1874.043152
2,45,1636.163975
2,46,983.0038227
2,47,184.2765862
2,48,1760.488886
2,49,1226.826805
3,0,1886.738598
3,1,297.2923923
3,2,1613.835631
3,3,929.0752526
3,4,31.79220886
3,5,240.7852681
3,6,681.7120139
3,7,1231.556869
3,8,628.5836327
3,9,118.5600866
3,10,1982.773872
3,11,1163.031729
3,12,666.4566645
3,13,882.3661372
3,14,586.2723403
3,15,233.1477666
3,16,14.9305562
3,17,1753.128274
3,18,381.4190228
3,19,1634.59092
3,20,995.7920724
3,21,1202.582937
3,22,1864.897129
3,23,486.3305977
3,24,1532.974302
3,25,1520.797953
3,26,1060.366674
3,27,424.9436003
3,28,810.8398559
3,29,1987.799311
3,30,1024.037942
3,31,1907.294826
3,32,1685.776834
3,33,1686.982673
3,34,812.056021
3,35,957.2794085
3,36,1744.801556
3,37,1249.788885
3,38,1192.846436
3,39,501.3455541
3,40,1199.200367
3,41,717.952822
3,42,656.7350897
3,43,513.7303544
3,44,1952.541814
3,45,933.0169881
3,46,912.0463177
3,47,233.2035806
3,48,828.3894974
3,49,609.6039136
4,0,1035.990611
4,1,1596.3142
4,2,1221.853056
4,3,1858.248371
4,4,1406.158218
4,5,1957.791275
4,6,72.29439464
4,7,588.1249584
4,8,470.7731164
4,9,1302.755737
4,10,39.87285633
4,11,355.4215251
4,12,1402.978939
4,13,936.8202705
4,14,1915.083465
4,15,1869.156134
4,16,757.1889588
4,17,896.5979569
4,18,27.97503685
4,19,1682.450472
4,20,598.5139581
4,21,769.3972088
4,22,1014.450163
4,23,1882.773175
4,24,1154.496107
4,25,183.2654699
4,26,1614.863536
4,27,1316.483421
4,28,630.2224045
4,29,1261.143511
4,30,1462.464021
4,31,1973.588057
4,32,1616.49378
4,33,1969.257275
4,34,128.2200767
4,35,433.0119215
4,36,1996.315657
4,37,439.3285796
4,38,840.3981332
4,39,778.5361168
4,40,363.3791602
4,41,1826.877493
4,42,258.1175205
4,43,1871.415564
4,44,1816.503004
4,45,994.8499082
4,46,532.633216
4,47,1165.683135
4,48,915.7323945
4,49,341.7092817
5,0,107.9123273
5,1,1908.479399
5,2,1534.225832
5,3,1384.082002
5,4,1776.290414
5,5,1826.962908
5,6,127.6438283
5,7,1338.054117
5,8,231.0582204
5,9,387.6598402
5,10,488.736973
5,11,452.7421273
5,12,1589.11296
5,13,10.02661926
5,14,293.0944329
5,15,74.71797301
5,16,105.5843692
5,17,1691.041827
5,18,119.1055913
5,19,348.4023886
5,20,1971.483029
5,21,1638.241593
5,22,1304.729242
5,23,1326.598823
5,24,234.1959884
5,25,342.986417
5,26,866.5085201
5,27,563.0906273
5,28,552.6237315
5,29,883.3705007
5,30,1953.740317
5,31,500.8630412
5,32,687.2953672
5,33,1569.941657
5,34,1446.712682
5,35,1914.533742
5,36,1754.920665
5,37,1982.032594
5,38,255.6080125
5,39,314.3611453
5,40,1309.082665
5,41,273.2914684
5,42,1511.415116
5,43,1525.095132
5,44,907.9124311
5,45,218.8574133
5,46,307.2267768
5,47,1944.340541
5,48,1842.189247
5,49,1349.51088
6,0,548.8281763
6,1,362.3996431
6,2,1749.922266
6,3,226.0056663
6,4,1209.810629
6,5,1194.592559
6,6,1904.514965
6,7,269.5450045
6,8,1132.711486
6,9,390.169442
6,10,1036.170925
6,11,345.5351726
6,12,733.0447443
6,13,921.6074085
6,14,985.3480498
6,15,882.5201556
6,16,1324.433638
6,17,1683.663837
6,18,1027.083145
6,19,414.5966187
6,20,675.6817939
6,21,435.1141808
6,22,34.71915453
6,23,426.7552855
6,24,699.5825418
6,25,827.3188805
6,26,290.7849413
6,27,1261.301452
6,28,1144.181133
6,29,1335.564704
6,30,1728.852595
6,31,753.9156193
6,32,540.4388311
6,33,1483.202629
6,34,38.66764074
6,35,1539.100069
6,36,1685.425258
6,37,80.23508423
6,38,392.0408964
6,39,548.3756985
6,40,78.84647218
6,41,1956.332811
6,42,1734.733323
6,43,1187.573239
6,44,1969.211834
6,45,379.3583335
6,46,1065.063735
6,47,1269.475561
6,48,605.4292865
6,49,714.9815541
7,0,1465.004092
7,1,1950.047388
7,2,66.27308275
7,3,442.5086513
7,4,1862.56655
7,5,583.1656461
7,6,1491.471507
7,7,1245.968885
7,8,1110.522812
7,9,1525.301035
7,10,575.9080304
7,11,449.608508
7,12,1386.190917
7,13,1684.915883
7,14,1064.004313
7,15,1748.470657
7,16,1381.293974
7,17,870.8872555
7,18,362.7201882
7,19,1721.528462
7,20,941.5359052
7,21,1935.810052
7,22,986.4717007
7,23,1393.986663
7,24,1379.025639
7,25,624.6905078
7,26,1361.339363
7,27,923.5258407
7,28,167.5969675
7,29,1016.25358
7,30,1779.072063
7,31,806.0669128
7,32,233.8081797
7,33,1167.913107
7,34,883.6179363
7,35,448.8711755
7,36,1557.951483
7,37,968.175434
7,38,1234.750562
7,39,727.2703052
7,40,951.7139864
7,41,98.85568944
7,42,516.7240776
7,43,55.28970524
7,44,256.8723412
7,45,16.75416929
7,46,550.7286656
7,47,1126.650997
7,48,1719.537144
7,49,553.1479254
8,0,212.6364123
8,1,934.5172031
8,2,1995.482983
8,3,1750.01599
8,4,1051.621973
8,5,1312.592499
8,6,1037.905375
8,7,562.6766107
8,8,276.8955255
8,9,1408.893863
8,10,804.085743
8,11,1543.580785
8,12,814.3980986
8,13,11.61827584
8,14,1637.123714
8,15,1495.680452
8,16,1591.323179
8,17,989.2322007
8,18,412.8721232
8,19,474.7073327
8,20,336.4418856
8,21,569.672072
8,22,1819.402488
8,23,1993.871272
8,24,1882.046803
8,25,656.9493035
8,26,1377.735308
8,27,1462.001319
8,28,541.417159
8,29,1020.837194
8,30,1993.700434
8,31,410.8001025
8,32,1111.138155
8,33,834.4830752
8,34,456.0619072
8,35,808.2609773
8,36,964.3845978
8,37,22.16275223
8,38,1216.327658
8,39,800.1333896
8,40,1906.328516
8,41,1775.560037
8,42,456.886267
8,43,953.0133271
8,44,780.2395105
8,45,1680.006071
8,46,490.9456988
8,47,571.317154
8,48,37.96815277
8,49,1664.017297
9,0,1516.2932
9,1,767.2296169
9,2,1392.358691
9,3,765.5965244
9,4,1933.859586
9,5,1055.314935
9,6,85.07460826
9,7,1522.750351
9,8,1056.919618
9,9,1063.822064
9,10,1142.358312
9,11,594.7351629
9,12,1147.452762
9,13,657.3723906
9,14,754.9345035
9,15,431.4307115
9,16,506.042071
9,17,1978.897499
9,18,1796.987207
9,19,631.9231454
9,20,1032.874664
9,21,1405.548698
9,22,1817.835929
9,23,1817.042272
9,24,1926.854768
9,25,258.9926968
9,26,906.7609352
9,27,1642.365338
9,28,1918.202724
9,29,1887.323536
9,30,682.1654388
9,31,488.9391666
9,32,754.7342993
9,33,1775.285658
9,34,1251.068478
9,35,1701.046617
9,36,1302.240216
9,37,211.1154317
9,38,542.5341509
9,39,1900.342128
9,40,818.5480565
9,41,760.5984183
9,42,608.8824268
9,43,1818.620904
9,44,677.0149207
9,45,1532.618139
9,46,369.7116547
9,47,1884.158164
9,48,157.3374531
9,49,903.8640783
10,0,1540.636566
10,1,1839.70043
10,2,1708.172748
10,3,1551.023733
10,4,1554.834097
10,5,1343.104698
10,6,633.7815232
10,7,906.2190397
10,8,922.5902194
10,9,1427.214788
10,10,1506.500183
10,11,588.6933902
10,12,727.4517312
10,13,352.26214
10,14,915.4760912
10,15,1977.866205
10,16,415.3295688
10,17,52.12051603
10,18,1181.655109
10,19,773.8857323
10,20,1560.697615
10,21,1634.256958
10,22,1862.492081
10,23,276.5254811
10,24,98.86419228
10,25,1271.807683
10,26,169.3366848
10,27,1771.827221
10,28,380.9010315
10,29,705.0337271
10,30,1767.455862
10,31,649.0821174
10,32,937.3021916
10,33,312.5505128
10,34,413.6199463
10,35,1242.902539
10,36,1425.85812
10,37,1741.956793
10,38,768.4692922
10,39,1084.25171
10,40,1902.715253
10,41,1969.868877
10,42,1772.343106
10,43,1179.342293
10,44,1857.289697
10,45,1708.801029
10,46,1885.039494
10,47,1141.554996
10,48,1088.845728
10,49,1252.34972
11,0,728.7081628
11,1,1165.438175
11,2,461.4758804
11,3,347.1925138
11,4,95.2516304
11,5,111.7032389
11,6,1041.921264
11,7,1201.792345
11,8,217.3586384
11,9,1968.172675
11,10,1200.040601
11,11,768.1029674
11,12,867.9777737
11,13,1526.492416
11,14,1578.992531
11,15,1354.976412
11,16,1452.814639
11,17,1629.435129
11,18,1005.330318
11,19,1411.480033
11,20,318.6955148
11,21,156.8758852
11,22,1550.081198
11,23,1091.369276
11,24,247.166855
11,25,1033.376347
11,26,577.3353406
11,27,396.5872156
11,28,304.1390948
11,29,1552.576441
11,30,390.9224077
11,31,760.393124
11,32,938.92766
11,33,313.5013716
11,34,880.9332968
11,35,1381.579724
11,36,639.5385419
11,37,1739.026788
11,38,530.0698886
11,39,1952.940157
11,40,1885.271028
11,41,1548.055012
11,42,792.7757782
11,43,947.3069413
11,44,936.1061229
11,45,401.3401283
11,46,981.914058
11,47,1728.823121
11,48,174.5496038
11,49,742.685435
12,0,637.3195056
12,1,948.5995673
12,2,119.795619
12,3,1069.587608
12,4,494.3160206
12,5,767.0878511
12,6,98.85736727
12,7,1328.955478
12,8,1339.64947
12,9,1190.632251
12,10,1360.369939
12,11,1759.571439
12,12,542.2562125
12,13,1730.693029
12,14,1598.817213
12,15,1889.578104
12,16,1579.879898
12,17,691.5303841
12,18,735.7152083
12,19,106.4804167
12,20,1148.238713
12,21,674.3506333
12,22,1830.969085
12,23,1624.347731
12,24,171.1154689
12,25,1869.3494
12,26,968.9890651
12,27,1632.576192
12,28,1458.364839
12,29,1641.218366
12,30,172.1176701
12,31,274.1161698
12,32,1792.824703
12,33,1472.528245
12,34,1558.251126
12,35,1289.002698
12,36,1683.310835
12,37,1418.891024
12,38,1123.068778
12,39,1436.911759
12,40,1184.111455
12,41,321.6607293
12,42,1156.909012
12,43,872.0715087
12,44,516.3501163
12,45,740.2218686
12,46,1394.704861
12,47,466.8698674
12,48,1171.769717
12,49,1745.146145
13,0,376.0709936
13,1,1458.784998
13,2,89.95695699
13,3,1343.025237
13,4,786.5952041
13,5,892.5073663
13,6,1427.860598
13,7,1128.245411
13,8,147.3436911
13,9,1994.777042
13,10,71.27333184
13,11,708.624887
13,12,492.7118838
13,13,249.5521447
13,14,1440.903665
13,15,454.8306389
13,16,424.9094991
13,17,761.5158061
13,18,138.1785538
13,19,1816.32005
13,20,1005.995845
13,21,731.8921298
13,22,1500.035085
13,23,769.4933359
13,24,1541.825557
13,25,635.7863547
13,26,629.5222118
13,27,607.0581182
13,28,1018.38191
13,29,854.7084457
13,30,1730.049004
13,31,604.516445
13,32,448.0062041
13,33,714.3996733
13,34,1512.540101
13,35,1461.804985
13,36,119.5396695
13,37,992.7668958
13,38,1986.861679
13,39,1082.189676
13,40,977.7669594
13,41,1992.414074
13,42,1418.869691
13,43,145.4598957
13,44,1855.793551
13,45,1795.56737
13,46,1940.959215
13,47,1303.661983
13,48,1165.584673
13,49,570.0157866
14,0,657.3903424
14,1,577.9541982
14,2,1122.197039
14,3,920.9734427
14,4,54.14485919
14,5,91.99772409
14,6,1373.992998
14,7,84.89212642
14,8,10.06801321
14,9,1972.887133
14,10,991.7948786
14,11,1715.842936
14,12,590.880318
14,13,1887.669821
14,14,9.688635839
14,15,109.7634087
14,16,336.217945
14,17,1769.839021
14,18,300.2369008
14,19,497.7911789
14,20,1422.279469
14,21,821.5290041
14,22,1435.760655
14,23,686.5065369
14,24,1325.929925
14,25,1145.120499
14,26,1357.859255
14,27,1551.921126
14,28,860.1666617
14,29,219.280561
14,30,1779.649239
14,31,1605.470483
14,32,1288.804442
14,33,653.8826786
14,34,1785.351334
14,35,1856.724713
14,36,1668.733501
14,37,1078.206168
14,38,399.9260935
14,39,520.7254557
14,40,1366.601224
14,41,1077.776173
14,42,1897.264569
14,43,1215.024321
14,44,955.7905845
14,45,533.0150182
14,46,1657.188692
14,47,130.1701072
14,48,316.6856775
14,49,1157.772476
15,0,344.1561916
15,1,644.8609599
15,2,576.5168835
15,3,1971.786334
15,4,808.6196666
15,5,1936.856203
15,6,1475.883963
15,7,1571.753302
15,8,217.8542959
15,9,566.2767629
15,10,508.8793385
15,11,543.7738121
15,12,1863.789686
15,13,1624.948669
15,14,66.8032294
15,15,14.68184312
15,16,1226.620445
15,17,775.7901918
15,18,1503.958687
15,19,1119.423003
15,20,1128.476198
15,21,1793.666217
15,22,1687.706046
15,23,1526.157357
15,24,1516.071684
15,25,1239.365228
15,26,1627.516418
15,27,1396.01609
15,28,546.7632535
15,29,142.6002621
15,30,1981.424066
15,31,1272.869406
15,32,159.0106714
15,33,1877.014772
15,34,751.9735161
15,35,888.8070153
15,36,379.1693808
15,37,1811.150007
15,38,1424.957866
15,39,1399.412238
15,40,141.4543169
15,41,970.0135856
15,42,1579.887602
15,43,861.9669556
15,44,267.0344019
15,45,1665.575582
15,46,628.1420549
15,47,1296.961505
15,48,1217.457631
15,49,307.2960072
16,0,1106.955359
16,1,72.27525642
16,2,1448.610059
16,3,1388.703094
16,4,1730.627009
16,5,759.7019097
16,6,566.8396086
16,7,1737.564868
16,8,1220.702356
16,9,1795.341239
16,10,175.094792
16,11,1495.869203
16,12,496.8124408
16,13,553.9306197
16,14,864.9280177
16,15,362.0826237
16,16,733.0504548
16,17,1777.141218
16,18,1373.738473
16,19,1908.809638
16,20,916.2480702
16,21,1461.13357
16,22,1888.075233
16,23,1586.166171
16,24,1498.782937
16,25,1614.754018
16,26,312.2723538
16,27,1708.975906
16,28,1168.18764
16,29,1484.019397
16,30,564.3805775
16,31,876.3878649
16,32,1280.60113
16,33,355.4860073
16,34,237.238928
16,35,1189.782664
16,36,1995.026459
16,37,1012.486868
16,38,150.2282352
16,39,108.0592884
16,40,24.37494062
16,41,1468.138404
16,42,1643.903105
16,43,1106.093482
16,44,861.2546618
16,45,331.9600618
16,46,823.0578657
16,47,1588.466809
16,48,1204.27284
16,49,1615.701692
17,0,1971.232692
17,1,1665.014029
17,2,916.6060214
17,3,1226.364927
17,4,674.5888215
17,5,1105.876542
17,6,516.8365678
17,7,993.177103
17,8,1921.39302
17,9,1509.135321
17,10,1640.396873
17,11,1564.193385
17,12,1895.161099
17,13,421.8812255
17,14,1016.610875
17,15,1524.360399
17,16,315.2997781
17,17,797.4062956
17,18,662.2701368
17,19,494.144868
17,20,306.0562038
17,21,284.3044474
17,22,830.7141903
17,23,1656.635087
17,24,423.5794143
17,25,941.346546
17,26,621.0581693
17,27,607.2802835
17,28,318.8108045
17,29,558.7086706
17,30,1297.009182
17,31,1152.177178
17,32,637.8785657
17,33,1564.041691
17,34,1991.065746
17,35,339.2069738
17,36,1799.788142
17,37,1372.351412
17,38,16.63831561
17,39,1104.642046
17,40,1875.087989
17,41,1595.132649
17,42,1416.289564
17,43,737.7050603
17,44,823.0995352
17,45,770.7575753
17,46,150.7094068
17,47,1608.271702
17,48,1699.789902
17,49,1243.831174
18,0,602.6839731
18,1,1400.575103
18,2,1847.187077
18,3,32.80139845
18,4,1109.068451
18,5,224.2044751
18,6,1569.763278
18,7,900.5540706
18,8,200.5588587
18,9,1369.645151
18,10,113.6169364
18,11,439.2440101
18,12,549.8273466
18,13,925.4003895
18,14,1616.257927
18,15,94.57475599
18,16,1178.859352
18,17,1762.535858
18,18,536.6543094
18,19,838.0485742
18,20,1289.447394
18,21,1434.037279
18,22,1037.886304
18,23,1512.190922
18,24,1340.366214
18,25,502.2052483
18,26,1099.042013
18,27,1549.225956
18,28,1739.598712
18,29,1125.673331
18,30,1979.870233
18,31,926.8469776
18,32,1223.76432
18,33,314.4757053
18,34,423.2011014
18,35,1441.135694
18,36,993.7723555
18,37,959.1167256
18,38,1587.230935
18,39,95.5094996
18,40,1060.088314
18,41,1633.063464
18,42,309.2038181
18,43,1966.483881
18,44,307.4529015
18,45,1086.020157
18,46,930.9175604
18,47,1556.859556
18,48,1538.41173
18,49,1234.659632
19,0,1986.111779
19,1,61.61662614
19,2,576.9552196
19,3,1676.289986
19,4,1456.159192
19,5,949.2747278
19,6,537.6797608
19,7,1860.435434
19,8,1441.545598
19,9,1650.665673
19,10,188.4902909
19,11,1262.106545
19,12,1424.795588
19,13,623.2209534
19,14,1704.423395
19,15,1145.847854
19,16,86.73767149
19,17,850.284824
19,18,650.1480415
19,19,145.1952594
19,20,61.14348736
19,21,1863.679016
19,22,1537.06988
19,23,529.5958504
19,24,492.9236037
19,25,1185.347677
19,26,1730.598949
19,27,1458.160387
19,28,856.9292206
19,29,1204.093534
19,30,1045.089967
19,31,1327.660513
19,32,1895.282113
19,33,189.1600727
19,34,41.64990208
19,35,935.0825638
19,36,1343.134166
19,37,1061.066059
19,38,1454.054609
19,39,1762.547784
19,40,1664.531517
19,41,417.8505519
19,42,795.5374335
19,43,1665.280334
19,44,1204.981061
19,45,1656.835817
19,46,1727.768425
19,47,1875.483637
19,48,44.59675859
19,49,1318.932514
20,0,1535.480189
20,1,1047.423925
20,2,127.8363355
20,3,1646.114053
20,4,958.8502428
20,5,157.1282103
20,6,1934.021795
20,7,1292.044008
20,8,161.2511951
20,9,550.64211
20,10,1062.408604
20,11,1122.203535
20,12,458.8384871
20,13,1109.580037
20,14,907.4929352
20,15,688.805967
20,16,310.7596884
20,17,932.6236356
20,18,1069.978341
20,19,1779.782897
20,20,987.3943615
20,21,1428.305669
20,22,1860.773219
20,23,1069.047355
20,24,226.1155305
20,25,885.8407384
20,26,720.4757352
20,27,1735.875038
20,28,461.4872262
20,29,1617.148711
20,30,1176.81544
20,31,1746.021849
20,32,1608.1603
20,33,129.5507158
20,34,1992.009676
20,35,1047.481445
20,36,1205.671207
20,37,645.3666753
20,38,991.2749088
20,39,1978.207488
20,40,396.0851996
20,41,591.8387148
20,42,551.3547476
20,43,1367.940504
20,44,1947.2204
20,45,308.0900046
20,46,1442.529929
20,47,707.4103427
20,48,1294.754666
20,49,751.2148882
21,0,1277.993165
21,1,1362.749092
21,2,165.1587237
21,3,1738.27075
21,4,1513.172006
21,5,1696.269606
21,6,911.5849798
21,7,1692.866017
21,8,377.9302849
21,9,1955.357553
21,10,1068.931712
21,11,284.173724
21,12,268.0981304
21,13,193.5658349
21,14,1057.388868
21,15,564.2697395
21,16,1593.039519
21,17,1474.871438
21,18,760.8155836
21,19,1599.27916
21,20,767.5300893
21,21,839.1978182
21,22,1738.76339
21,23,1800.173008
21,24,1080.647882
21,25,1126.66986
21,26,150.5746268
21,27,942.0847002
21,28,596.391094
21,29,209.5667857
21,30,1995.015672
21,31,1602.637461
21,32,23.0793088
21,33,304.0065988
21,34,1360.584679
21,35,1438.944055
21,36,967.4148134
21,37,1717.624452
21,38,827.9179946
21,39,1463.382389
21,40,686.0937734
21,41,1814.800451
21,42,741.0783519
21,43,135.1344993
21,44,1632.690556
21,45,1766.442963
21,46,691.9530185
21,47,1903.719985
21,48,766.4267211
21,49,1810.586436
22,0,1950.113669
22,1,1599.879551
22,2,997.8626093
22,3,205.9252052
22,4,584.4416119
22,5,1128.60935
22,6,1558.57048
22,7,1800.57249
22,8,264.6833344
22,9,1827.689207
22,10,1505.539307
22,11,292.3752105
22,12,1504.868827
22,13,1095.875457
22,14,1950.536691
22,15,1901.84075
22,16,740.2793526
22,17,682.7141614
22,18,1903.59391
22,19,1763.303663
22,20,7.110502096
22,21,1308.38619
22,22,1578.644847
22,23,1275.935097
22,24,1974.720517
22,25,337.0382349
22,26,1544.577353
22,27,696.7454098
22,28,1897.094017
22,29,1291.920301
22,30,1117.887104
22,31,845.1546333
22,32,1665.90795
22,33,1066.390222
22,34,1785.909306
22,35,129.6588479
22,36,71.10619602
22,37,478.6155388
22,38,44.07670502
22,39,901.37463
22,40,1804.144936
22,41,1773.76001
22,42,1463.88975
22,43,101.2780801
22,44,971.5484092
22,45,783.9125006
22,46,1929.577431
22,47,1294.678849
22,48,1052.587769
22,49,1802.437338
23,0,1278.83993
23,1,392.084426
23,2,1987.633863
23,3,1094.980976
23,4,270.6509811
23,5,337.8512647
23,6,1679.896591
23,7,1430.423101
23,8,1170.511158
23,9,197.3668551
23,10,661.9074151
23,11,1090.052054
23,12,1801.323649
23,13,1277.592665
23,14,1246.048699
23,15,1282.862887
23,16,1464.429265
23,17,756.4268531
23,18,157.9784409
23,19,1403.555792
23,20,1652.500453
23,21,1930.22656
23,22,213.4165303
23,23,982.2890399
23,24,221.5671109
23,25,86.92081727
23,26,644.6236245
23,27,942.004204
23,28,999.2851772
23,29,88.35158713
23,30,71.02210313
23,31,253.5617164
23,32,1107.200724
23,33,806.4900872
23,34,1723.158401
23,35,823.3615828
23,36,805.680942
23,37,806.6416188
23,38,720.0819754
23,39,1538.083843
23,40,462.9903791
23,41,1886.287849
23,42,1420.176246
23,43,794.001273
23,44,463.1345736
23,45,1165.855774
23,46,309.1757398
23,47,657.997726
23,48,678.0401271
23,49,1801.916474
24,0,166.397493
24,1,1808.733784
24,2,792.8888208
24,3,85.07999
24,4,741.875886
24,5,375.0487912
24,6,477.0480301
24,7,287.6315798
24,8,1410.618185
24,9,120.799654
24,10,1748.966035
24,11,1689.881291
24,12,701.4585348
24,13,1799.676136
24,14,1155.561206
24,15,1047.40967
24,16,208.2505129
24,17,425.9909382
24,18,1235.712986
24,19,1155.084857
24,20,1958.778652
24,21,828.9611093
24,22,807.5801072
24,23,150.7488801
24,24,1972.770741
24,25,1234.956517
24,26,378.4225805
24,27,1364.197553
24,28,1642.72627
24,29,687.5697129
24,30,819.6412787
24,31,42.14298844
24,32,393.6555292
24,33,1651.946461
24,34,573.9253184
24,35,371.3274672
24,36,1798.288859
24,37,516.1295048
24,38,1074.846658
24,39,771.0820618
24,40,1036.429298
24,41,955.6254462
24,42,897.5827086
24,43,1742.60362
24,44,137.2419748
24,45,1647.438316
24,46,858.147787
24,47,1090.013547
24,48,1221.670558
24,49,841.4639633
25,0,721.6616342
25,1,1404.276383
25,2,1856.202211
25,3,1813.139794
25,4,1290.270156
25,5,628.3550331
25,6,944.8962402
25,7,1371.279027
25,8,1271.544623
25,9,1079.950904
25,10,1408.602486
25,11,1682.095427
25,12,254.010922
25,13,1018.07261
25,14,1680.338527
25,15,585.255589
25,16,840.063367
25,17,415.4985556
25,18,51.15383173
25,19,1841.364166
25,20,1271.636249
25,21,66.06092551
25,22,200.9211839
25,23,293.5492653
25,24,40.66831668
25,25,1437.531783
25,26,1769.6401
25,27,250.7291579
25,28,89.0456966
25,29,1162.518032
25,30,124.6004784
25,31,827.55893
25,32,407.1632437
25,33,1418.419313
25,34,312.8970889
25,35,1291.323982
25,36,675.9690167
25,37,1332.999006
25,38,1059.541493
25,39,1052.102497
25,40,295.8006078
25,41,1073.186901
25,42,347.9379157
25,43,490.4872325
25,44,495.0711213
25,45,1886.150129
25,46,1477.201349
25,47,360.1191745
25,48,692.2810275
25,49,639.0583171
26,0,1932.085343
26,1,822.1616659
26,2,5.569406756
26,3,1732.066219
26,4,1301.474931
26,5,79.99729589
26,6,533.4602374
26,7,1752.068368
26,8,1174.848898
26,9,461.3448779
26,10,960.4815391
26,11,1538.446025
26,12,666.7821043
26,13,1139.253956
26,14,429.3504149
26,15,943.3433958
26,16,1183.675719
26,17,100.0597196
26,18,1016.232032
26,19,706.3337206
26,20,1280.953504
26,21,1798.517535
26,22,254.7682928
26,23,1468.65894
26,24,771.5038316
26,25,887.1390527
26,26,108.2802014
26,27,406.8622591
26,28,786.7990959
26,29,1192.785918
26,30,505.1143389
26,31,348.7878735
26,32,1.209654463
26,33,38.67304816
26,34,902.5677491
26,35,720.0059632
26,36,1379.071108
26,37,303.1219006
26,38,1791.723675
26,39,521.6054919
26,40,1690.045354
26,41,65.08186421
26,42,997.1183696
26,43,279.396788
26,44,653.4798554
26,45,1136.643581
26,46,182.5011584
26,47,666.6027834
26,48,753.570378
26,49,566.8436469
27,0,8.979565613
27,1,1398.629597
27,2,1542.390743
27,3,1744.864032
27,4,1305.363173
27,5,753.609679
27,6,1454.446967
27,7,1299.067405
27,8,1063.524247
27,9,1285.17884
27,10,14.85334456
27,11,1447.686478
27,12,1701.934606
27,13,522.1507291
27,14,1141.051289
27,15,834.0517489
27,16,1034.083605
27,17,642.5835331
27,18,755.9398265
27,19,581.5416865
27,20,1075.188922
27,21,793.057085
27,22,699.4780062
27,23,447.8214846
27,24,1485.738275
27,25,1776.977787
27,26,668.4639274
27,27,557.4046813
27,28,1917.421461
27,29,380.2009219
27,30,547.2301907
27,31,729.6289582
27,32,1639.449456
27,33,1725.075656
27,34,954.7221762
27,35,1119.253377
27,36,623.9410734
27,37,1343.924594
27,38,1221.771996
27,39,1871.400519
27,40,61.13697039
27,41,1924.392265
27,42,73.41548235
27,43,1736.669543
27,44,1960.579883
27,45,663.5293988
27,46,1567.87278
27,47,1391.32316
27,48,1427.597031
27,49,1948.522016
28,0,982.3565184
28,1,1278.03709
28,2,645.1154666
28,3,593.952704
28,4,688.9344646
28,5,1202.482675
28,6,1184.793082
28,7,1793.520781
28,8,1704.955238
28,9,499.0356515
28,10,1590.37121
28,11,1265.653633
28,12,260.6332901
28,13,288.6426422
28,14,1901.477043
28,15,1504.745575
28,16,930.2495142
28,17,1998.953375
28,18,411.5222781
28,19,1905.001337
28,20,690.5963084
28,21,1554.301608
28,22,533.838614
28,23,1328.107047
28,24,1870.288021
28,25,1153.631578
28,26,1123.073686
28,27,1676.786189
28,28,1922.213147
28,29,772.2620663
28,30,998.7598444
28,31,1349.036425
28,32,907.2003316
28,33,586.5738646
28,34,57.19485746
28,35,1932.158598
28,36,548.1373923
28,37,323.1584385
28,38,1438.869736
28,39,513.022666
28,40,1457.784599
28,41,288.6596419
28,42,261.7169358
28,43,914.0741903
28,44,62.79679317
28,45,1437.011669
28,46,478.4220107
28,47,1352.190941
28,48,833.42695
28,49,678.9659832
29,0,501.1530343
29,1,591.7600527
29,2,16.9264449
29,3,1270.022029
29,4,1607.24874
29,5,691.9668574
29,6,1711.060207
29,7,927.6806973
29,8,439.4758045
29,9,1148.177805
29,10,1729.023955
29,11,638.4680653
29,12,80.56137992
29,13,1194.76278
29,14,739.0281607
29,15,768.7008547
29,16,201.8844443
29,17,127.1505057
29,18,1103.696841
29,19,1783.918999
29,20,1885.984939
29,21,58.85762394
29,22,93.31723625
29,23,710.5806898
29,24,591.4813648
29,25,322.3991527
29,26,1820.172893
29,27,1752.091815
29,28,1716.852499
29,29,1382.488884
29,30,971.3960844
29,31,788.1096439
29,32,716.3750377
29,33,1580.784221
29,34,125.1501792
29,35,1398.9817
29,36,874.1370146
29,37,622.4968759
29,38,1244.663591
29,39,1394.171706
29,40,69.69824663
29,41,1622.872218
29,42,1699.57497
29,43,1938.020168
29,44,589.3001279
29,45,1375.285105
29,46,1407.973748
29,47,1484.605053
29,48,1046.410982
29,49,1072.961054
30,0,1080.706383
30,1,289.4797416
30,2,219.3080424
30,3,883.4815147
30,4,550.5871993
30,5,810.4433114
30,6,1523.20465
30,7,1348.963238
30,8,1003.247853
30,9,240.1245751
30,10,391.1755586
30,11,1585.384887
30,12,662.9134698
30,13,373.0882598
30,14,621.8142099
30,15,1889.319262
30,16,1751.551496
30,17,876.1389168
30,18,1378.458746
30,19,1860.979505
30,20,66.77589184
30,21,1765.016745
30,22,1609.882921
30,23,577.7887099
30,24,1407.22725
30,25,243.1563351
30,26,373.6761001
30,27,621.2826369
30,28,171.2226469
30,29,621.9311111
30,30,1598.804033
30,31,1322.920531
30,32,1678.465116
30,33,1614.349423
30,34,276.6081193
30,35,90.84415303
30,36,1877.806733
30,37,135.7357756
30,38,971.9485005
30,39,418.2230594
30,40,1568.720863
30,41,962.1385324
30,42,831.8189235
30,43,1854.707379
30,44,1198.103328
30,45,1544.175599
30,46,326.6133788
30,47,179.6514796
30,48,25.64223284
30,49,911.9110051
31,0,1783.69659
31,1,1252.778058
31,2,762.9536329
31,3,964.2226525
31,4,1544.86015
31,5,1985.429117
31,6,832.8443761
31,7,551.5282373
31,8,381.8756491
31,9,1358.064989
31,10,456.1077086
31,11,1302.341628
31,12,1775.702921
31,13,732.8327157
31,14,237.4272355
31,15,478.1799652
31,16,1490.234399
31,17,1117.693831
31,18,631.4505677
31,19,1195.337164
31,20,129.7617645
31,21,1609.211272
31,22,639.3790513
31,23,557.2897696
31,24,1526.528457
31,25,1688.951065
31,26,253.268567
31,27,1512.587494
31,28,307.519521
31,29,454.1429311
31,30,1839.622716
31,31,484.2653043
31,32,138.6845725
31,33,190.2875583
31,34,218.4352782
31,35,1132.044961
31,36,1532.918555
31,37,770.637776
31,38,1523.265265
31,39,131.2856555
31,40,509.3295322
31,41,999.2378049
31,42,1869.938331
31,43,1857.047134
31,44,562.9104843
31,45,1973.408131
31,46,1980.700492
31,47,654.5310122
31,48,219.018913
31,49,1961.92946
32,0,1896.730192
32,1,602.4488474
32,2,1368.567493
32,3,778.5195683
32,4,1206.397735
32,5,1986.391714
32,6,955.5611134
32,7,877.0859975
32,8,1752.835709
32,9,1143.718576
32,10,1614.330482
32,11,596.5824553
32,12,1047.139274
32,13,190.2599405
32,14,1080.398005
32,15,1734.382229
32,16,125.9296359
32,17,1778.26286
32,18,1177.414935
32,19,1683.275166
32,20,1909.827205
32,21,1505.584661
32,22,1431.992715
32,23,1675.240868
32,24,1938.944526
32,25,1240.313543
32,26,1859.79307
32,27,490.1235037
32,28,1595.671647
32,29,45.94088687
32,30,118.4802442
32,31,1988.844529
32,32,1899.185128
32,33,735.9647987
32,34,444.83353
32,35,355.9390582
32,36,1755.635852
32,37,1710.005997
32,38,490.0008068
32,39,281.4497318
32,40,1486.324357
32,41,1956.168338
32,42,1700.149859
32,43,1319.838433
32,44,960.0438417
32,45,1709.397686
32,46,1995.156773
32,47,1339.597517
32,48,91.39742256
32,49,569.5743423
33,0,612.8694987
33,1,1560.251194
33,2,1265.677348
33,3,1717.130708
33,4,320.1800069
33,5,1799.866468
33,6,701.8011662
33,7,366.4207104
33,8,604.335608
33,9,421.6823134
33,10,762.068004
33,11,1380.573991
33,12,754.112551
33,13,199.5079796
33,14,762.3046911
33,15,35.02506475
33,16,149.1705727
33,17,1574.767207
33,18,1784.059278
33,19,1280.507035
33,20,1640.299586
33,21,110.3272031
33,22,113.6222967
33,23,1790.699659
33,24,1302.419031
33,25,1503.126773
33,26,1486.739751
33,27,1257.866672
33,28,931.9769393
33,29,680.0344142
33,30,1968.628276
33,31,218.8457989
33,32,1914.534881
33,33,1809.722219
33,34,44.96627779
33,35,1937.012447
33,36,1488.942707
33,37,1533.492823
33,38,1621.748485
33,39,844.7034488
33,40,1158.964072
33,41,455.7616159
33,42,820.3086552
33,43,229.6180371
33,44,658.82176
33,45,1529.45341
33,46,1483.930133
33,47,1893.080967
33,48,1192.299994
33,49,927.5387421
34,0,1490.808423
34,1,960.0998183
34,2,180.4249648
34,3,255.4847171
34,4,1131.30289
34,5,1881.141543
34,6,1211.767988
34,7,1935.711352
34,8,1060.675174
34,9,1270.012195
34,10,1887.568937
34,11,980.3167771
34,12,1239.221161
34,13,561.5135337
34,14,486.0204988
34,15,1306.129311
34,16,1235.175747
34,17,478.5722469
34,18,326.9810101
34,19,556.7349942
34,20,482.2306342
34,21,1246.058958
34,22,1399.386792
34,23,266.1602614
34,24,405.3911125
34,25,689.8567964
34,26,200.4676913
34,27,383.2358858
34,28,1738.755279
34,29,482.6968681
34,30,1884.713461
34,31,1579.48821
34,32,1322.796704
34,33,1439.71086
34,34,1664.762534
34,35,201.6477373
34,36,790.3996481
34,37,1926.870653
34,38,406.6660207
34,39,57.60382083
34,40,691.319477
34,41,721.0276378
34,42,156.3903883
34,43,493.7370364
34,44,112.8175793
34,45,160.6285005
34,46,1164.601015
34,47,548.5806255
34,48,940.1208769
34,49,639.1687757
35,0,1704.882336
35,1,1533.841708
35,2,254.8679702
35,3,919.9576534
35,4,684.3782038
35,5,455.4614166
35,6,1898.920454
35,7,1451.059644
35,8,1693.889346
35,9,1661.273615
35,10,1065.161336
35,11,446.9620685
35,12,463.2087299
35,13,1598.422235
35,14,1221.532041
35,15,1607.66535
35,16,732.2107372
35,17,221.9715508
35,18,1645.69676
35,19,306.0541685
35,20,164.4953242
35,21,195.6403277
35,22,1430.417606
35,23,1638.713395
35,24,1044.847737
35,25,272.1439162
35,26,1473.700103
35,27,1312.307766
35,28,841.6610595
35,29,1942.439002
35,30,1092.818846
35,31,155.4133186
35,32,1723.718035
35,33,502.1612429
35,34,170.7062038
35,35,54.30140201
35,36,595.8871973
35,37,963.0670168
35,38,653.0040766
35,39,1091.741649
35,40,1754.273512
35,41,1937.151771
35,42,1928.396521
35,43,446.6122919
35,44,59.45566202
35,45,642.0624513
35,46,1844.729631
35,47,1834.290687
35,48,1687.153997
35,49,1071.868267
36,0,265.7627829
36,1,297.6444003
36,2,1740.406749
36,3,136.3569592
36,4,967.0933793
36,5,1597.007536
36,6,1120.882743
36,7,1073.058075
36,8,1264.430511
36,9,950.0020128
36,10,1410.697005
36,11,1169.622861
36,12,720.0319386
36,13,993.6016519
36,14,1070.644313
36,15,1570.980108
36,16,1432.456542
36,17,258.6166966
36,18,592.3973283
36,19,1766.650504
36,20,890.5639984
36,21,564.8885408
36,22,313.4209381
36,23,1672.055614
36,24,1070.463709
36,25,439.046743
36,26,955.7430493
36,27,1895.538857
36,28,1205.362118
36,29,512.8939144
36,30,1677.497355
36,31,269.2521976
36,32,1378.152643
36,33,252.7288677
36,34,836.1439863
36,35,1896.346822
36,36,1480.772207
36,37,67.58995509
36,38,312.6735649
36,39,728.8374865
36,40,1126.881546
36,41,455.7828915
36,42,1678.353895
36,43,1822.484178
36,44,1325.848211
36,45,1421.880366
36,46,435.2391627
36,47,716.0418936
36,48,1363.757703
36,49,1351.929846
37,0,308.7244988
37,1,705.8793404
37,2,225.1932096
37,3,668.3960657
37,4,243.3167058
37,5,617.4533385
37,6,1336.575112
37,7,1807.570798
37,8,464.5218475
37,9,751.8390349
37,10,1036.496
37,11,516.6762367
37,12,716.2079896
37,13,250.1433805
37,14,1162.615894
37,15,39.64111506
37,16,1113.72446
37,17,810.7711888
37,18,189.5372842
37,19,1480.870757
37,20,1641.458164
37,21,799.1624828
37,22,1160.447517
37,23,957.5572262
37,24,1486.01942
37,25,1243.950169
37,26,1077.271468
37,27,1967.183682
37,28,796.2490974
37,29,1956.385489
37,30,289.6464086
37,31,639.8206377
37,32,976.6217198
37,33,1107.817783
37,34,1426.040632
37,35,1596.315936
37,36,252.7382098
37,37,1165.20161
37,38,891.9476342
37,39,980.8306125
37,40,841.5286907
37,41,230.4892122
37,42,1747.069962
37,43,1084.088354
37,44,1764.711939
37,45,815.740014
37,46,797.0953206
37,47,665.6365434
37,48,1340.487809
37,49,1820.364833
38,0,723.7558568
38,1,1358.416304
38,2,984.5456979
38,3,895.2218951
38,4,1187.442144
38,5,1116.402449
38,6,1435.034002
38,7,1842.279247
38,8,1041.314911
38,9,76.91576237
38,10,1080.635208
38,11,490.7689315
38,12,175.7180154
38,13,1866.585733
38,14,1480.369653
38,15,855.2065048
38,16,1696.120088
38,17,489.1193756
38,18,695.7666705
38,19,773.8982664
38,20,649.8937525
38,21,822.9167006
38,22,1292.867518
38,23,1675.261456
38,24,275.4740927
38,25,1182.084158
38,26,1098.081935
38,27,1231.782923
38,28,635.7243738
38,29,1569.607565
38,30,1796.217682
38,31,220.6983228
38,32,1392.086652
38,33,584.1734719
38,34,1473.703496
38,35,1971.872692
38,36,1871.388409
38,37,861.3313804
38,38,1461.265078
38,39,261.9696661
38,40,1100.119541
38,41,64.81983515
38,42,2.876178557
38,43,723.3594025
38,44,1071.208464
38,45,833.9481802
38,46,1384.080146
38,47,353.2904032
38,48,1589.549138
38,49,327.9055981
39,0,685.6973044
39,1,546.9017506
39,2,1620.083784
39,3,208.7855399
39,4,157.9627065
39,5,1941.580631
39,6,776.5005118
39,7,1303.011749
39,8,151.2163371
39,9,260.3519595
39,10,1572.178985
39,11,1574.024252
39,12,465.8693473
39,13,1370.375376
39,14,1078.974822
39,15,1435.053972
39,16,751.2625278
39,17,1168.821738
39,18,287.9962244
39,19,1655.678899
39,20,219.9969587
39,21,671.9062531
39,22,545.5051233
39,23,902.0075619
39,24,1890.786271
39,25,612.5688934
39,26,1839.586137
39,27,153.7786245
39,28,1517.046722
39,29,1567.728681
39,30,1450.863001
39,31,1868.820627
39,32,311.2083951
39,33,1561.799945
39,34,820.7113005
39,35,1032.427978
39,36,1274.907755
39,37,1348.968282
39,38,982.3155892
39,39,1578.191162
39,40,1531.569441
39,41,250.4520975
39,42,385.3950164
39,43,1772.565482
39,44,605.7380355
39,45,1055.364293
39,46,362.0038285
39,47,357.0559728
39,48,747.5734422
39,49,1682.332013
40,0,187.6334569
40,1,933.1610119
40,2,1529.924065
40,3,1053.682849
40,4,1678.635094
40,5,1409.891487
40,6,1221.218687
40,7,1008.510382
40,8,1513.26993
40,9,1953.516472
40,10,612.6114505
40,11,422.944915
40,12,884.7859659
40,13,217.8551982
40,14,808.670109
40,15,1764.30816
40,16,1026.280615
40,17,1851.455352
40,18,1249.362735
40,19,1807.245038
40,20,703.7516186
40,21,697.4269534
40,22,1377.347866
40,23,762.2486406
40,24,1366.176721
40,25,1720.060145
40,26,1651.768598
40,27,1443.936596
40,28,1660.606235
40,29,992.7928533
40,30,1263.279649
40,31,1346.811827
40,32,1990.621489
40,33,1319.842934
40,34,1177.427572
40,35,603.0902159
40,36,838.7992633
40,37,810.5868313
40,38,1833.641348
40,39,1875.786582
40,40,1398.525873
40,41,74.35472432
40,42,1323.940522
40,43,1911.619772
40,44,792.3472628
40,45,1565.900527
40,46,1169.7662
40,47,474.4640848
40,48,373.4924145
40,49,1509.81542
41,0,436.6843737
41,1,1907.588868
41,2,258.592398
41,3,780.2791101
41,4,1802.583475
41,5,1194.653161
41,6,512.2397453
41,7,879.0090467
41,8,1760.949873
41,9,1941.71357
41,10,1911.396731
41,11,633.7309408
41,12,1020.275922
41,13,1481.489793
41,14,78.7458741
41,15,1945.042766
41,16,869.2731544
41,17,1055.136119
41,18,20.88752623
41,19,936.4870399
41,20,185.4112403
41,21,880.9963402
41,22,630.2866775
41,23,593.2507715
41,24,1176.276093
41,25,1057.880391
41,26,14.03770163
41,27,285.3509752
41,28,386.3299394
41,29,1012.09724
41,30,1023.339403
41,31,1637.597314
41,32,1541.290984
41,33,1939.81156
41,34,505.8706296
41,35,160.334817
41,36,27.64878556
41,37,1262.259694
41,38,1425.538129
41,39,712.7619156
41,40,280.6454626
41,41,1702.668202
41,42,56.26545662
41,43,488.8652817
41,44,288.967833
41,45,1989.83128
41,46,1272.020725
41,47,1358.830919
41,48,275.1691136
41,49,36.74918392
42,0,68.39972325
42,1,235.1692153
42,2,1342.370681
42,3,1643.256977
42,4,1002.570828
42,5,1227.296051
42,6,474.0856072
42,7,1908.380242
42,8,1842.370397
42,9,911.4222765
42,10,591.7922924
42,11,1723.803407
42,12,204.3631544
42,13,1397.536528
42,14,1640.84091
42,15,361.8691805
42,16,850.810106
42,17,497.3337466
42,18,712.1021123
42,19,594.8487819
42,20,1636.302549
42,21,918.4635277
42,22,1641.152758
42,23,1738.365231
42,24,638.6379722
42,25,1168.594189
42,26,267.4390052
42,27,1414.267052
42,28,1908.537019
42,29,274.3445425
42,30,1634.670118
42,31,1712.440481
42,32,1519.65644
42,33,1717.165472
42,34,1853.575287
42,35,1455.110032
42,36,1136.506583
42,37,776.9000627
42,38,1981.590768
42,39,1922.01671
42,40,1310.896176
42,41,392.7242108
42,42,1370.300741
42,43,231.7852211
42,44,43.27364705
42,45,964.3632196
42,46,1141.718006
42,47,1385.841668
42,48,1398.549184
42,49,588.3149164
43,0,859.6005568
43,1,466.3763709
43,2,320.9922063
43,3,799.804556
43,4,188.4124949
43,5,1765.472176
43,6,1719.77903
43,7,929.9722943
43,8,571.1728504
43,9,1872.143973
43,10,1937.559
43,11,439.9332113
43,12,509.8753323
43,13,813.9476093
43,14,1230.07165
43,15,1096.047976
43,16,494.2896723
43,17,1171.204128
43,18,331.4064832
43,19,1621.559688
43,20,1388.532671
43,21,1613.154616
43,22,1326.599494
43,23,1008.081876
43,24,818.0590226
43,25,926.7570398
43,26,1332.024294
43,27,1883.109672
43,28,15.36783876
43,29,1672.744161
43,30,835.3046551
43,31,862.8277616
43,32,664.0221928
43,33,1557.044338
43,34,1247.461299
43,35,1782.14282
43,36,1669.00041
43,37,210.4474793
43,38,494.6908944
43,39,873.4411342
43,40,1052.468709
43,41,1197.750454
43,42,1672.187086
43,43,118.3668159
43,44,872.4743799
43,45,569.109812
43,46,1015.348629
43,47,409.4142302
43,48,1122.533378
43,49,1148.965207
44,0,1585.065392
44,1,702.7572819
44,2,430.1654668
44,3,65.6474666
44,4,1155.939253
44,5,763.2490668
44,6,102.0900854
44,7,1775.590917
44,8,31.22192009
44,9,661.0583089
44,10,1452.823554
44,11,1927.568973
44,12,1609.411649
44,13,1349.050859
44,14,285.817547
44,15,331.6685254
44,16,1189.327985
44,17,223.09695
44,18,815.0399581
44,19,1464.383149
44,20,552.5313951
44,21,982.1754708
44,22,892.120087
44,23,1156.891054
44,24,1005.834731
44,25,1494.236479
44,26,1280.695895
44,27,793.2524074
44,28,896.7469514
44,29,1536.392165
44,30,734.3723304
44,31,986.9249277
44,32,322.7085009
44,33,1857.676728
44,34,355.612746
44,35,1225.542679
44,36,1130.299007
44,37,1788.520377
44,38,109.9066551
44,39,106.7030355
44,40,1211.934352
44,41,1586.79388
44,42,755.8305556
44,43,1132.542429
44,44,696.9147196
44,45,259.1305181
44,46,33.02983273
44,47,805.9329607
44,48,905.4532119
44,49,1762.431622
45,0,479.328245
45,1,1896.703055
45,2,859.9745719
45,3,810.9939288
45,4,343.9744273
45,5,1321.257863
45,6,1110.085105
45,7,814.6228444
45,8,1260.457837
45,9,1501.592967
45,10,944.2265188
45,11,141.435146
45,12,1965.074556
45,13,387.2056744
45,14,134.9715127
45,15,408.978531
45,16,1491.028693
45,17,972.9617982
45,18,827.5879835
45,19,1585.707547
45,20,1949.390376
45,21,1737.857847
45,22,1060.374494
45,23,1256.442999
45,24,295.0515191
45,25,1623.926685
45,26,513.9007168
45,27,921.5009442
45,28,1417.006957
45,29,146.2790733
45,30,1337.677181
45,31,1453.475794
45,32,1202.642789
45,33,1680.128972
45,34,658.7622826
45,35,479.1413424
45,36,1310.860827
45,37,1677.464322
45,38,1084.684932
45,39,893.6037985
45,40,1366.787795
45,41,86.30676566
45,42,1483.589704
45,43,70.53383679
45,44,1830.367111
45,45,1118.849444
45,46,1702.564663
45,47,499.9586975
45,48,790.882926
45,49,1887.715263
46,0,175.9791159
46,1,189.0828907
46,2,1162.739917
46,3,1748.463993
46,4,388.3051706
46,5,1342.838015
46,6,1246.365874
46,7,1710.526215
46,8,41.6506609
46,9,1174.557225
46,10,1724.904268
46,11,36.90163984
46,12,1448.360586
46,13,102.1966431
46,14,1843.613779
46,15,1328.92745
46,16,1253.837336
46,17,1957.130875
46,18,126.7073232
46,19,375.0925884
46,20,103.8714196
46,21,174.7884086
46,22,1412.321376
46,23,127.8902254
46,24,748.6907413
46,25,358.2312472
46,26,646.8606762
46,27,1721.524821
46,28,234.0819296
46,29,1799.90305
46,30,1091.348766
46,31,1918.208606
46,32,1725.40969
46,33,1736.854658
46,34,163.5360047
46,35,980.0071094
46,36,1664.640471
46,37,385.1168574
46,38,488.8381201
46,39,4.502415985
46,40,785.1758811
46,41,265.7097607
46,42,352.6610726
46,43,432.7236991
46,44,1451.099776
46,45,1523.119628
46,46,265.5858001
46,47,602.0353873
46,48,826.6012881
46,49,326.1610197
47,0,1910.170301
47,1,185.6068596
47,2,989.5942152
47,3,1631.23955
47,4,16.03576378
47,5,1723.06053
47,6,1.711134124
47,7,334.3477691
47,8,1159.153135
47,9,375.6232032
47,10,362.7220184
47,11,862.1010755
47,12,1000.554947
47,13,1263.958269
47,14,990.1689673
47,15,829.5335621
47,16,190.8312503
47,17,1219.998999
47,18,1618.864162
47,19,1569.72217
47,20,1178.833863
47,21,1856.777652
47,22,1166.422142
47,23,1018.757345
47,24,1394.020008
47,25,1097.365457
47,26,551.2915379
47,27,106.2329788
47,28,957.480599
47,29,34.52947663
47,30,22.3680368
47,31,1879.564229
47,32,366.2589036
47,33,694.0756018
47,34,1194.158808
47,35,1753.269815
47,36,561.1144036
47,37,996.5012318
47,38,632.3047317
47,39,1238.109121
47,40,480.0412557
47,41,232.7812938
47,42,1419.561972
47,43,1813.579909
47,44,1458.520435
47,45,1701.316051
47,46,1505.412592
47,47,962.4231934
47,48,699.6255876
47,49,674.2699273
48,0,594.0764465
48,1,429.203585
48,2,946.4013812
48,3,818.9398056
48,4,1802.162049
48,5,528.7690053
48,6,793.0178062
48,7,1774.281677
48,8,310.711899
48,9,1493.432205
48,10,975.3821037
48,11,830.2073109
48,12,302.8447134
48,13,1911.716005
48,14,609.8932437
48,15,1236.917709
48,16,318.4939425
48,17,1484.650666
48,18,1500.86923
48,19,811.7268541
48,20,490.8947677
48,21,882.1060121
48,22,1880.184318
48,23,26.15350716
48,24,101.2828857
48,25,595.9307769
48,26,288.0025871
48,27,1096.517877
48,28,1158.117661
48,29,112.0924925
48,30,609.0165923
48,31,979.4957248
48,32,1894.837135
48,33,224.7507088
48,34,1488.508161
48,35,1238.14669
48,36,745.7934144
48,37,1672.557203
48,38,276.9588599
48,39,1638.864748
48,40,1895.363303
48,41,304.1990525
48,42,994.2777832
48,43,956.8471614
48,44,682.6372173
48,45,333.070446
48,46,1405.83098
48,47,1689.503454
48,48,1702.713191
48,49,835.0847589
49,0,1203.036421
49,1,497.6045057
49,2,723.2470534
49,3,1556.040015
49,4,1008.562963
49,5,940.8957965
49,6,1933.060274
49,7,1903.996078
49,8,1775.89161
49,9,1819.64977
49,10,48.66333215
49,11,1030.198367
49,12,63.45985111
49,13,1638.375126
49,14,975.7890044
49,15,22.04170653
49,16,1410.687589
49,17,977.6348179
49,18,1097.166307
49,19,610.3396904
49,20,1419.47568
49,21,752.6675506
49,22,416.7268221
49,23,1038.816286
49,24,1380.513934
49,25,1473.658642
49,26,991.9944146
49,27,818.0435411
49,28,1424.266169
49,29,360.5352212
49,30,1999.263418
49,31,227.2001611
49,32,366.7664275
49,33,434.5452253
49,34,705.4716294
49,35,1060.096762
49,36,1131.293525
49,37,1253.533366
49,38,587.9891392
49,39,1181.781792
49,40,1141.522606
49,41,420.0400558
49,42,410.3380879
49,43,559.9687954
49,44,1017.239853
49,45,1817.368472
49,46,725.1679084
49,47,1863.814905
49,48,600.7432977
49,49,227.61719
50,0,640.2117242
50,1,533.1570874
50,2,1093.528506
50,3,842.3032174
50,4,501.132206
50,5,65.74957583
50,6,1598.182266
50,7,1363.60351
50,8,447.0245667
50,9,920.9778692
50,10,1651.16217
50,11,1071.07261
50,12,1638.851767
50,13,1860.415402
50,14,1384.582577
50,15,1677.609966
50,16,1921.203806
50,17,92.82341492
50,18,818.6046196
50,19,103.7395673
50,20,1851.84808
50,21,1710.774607
50,22,1518.136003
50,23,1717.489883
50,24,1309.397229
50,25,1133.421491
50,26,1718.113858
50,27,979.0147224
50,28,1236.374119
50,29,1066.788162
50,30,432.4696774
50,31,1212.496721
50,32,1880.358364
50,33,1381.135174
50,34,1461.498502
50,35,1945.432505
50,36,212.6855811
50,37,1153.890487
50,38,714.5854001
50,39,1158.80043
50,40,1813.793158
50,41,1716.380824
50,42,796.2744727
50,43,1697.125333
50,44,684.6944015
50,45,1117.269829
50,46,1768.586224
50,47,649.6516045
50,48,446.4899113
50,49,154.4922965
51,0,1634.790717
51,1,1909.474841
51,2,771.1470182
51,3,1716.021824
51,4,705.2196413
51,5,1551.247277
51,6,1878.953238
51,7,256.8126974
51,8,1275.196276
51,9,629.9132625
51,10,791.6089528
51,11,1911.070488
51,12,1036.541847
51,13,350.5444796
51,14,1613.570439
51,15,818.3875136
51,16,1891.395879
51,17,328.4332392
51,18,37.1739168
51,19,712.6154393
51,20,1828.171796
51,21,1060.064584
51,22,1821.279911
51,23,594.6669685
51,24,1035.412861
51,25,1828.62261
51,26,1968.074147
51,27,1707.818123
51,28,1139.366246
51,29,1948.9248
51,30,80.52417849
51,31,379.4574304
51,32,583.042933
51,33,802.0490434
51,34,810.4264702
51,35,1633.148573
51,36,1264.372801
51,37,1577.204119
51,38,516.4111574
51,39,1674.537765
51,40,1057.413262
51,41,1959.198425
51,42,1915.702162
51,43,150.5600769
51,44,1565.530504
51,45,398.9959592
51,46,1785.916609
51,47,781.9690701
51,48,1387.173767
51,49,1933.504206
52,0,713.583403
52,1,1905.479312
52,2,1657.229236
52,3,1068.289592
52,4,1016.590736
52,5,1634.800252
52,6,1386.458634
52,7,1526.264084
52,8,701.5416735
52,9,1135.766802
52,10,809.2683015
52,11,1515.893131
52,12,304.6087098
52,13,1579.919854
52,14,108.5846277
52,15,1581.956739
52,16,121.336168
52,17,1547.927927
52,18,422.7275158
52,19,1010.062395
52,20,1259.862599
52,21,515.9985777
52,22,1863.895232
52,23,1588.008487
52,24,1077.42335
52,25,1704.48625
52,26,418.8538616
52,27,752.9032814
52,28,348.4836875
52,29,680.9425256
52,30,835.7649755
52,31,266.332012
52,32,1672.916179
52,33,781.8032387
52,34,1616.553157
52,35,1766.706344
52,36,607.1641228
52,37,763.6785214
52,38,288.4232618
52,39,1221.130401
52,40,1427.031307
52,41,1879.708437
52,42,787.3020617
52,43,85.79847744
52,44,911.3494726
52,45,292.9669104
52,46,1537.992322
52,47,757.9936653
52,48,735.3503278
52,49,333.7492337
53,0,370.6431651
53,1,1820.681921
53,2,481.580421
53,3,1859.348213
53,4,735.5040546
53,5,944.2529433
53,6,1227.513717
53,7,28.96043499
53,8,16.94830573
53,9,1327.455765
53,10,1574.726318
53,11,1620.077711
53,12,1569.42027
53,13,211.407221
53,14,1902.037403
53,15,818.5730024
53,16,219.1372243
53,17,1799.542941
53,18,1813.88205
53,19,1210.304985
53,20,1382.281387
53,21,1581.84778
53,22,1920.51991
53,23,1496.840003
53,24,1022.153085
53,25,1310.928064
53,26,552.3874428
53,27,746.6453453
53,28,1220.061674
53,29,1350.902464
53,30,1852.176174
53,31,1639.900515
53,32,929.8997777
53,33,1379.543234
53,34,1136.322489
53,35,1979.03897
53,36,1110.535055
53,37,593.0890119
53,38,1495.039468
53,39,806.4072178
53,40,81.09710461
53,41,523.932043
53,42,1019.675746
53,43,719.1424066
53,44,59.87516791
53,45,1825.098723
53,46,868.5781347
53,47,17.91811087
53,48,492.8020489
53,49,1795.832571
54,0,1543.812821
54,1,725.6902254
54,2,1208.889872
54,3,1428.669732
54,4,969.5814556
54,5,540.7573398
54,6,970.7137442
54,7,1836.268896
54,8,1512.529534
54,9,328.3574624
54,10,181.2632308
54,11,1108.685746
54,12,1826.449715
54,13,371.1101105
54,14,615.7105461
54,15,1923.537345
54,16,556.0488779
54,17,1901.828447
54,18,1913.958865
54,19,565.3344938
54,20,1436.336001
54,21,1157.583769
54,22,1371.938152
54,23,1173.796408
54,24,1560.546514
54,25,1592.506353
54,26,8.958746593
54,27,1694.16389
54,28,283.083492
54,29,1615.259925
54,30,1498.714496
54,31,504.1277037
54,32,963.4037793
54,33,1282.830466
54,34,392.4592071
54,35,1718.977741
54,36,1236.586878
54,37,1085.735032
54,38,635.2983223
54,39,1541.670439
54,40,1151.163021
54,41,1362.724274
54,42,1837.9239
54,43,951.6183255
54,44,569.2896753
54,45,876.2091656
54,46,339.0739792
54,47,162.7633486
54,48,1185.456412
54,49,833.228098
55,0,1739.935743
55,1,64.10266933
55,2,1153.148494
55,3,1124.379274
55,4,443.3380337
55,5,572.8945255
55,6,554.3457565
55,7,771.7229346
55,8,1753.008863
55,9,690.008821
55,10,260.8479117
55,11,354.8830594
55,12,708.0524849
55,13,1947.316916
55,14,1729.84955
55,15,558.4680733
55,16,750.4315835
55,17,1423.595716
55,18,320.396764
55,19,344.1433
55,20,250.057915
55,21,467.4054638
55,22,1774.776685
55,23,1208.199065
55,24,1856.479352
55,25,972.7699562
55,26,44.33733296
55,27,486.6656156
55,28,792.2986651
55,29,30.20626061
55,30,791.5954784
55,31,1231.923056
55,32,1444.691511
55,33,644.2541544
55,34,468.9423836
55,35,1157.934922
55,36,1061.62313
55,37,547.7985722
55,38,450.581113
55,39,11.39177106
55,40,111.1008905
55,41,1046.815091
55,42,1917.728481
55,43,1989.748142
55,44,1309.695468
55,45,1400.385856
55,46,1183.575332
55,47,283.4717874
55,48,1220.1129
55,49,1417.22462
56,0,263.9930818
56,1,269.4950961
56,2,1035.300109
56,3,911.3030802
56,4,1718.094577
56,5,1062.940638
56,6,626.8299519
56,7,287.2387491
56,8,10.23979508
56,9,257.298976
56,10,995.3264451
56,11,787.1054836
56,12,681.9954201
56,13,1768.910195
56,14,824.7597209
56,15,132.648592
56,16,1612.143703
56,17,1475.926674
56,18,884.9577601
56,19,692.6363551
56,20,1662.141639
56,21,934.6382007
56,22,1034.859667
56,23,130.535093
56,24,996.0809459
56,25,1720.257953
56,26,1591.430275
56,27,812.2296819
56,28,1441.053927
56,29,1553.741772
56,30,1370.105349
56,31,120.8735713
56,32,111.6769097
56,33,506.266599
56,34,1827.006606
56,35,1977.646842
56,36,1513.629981
56,37,330.313371
56,38,1480.810713
56,39,537.1215835
56,40,133.0999866
56,41,1766.525247
56,42,1984.13665
56,43,1158.266574
56,44,415.5563673
56,45,1862.963336
56,46,1820.167543
56,47,1720.487159
56,48,666.4379439
56,49,680.8446111
57,0,67.61997518
57,1,1711.901925
57,2,1985.35055
57,3,125.7797798
57,4,374.7470619
57,5,763.5130739
57,6,607.1104532
57,7,1102.219248
57,8,1766.420656
57,9,1484.710108
57,10,83.33533442
57,11,1460.760165
57,12,887.6606971
57,13,260.8002069
57,14,1667.162796
57,15,1073.098313
57,16,867.1732097
57,17,1448.155924
57,18,672.4985039
57,19,426.0850607
57,20,170.8100682
57,21,1702.560481
57,22,794.6010079
57,23,1697.95712
57,24,1494.075832
57,25,468.3756019
57,26,565.281701
57,27,1905.985557
57,28,125.0384908
57,29,149.3226139
57,30,497.2743225
57,31,521.2817757
57,32,1879.197064
57,33,1985.127664
57,34,188.8191809
57,35,250.6879579
57,36,243.3786696
57,37,1160.540163
57,38,1394.798324
57,39,1926.523171
57,40,239.4546168
57,41,55.18384485
57,42,617.1180636
57,43,1545.493198
57,44,1266.004845
57,45,1288.382413
57,46,329.7198804
57,47,146.77073
57,48,63.91774855
57,49,450.0948492
58,0,1832.056102
58,1,207.1376642
58,2,188.5334174
58,3,1669.776654
58,4,1542.540816
58,5,341.0657463
58,6,1420.970227
58,7,189.6690971
58,8,163.9443707
58,9,1373.664395
58,10,807.577183
58,11,1087.274666
58,12,1617.786725
58,13,166.861879
58,14,120.6600818
58,15,95.7021639
58,16,698.4887152
58,17,491.2071541
58,18,607.134279
58,19,524.8416064
58,20,1722.866145
58,21,1924.330796
58,22,1538.950961
58,23,730.3405784
58,24,1436.069543
58,25,950.3056463
58,26,98.12627835
58,27,95.95296743
58,28,982.0414231
58,29,1461.385785
58,30,1172.138185
58,31,1699.43932
58,32,227.1953752
58,33,411.911442
58,34,898.9076886
58,35,1211.434562
58,36,1893.247743
58,37,1622.813096
58,38,678.7385347
58,39,966.5873158
58,40,64.93553368
58,41,1692.849793
58,42,199.3044339
58,43,1719.901416
58,44,420.3267582
58,45,951.9496173
58,46,501.4072307
58,47,1186.631268
58,48,969.0912019
58,49,1535.454579
59,0,1613.812717
59,1,715.5506876
59,2,338.4649705
59,3,597.6740582
59,4,1264.773785
59,5,1757.075835
59,6,1584.709837
59,7,1184.626271
59,8,934.6060957
59,9,425.0112322
59,10,227.1698519
59,11,718.8207066
59,12,1853.655822
59,13,1144.676183
59,14,1189.694179
59,15,1558.616547
59,16,4.044655378
59,17,853.9915592
59,18,163.3823682
59,19,1587.326379
59,20,747.8326384
59,21,537.2405759
59,22,902.4694847
59,23,405.0600154
59,24,255.1364981
59,25,1832.587743
59,26,284.7159817
59,27,1222.845248
59,28,656.0497419
59,29,1079.859174
59,30,1940.688995
59,31,1125.277721
59,32,1865.523728
59,33,1909.117917
59,34,571.1081277
59,35,256.6609124
59,36,1798.641049
59,37,722.3497937
59,38,1465.745981
59,39,812.7810752
59,40,13.27926208
59,41,658.752581
59,42,98.87904086
59,43,359.1433714
59,44,1731.079723
59,45,348.4521324
59,46,1800.704401
59,47,613.3230272
59,48,811.2427024
59,49,837.790305
60,0,135.3087667
60,1,816.9101914
60,2,1778.951619
60,3,888.4955297
60,4,493.8615824
60,5,530.6881596
60,6,1801.981631
60,7,990.3749342
60,8,937.0663636
60,9,1665.707119
60,10,923.3634378
60,11,10.06517393
60,12,871.4820517
60,13,227.8411181
60,14,1324.500101
60,15,497.6720036
60,16,787.3108998
60,17,944.8328968
60,18,1888.198919
60,19,880.9352781
60,20,1586.270519
60,21,480.1323631
60,22,497.948837
60,23,114.9547939
60,24,1030.348364
60,25,741.3067068
60,26,1849.955288
60,27,1233.249538
60,28,43.07453607
60,29,15.67686443
60,30,1255.573677
60,31,1902.433452
60,32,1368.71017
60,33,1657.905082
60,34,294.6325062
60,35,1575.674836
60,36,1590.866535
60,37,1709.540583
60,38,1932.204623
60,39,314.1633251
60,40,267.0787589
60,41,1851.267244
60,42,39.34651233
60,43,615.7377173
60,44,715.885201
60,45,421.2394774
60,46,951.52844
60,47,1716.946401
60,48,1799.921371
60,49,769.8807651
61,0,104.14787
61,1,614.6448878
61,2,1822.201586
61,3,811.0898365
61,4,520.4719089
61,5,82.23807464
61,6,1183.757968
61,7,323.3075674
61,8,1215.794068
61,9,1951.248624
61,10,382.4035211
61,11,1127.192812
61,12,1999.345209
61,13,792.7493789
61,14,1122.563064
61,15,197.8218289
61,16,1090.570862
61,17,1720.323318
61,18,273.2263402
61,19,1385.515657
61,20,1746.982875
61,21,143.8400509
61,22,852.0298715
61,23,1289.856863
61,24,66.63902523
61,25,898.4261753
61,26,1050.728496
61,27,723.6874328
61,28,1862.843824
61,29,1018.428265
61,30,1485.882657
61,31,1091.614546
61,32,1331.555283
61,33,1879.103521
61,34,1158.98674
61,35,597.8749226
61,36,1167.307196
61,37,776.0913022
61,38,123.1337318
61,39,1572.448487
61,40,1796.075038
61,41,507.101458
61,42,400.764201
61,43,1937.253192
61,44,775.3651714
61,45,885.7660078
61,46,1154.572326
61,47,1062.149227
61,48,353.6853541
61,49,198.8255351
62,0,1032.296496
62,1,1060.282633
62,2,787.4644334
62,3,529.1278243
62,4,413.5472005
62,5,58.84797714
62,6,33.01568493
62,7,1665.273933
62,8,937.6054356
62,9,1345.781573
62,10,1886.570477
62,11,668.438157
62,12,1695.786557
62,13,178.2770541
62,14,1519.917037
62,15,1391.031856
62,16,588.3015482
62,17,1492.697389
62,18,1320.479096
62,19,595.4479204
62,20,1342.879044
62,21,555.9628274
62,22,1219.822133
62,23,1056.04733
62,24,555.0342996
62,25,1854.92755
62,26,1272.176779
62,27,1461.179081
62,28,548.14135
62,29,1852.062201
62,30,860.7767703
62,31,1217.83593
62,32,1297.302263
62,33,1645.268369
62,34,1850.4799
62,35,642.8756725
62,36,177.27862
62,37,113.308872
62,38,1339.241353
62,39,612.6893793
62,40,649.6992002
62,41,1578.966473
62,42,1692.461277
62,43,342.4686168
62,44,486.8803515
62,45,1820.172813
62,46,619.8706668
62,47,19.87545684
62,48,277.8944217
62,49,1235.884633
63,0,92.39791524
63,1,284.746254
63,2,1724.314748
63,3,1975.422051
63,4,717.1908745
63,5,662.3160534
63,6,1892.95041
63,7,533.4185377
63,8,931.2007629
63,9,1036.590338
63,10,1113.176076
63,11,1697.674232
63,12,975.87409
63,13,1149.479149
63,14,1193.425646
63,15,948.229378
63,16,1693.273332
63,17,1242.307748
63,18,1940.785849
63,19,364.3482861
63,20,1973.01581
63,21,1225.418948
63,22,1154.280235
63,23,1501.182028
63,24,1356.591248
63,25,568.0745232
63,26,1977.956836
63,27,784.0354594
63,28,1818.116871
63,29,1544.421368
63,30,541.3689198
63,31,451.2952325
63,32,433.332377
63,33,868.469846
63,34,389.2293845
63,35,691.4512791
63,36,385.1492009
63,37,1860.965165
63,38,941.3566918
63,39,188.1238325
63,40,115.3082551
63,41,1182.341423
63,42,1323.66723
63,43,972.7949738
63,44,937.237842
63,45,1959.504365
63,46,1901.065451
63,47,425.7142491
63,48,1641.523293
63,49,674.428651
64,0,1634.87153
64,1,345.0043697
64,2,994.7268972
64,3,1885.736288
64,4,1824.706313
64,5,1001.719862
64,6,410.5023407
64,7,763.7008571
64,8,1521.469596
64,9,1898.039326
64,10,222.4610774
64,11,953.4858091
64,12,143.5443011
64,13,1903.824182
64,14,853.710266
64,15,462.7322443
64,16,345.8211312
64,17,1211.733544
64,18,440.7273188
64,19,1150.424295
64,20,415.6566834
64,21,374.5884752
64,22,1830.010216
64,23,1152.882401
64,24,1921.912383
64,25,595.0233366
64,26,518.6074935
64,27,1930.178683
64,28,481.6796672
64,29,894.5057591
64,30,12.88207073
64,31,1056.002913
64,32,968.1621413
64,33,594.2086772
64,34,664.8553653
64,35,1436.412215
64,36,1092.809414
64,37,1910.480415
64,38,726.8629316
64,39,1328.957906
64,40,1510.815534
64,41,1164.772062
64,42,937.3787414
64,43,1410.563671
64,44,1298.643629
64,45,1279.800784
64,46,1576.473021
64,47,1473.173454
64,48,181.3098039
64,49,209.7059887
65,0,789.6669728
65,1,26.99746024
65,2,1418.767051
65,3,1088.887505
65,4,1393.356327
65,5,1533.405277
65,6,354.6145944
65,7,739.2543838
65,8,1801.766154
65,9,1792.109414
65,10,731.5099859
65,11,640.1351199
65,12,1127.590277
65,13,1455.070236
65,14,1585.895574
65,15,460.3419004
65,16,188.0681375
65,17,205.0808222
65,18,445.0513141
65,19,203.420059
65,20,204.6886414
65,21,1360.082059
65,22,1070.162087
65,23,1843.675676
65,24,1406.295597
65,25,966.2105809
65,26,742.8748739
65,27,1601.720666
65,28,1490.179166
65,29,1788.505914
65,30,955.3126879
65,31,1052.050741
65,32,1990.419296
65,33,414.7707344
65,34,1962.066716
65,35,374.4630737
65,36,917.1672383
65,37,1263.811765
65,38,1698.685294
65,39,270.9610422
65,40,161.0901237
65,41,696.4684413
65,42,754.5650016
65,43,76.2309679
65,44,331.4877098
65,45,1326.88935
65,46,702.3570582
65,47,6.780456332
65,48,518.8876813
65,49,1826.414725
66,0,258.1514126
66,1,1134.943294
66,2,1755.295775
66,3,1236.765508
66,4,577.269185
66,5,63.94148311
66,6,1037.397346
66,7,1712.958819
66,8,1095.41551
66,9,227.7498022
66,10,318.5196417
66,11,1350.725202
66,12,1195.189866
66,13,1663.682636
66,14,194.5937891
66,15,934.6253773
66,16,973.8970591
66,17,450.2511913
66,18,47.76489633
66,19,1854.713773
66,20,1460.483988
66,21,165.4225754
66,22,884.8262097
66,23,1271.423786
66,24,496.4602594
66,25,1165.236602
66,26,1136.577621
66,27,476.137098
66,28,1450.141625
66,29,1271.474971
66,30,535.0571566
66,31,526.072272
66,32,1279.689879
66,33,761.9725086
66,34,305.9534452
66,35,346.2900992
66,36,375.2697184
66,37,14.43541871
66,38,1550.080118
66,39,1237.789804
66,40,1588.904253
66,41,1005.03461
66,42,760.5384531
66,43,776.0533957
66,44,1733.262234
66,45,1263.572201
66,46,1826.737074
66,47,220.6795175
66,48,1609.073834
66,49,1700.653203
67,0,485.3016553
67,1,1823.852664
67,2,1152.948323
67,3,1062.133605
67,4,1905.637852
67,5,1863.849937
67,6,1529.275982
67,7,1464.87368
67,8,1195.079803
67,9,878.715858
67,10,1386.222405
67,11,595.3256616
67,12,967.7390824
67,13,1953.750993
67,14,472.5785509
67,15,730.1252382
67,16,976.554608
67,17,282.5188266
67,18,1177.184304
67,19,1398.435019
67,20,1832.037326
67,21,75.14684699
67,22,1804.706447
67,23,1348.425953
67,24,167.9763818
67,25,887.5456097
67,26,1375.008173
67,27,1765.829292
67,28,1031.077296
67,29,316.5017643
67,30,705.9139334
67,31,1119.209916
67,32,528.6411026
67,33,1721.572675
67,34,161.5828136
67,35,1884.439527
67,36,1621.131917
67,37,721.7008203
67,38,132.4085158
67,39,1877.569746
67,40,821.5293986
67,41,697.3784476
67,42,842.4283434
67,43,310.1874961
67,44,875.7558672
67,45,279.2888109
67,46,1563.292936
67,47,1554.331374
67,48,1681.037445
67,49,73.57896432
68,0,1106.702252
68,1,1260.936226
68,2,421.4787855
68,3,1332.898704
68,4,590.275547
68,5,108.6069677
68,6,889.887031
68,7,664.0662143
68,8,1479.442605
68,9,256.3649117
68,10,338.3557795
68,11,1082.689119
68,12,1821.915574
68,13,444.8511331
68,14,1104.077287
68,15,80.02899012
68,16,681.1792281
68,17,1681.38715
68,18,56.02285717
68,19,323.3937368
68,20,211.458927
68,21,1937.098022
68,22,1261.726446
68,23,978.1836235
68,24,840.3984318
68,25,553.4679369
68,26,536.0033413
68,27,1425.125866
68,28,246.7301229
68,29,459.555072
68,30,856.623252
68,31,1300.048127
68,32,653.2381424
68,33,1002.464987
68,34,1820.746126
68,35,1198.419332
68,36,1617.987977
68,37,77.42884744
68,38,58.70237708
68,39,1899.976068
68,40,728.4192387
68,41,336.9000198
68,42,1312.661266
68,43,1929.945422
68,44,1822.076012
68,45,1251.007365
68,46,342.2378404
68,47,1608.666894
68,48,1159.425688
68,49,1354.760176
69,0,1057.376374
69,1,1979.11848
69,2,521.5549301
69,3,1384.019359
69,4,1076.061383
69,5,597.9739058
69,6,260.216908
69,7,588.0157847
69,8,1842.724121
69,9,1305.30179
69,10,1505.567888
69,11,1103.020629
69,12,1470.686021
69,13,1021.12395
69,14,1823.432948
69,15,712.6372387
69,16,1148.327605
69,17,344.2028513
69,18,1857.719854
69,19,171.144527
69,20,705.73623
69,21,1170.444933
69,22,1037.527246
69,23,634.4501786
69,24,1931.988723
69,25,1482.033566
69,26,1413.02163
69,27,168.0021515
69,28,1070.851156
69,29,608.6684015
69,30,103.1887713
69,31,346.8280734
69,32,1834.388681
69,33,620.3733818
69,34,1978.988514
69,35,1477.897846
69,36,1813.984003
69,37,853.4333277
69,38,1862.447753
69,39,1295.303277
69,40,1272.966128
69,41,1587.444902
69,42,6.382195277
69,43,1598.17732
69,44,1798.484394
69,45,794.4133369
69,46,1872.808446
69,47,1085.950342
69,48,1134.262509
69,49,1146.868284
70,0,908.2692501
70,1,1430.237947
70,2,430.0763184
70,3,1166.642654
70,4,1243.225006
70,5,582.1240608
70,6,556.034188
70,7,800.0417371
70,8,80.71995078
70,9,1756.986435
70,10,579.4640406
70,11,1620.43961
70,12,1455.600085
70,13,1939.057257
70,14,1022.33523
70,15,1666.519617
70,16,1770.507914
70,17,1331.025239
70,18,255.9624674
70,19,1112.398825
70,20,845.841696
70,21,503.2461206
70,22,1222.652295
70,23,1345.410511
70,24,815.3518454
70,25,1701.696512
70,26,797.2506395
70,27,1176.211935
70,28,152.2809182
70,29,256.1138759
70,30,1174.170362
70,31,547.2203277
70,32,512.7397879
70,33,1540.851682
70,34,1083.266157
70,35,1845.411139
70,36,1144.105389
70,37,1677.666526
70,38,65.10141057
70,39,1561.711565
70,40,1472.692025
70,41,1402.452131
70,42,1773.710087
70,43,698.0173383
70,44,572.7184064
70,45,988.2555814
70,46,1328.704391
70,47,907.0768134
70,48,936.9427953
70,49,615.1799925
71,0,1913.253512
71,1,1214.133095
71,2,224.8922126
71,3,886.5085365
71,4,1234.622533
71,5,235.7670561
71,6,1742.678478
71,7,475.9810029
71,8,122.4140361
71,9,1406.314403
71,10,1776.308747
71,11,1292.120887
71,12,1426.985727
71,13,735.3162743
71,14,1473.650129
71,15,1267.055121
71,16,1779.419134
71,17,671.3914412
71,18,334.9241363
71,19,890.3520489
71,20,181.8634071
71,21,71.66314961
71,22,1110.379434
71,23,769.6268943
71,24,834.3413218
71,25,257.6298849
71,26,1982.319875
71,27,1783.784834
71,28,5.969925025
71,29,1924.775947
71,30,500.4663204
71,31,830.451885
71,32,967.9410753
71,33,960.8534062
71,34,812.3207256
71,35,793.2865315
71,36,1471.450343
71,37,107.2026345
71,38,487.4554601
71,39,1499.693863
71,40,578.0120455
71,41,997.8705424
71,42,1566.806732
71,43,501.5622221
71,44,1170.839936
71,45,1016.027853
71,46,1322.676869
71,47,1713.765835
71,48,306.6152455
71,49,819.127796
72,0,931.5844733
72,1,1909.289083
72,2,1487.084571
72,3,1050.012499
72,4,1942.444235
72,5,1373.151794
72,6,881.9398477
72,7,1609.822316
72,8,1762.921477
72,9,1086.112989
72,10,1018.181595
72,11,1827.540559
72,12,144.9563219
72,13,143.1498129
72,14,1471.502138
72,15,1494.018658
72,16,554.9221058
72,17,517.9177465
72,18,785.1478211
72,19,333.1833186
72,20,1136.110991
72,21,464.3823909
72,22,1212.900882
72,23,352.1092118
72,24,601.4843332
72,25,939.2973779
72,26,1646.69788
72,27,1796.116657
72,28,1762.531412
72,29,558.1710032
72,30,410.104884
72,31,846.0676103
72,32,103.7004795
72,33,132.247036
72,34,96.17858234
72,35,1170.473757
72,36,1561.624393
72,37,108.8471444
72,38,1529.835289
72,39,1417.687657
72,40,1707.671014
72,41,1423.326627
72,42,1266.589567
72,43,1727.731487
72,44,1828.712357
72,45,1793.483578
72,46,1337.937774
72,47,1037.740474
72,48,1173.177662
72,49,1037.678563
73,0,1100.200652
73,1,1619.240727
73,2,725.7298402
73,3,973.4465675
73,4,1850.249772
73,5,332.843679
73,6,225.9951525
73,7,310.5335953
73,8,483.0206495
73,9,1819.205843
73,10,1331.382696
73,11,33.55994695
73,12,1092.215324
73,13,1854.077303
73,14,557.2536313
73,15,399.0392733
73,16,1600.016846
73,17,508.0330341
73,18,1984.646992
73,19,417.38797
73,20,1209.320372
73,21,136.0687586
73,22,1120.156047
73,23,469.9248251
73,24,1563.745381
73,25,750.3074686
73,26,687.293225
73,27,920.8034744
73,28,1540.198583
73,29,1233.082788
73,30,1253.673294
73,31,153.7502955
73,32,1038.478123
73,33,382.8291114
73,34,425.5763294
73,35,1002.767788
73,36,1857.195334
73,37,494.9041527
73,38,429.0382049
73,39,1788.330214
73,40,1409.777502
73,41,1794.642861
73,42,1010.68061
73,43,1754.889257
73,44,1795.42322
73,45,933.4844247
73,46,242.0321547
73,47,289.9430321
73,48,198.8077721
73,49,429.6642977
74,0,59.03652085
74,1,280.7014278
74,2,1408.310926
74,3,1266.755439
74,4,1808.109624
74,5,359.6677055
74,6,839.2489201
74,7,70.74615431
74,8,1111.254158
74,9,1227.969293
74,10,387.7190272
74,11,1544.006227
74,12,781.2225423
74,13,1210.056461
74,14,1714.837561
74,15,1352.460369
74,16,671.604146
74,17,181.6477899
74,18,1032.735106
74,19,170.4136716
74,20,468.896663
74,21,1437.202159
74,22,873.8515074
74,23,1875.596038
74,24,1764.152674
74,25,360.6742454
74,26,891.9526002
74,27,1906.728165
74,28,202.7357934
74,29,1586.775432
74,30,931.7905731
74,31,911.8439113
74,32,1971.672949
74,33,1577.461896
74,34,736.2336797
74,35,1326.873198
74,36,1322.970817
74,37,306.7775258
74,38,788.8696325
74,39,531.9357773
74,40,1431.563222
74,41,14.08061159
74,42,718.2142954
74,43,1221.601508
74,44,353.0167395
74,45,795.4318273
74,46,115.9505828
74,47,253.174888
74,48,170.6721719
74,49,731.8620233
75,0,241.7890544
75,1,577.7658247
75,2,1269.749186
75,3,1895.33434
75,4,1403.915042
75,5,1090.742199
75,6,909.9478878
75,7,463.6206966
75,8,1104.705038
75,9,124.9788773
75,10,1312.011307
75,11,868.9859362
75,12,1276.4246
75,13,1453.387665
75,14,178.9915086
75,15,806.893179
75,16,1090.523404
75,17,1393.753116
75,18,290.1390221
75,19,84.8103023
75,20,1838.353786
75,21,528.9616707
75,22,1177.258255
75,23,661.7896112
75,24,1168.80233
75,25,1508.15844
75,26,1653.528961
75,27,332.8906336
75,28,1655.920049
75,29,1020.218917
75,30,135.8996869
75,31,1369.560492
75,32,1420.74206
75,33,1908.309343
75,34,1752.815645
75,35,1346.182508
75,36,1502.637664
75,37,1354.500914
75,38,1030.957053
75,39,1398.69392
75,40,297.0450162
75,41,834.6105932
75,42,979.9096269
75,43,426.2823749
75,44,699.6619112
75,45,216.3778652
75,46,1087.245758
75,47,1427.892278
75,48,545.9483472
75,49,45.64743739
76,0,456.9863986
76,1,450.2256364
76,2,376.0245832
76,3,1443.819973
76,4,1609.17494
76,5,1469.374307
76,6,1745.96285
76,7,1251.93289
76,8,1325.597666
76,9,1421.392956
76,10,109.3671529
76,11,110.8601037
76,12,1260.17363
76,13,1419.862157
76,14,1382.932899
76,15,148.4707279
76,16,857.0676824
76,17,955.8928979
76,18,117.946609
76,19,1943.979461
76,20,1367.626784
76,21,886.0656447
76,22,1603.010829
76,23,224.8129899
76,24,1174.893832
76,25,802.1264512
76,26,31.3332378
76,27,1784.619781
76,28,1460.19334
76,29,677.4918581
76,30,109.1921803
76,31,1976.732657
76,32,92.18451045
76,33,873.027484
76,34,1538.868114
76,35,1163.576391
76,36,834.3897752
76,37,81.50420105
76,38,231.0938208
76,39,198.3318823
76,40,23.12978709
76,41,1260.083715
76,42,1457.504761
76,43,1920.390094
76,44,1574.564248
76,45,246.2667807
76,46,589.9463771
76,47,1857.301857
76,48,756.5219546
76,49,1179.990181
77,0,241.8021037
77,1,862.6420728
77,2,1083.264019
77,3,326.8616482
77,4,1491.602976
77,5,1115.725337
77,6,694.4161909
77,7,1427.141183
77,8,174.0557757
77,9,416.4628857
77,10,1610.772784
77,11,1355.839141
77,12,823.8235355
77,13,380.7718328
77,14,1116.213716
77,15,1950.619058
77,16,1449.006754
77,17,1772.925836
77,18,1125.48879
77,19,1844.910747
77,20,1874.428766
77,21,1624.098161
77,22,1171.720928
77,23,1342.400707
77,24,158.9125037
77,25,403.6637986
77,26,1634.770753
77,27,1586.399061
77,28,817.7538697
77,29,1962.147949
77,30,1606.076166
77,31,241.6846759
77,32,1316.598876
77,33,1443.445153
77,34,1421.518207
77,35,1425.314618
77,36,1488.467571
77,37,634.8504631
77,38,900.0778626
77,39,447.0937803
77,40,1114.746031
77,41,1108.947006
77,42,840.3967837
77,43,699.9911322
77,44,786.3782664
77,45,1239.296345
77,46,619.8578829
77,47,1096.565238
77,48,1383.724658
77,49,975.6241309
78,0,1267.743092
78,1,1581.38534
78,2,1399.245537
78,3,920.1844189
78,4,271.2813348
78,5,520.759689
78,6,371.4544176
78,7,1985.345303
78,8,732.1546836
78,9,757.3425429
78,10,561.685512
78,11,398.5271846
78,12,593.0478098
78,13,251.2832482
78,14,1977.131195
78,15,363.8843676
78,16,675.0820879
78,17,955.38558
78,18,1967.801037
78,19,1483.271096
78,20,1289.274607
78,21,1525.616943
78,22,1124.469925
78,23,1477.105099
78,24,1813.647836
78,25,1809.660758
78,26,1500.124923
78,27,320.6445398
78,28,1085.053293
78,29,974.3342238
78,30,1714.5796
78,31,1779.229076
78,32,1705.794849
78,33,92.68046466
78,34,1218.452774
78,35,1702.2153
78,36,262.7252567
78,37,1338.829192
78,38,826.1155689
78,39,975.6993087
78,40,1743.446262
78,41,381.4700905
78,42,1644.953312
78,43,1828.092109
78,44,1777.356816
78,45,302.1502049
78,46,554.9712778
78,47,1621.791459
78,48,904.6485264
78,49,1306.491176
79,0,13.43513232
79,1,168.28956
79,2,1188.502069
79,3,264.5625133
79,4,1604.67401
79,5,271.4221436
79,6,1166.623866
79,7,241.4139152
79,8,1866.274898
79,9,1588.978202
79,10,1300.935052
79,11,1446.858001
79,12,1750.366248
79,13,389.9134655
79,14,1855.799761
79,15,245.6256858
79,16,1658.732929
79,17,1447.372953
79,18,766.9216597
79,19,694.9368272
79,20,1482.271125
79,21,1191.867342
79,22,1729.776203
79,23,1031.746682
79,24,1474.101401
79,25,1187.24132
79,26,336.4672897
79,27,641.191045
79,28,1492.506303
79,29,384.8917991
79,30,1295.548863
79,31,1734.211194
79,32,1301.019654
79,33,748.9195768
79,34,360.2873435
79,35,194.2970989
79,36,1250.142363
79,37,60.62531475
79,38,1297.547977
79,39,1071.777943
79,40,1199.741759
79,41,932.4614283
79,42,215.5389982
79,43,1869.961476
79,44,1034.399859
79,45,1370.632481
79,46,1667.205587
79,47,1881.03416
79,48,1365.094919
79,49,1149.26182
80,0,886.1497745
80,1,422.3730468
80,2,1566.025059
80,3,906.708853
80,4,1846.612852
80,5,618.9849927
80,6,1854.808797
80,7,553.3253658
80,8,543.0483372
80,9,1325.569616
80,10,1634.619211
80,11,619.111959
80,12,1765.79282
80,13,762.2205236
80,14,1880.424181
80,15,1225.087775
80,16,1169.286796
80,17,799.7322189
80,18,989.4295246
80,19,1364.355557
80,20,309.5281323
80,21,1735.336109
80,22,1175.948081
80,23,233.6418211
80,24,941.9073724
80,25,1303.486981
80,26,806.5207855
80,27,1554.68496
80,28,1726.852095
80,29,1527.632017
80,30,685.9744664
80,31,628.2206627
80,32,1633.303721
80,33,1825.729412
80,34,1005.91898
80,35,1617.613382
80,36,218.0375545
80,37,1472.851529
80,38,1893.358112
80,39,903.2514967
80,40,1683.622962
80,41,880.300715
80,42,651.3377572
80,43,1072.631369
80,44,1988.966254
80,45,883.4709728
80,46,636.635051
80,47,1741.912614
80,48,515.4398746
80,49,1056.162596
81,0,735.5841517
81,1,385.4128483
81,2,1141.491809
81,3,1645.075742
81,4,398.1125081
81,5,1519.491326
81,6,900.543361
81,7,584.9904902
81,8,196.4430372
81,9,385.9498655
81,10,864.0153905
81,11,802.968763
81,12,530.5299905
81,13,655.1374455
81,14,852.534022
81,15,986.2109391
81,16,688.051221
81,17,1561.960715
81,18,819.0363942
81,19,1533.845959
81,20,1320.055098
81,21,1099.330894
81,22,478.7094597
81,23,837.065489
81,24,1080.433254
81,25,1771.139295
81,26,624.8067792
81,27,853.9540287
81,28,1993.356731
81,29,1257.372864
81,30,584.6660199
81,31,114.3788077
81,32,1727.746298
81,33,1949.510461
81,34,1577.088356
81,35,355.4028899
81,36,1723.019031
81,37,1570.254443
81,38,1696.187084
81,39,546.1515431
81,40,440.2693289
81,41,921.9064422
81,42,1178.968552
81,43,1317.952555
81,44,672.3145677
81,45,82.21269292
81,46,4.677155753
81,47,1632.004759
81,48,399.0883947
81,49,536.973082
82,0,439.1554686
82,1,845.8081436
82,2,1047.713206
82,3,1546.808982
82,4,101.5222039
82,5,504.4222524
82,6,1580.823733
82,7,1507.694324
82,8,687.9226209
82,9,1278.032953
82,10,999.8767317
82,11,838.2485534
82,12,1884.092939
82,13,65.8271285
82,14,1533.139068
82,15,598.0060908
82,16,1485.483257
82,17,49.10040775
82,18,62.14049459
82,19,170.7333564
82,20,640.1472126
82,21,1421.948695
82,22,14.69017415
82,23,1601.796341
82,24,1683.602411
82,25,938.7035415
82,26,1317.938966
82,27,90.47889377
82,28,1091.852884
82,29,1293.464886
82,30,1116.827348
82,31,500.7131193
82,32,1123.194912
82,33,1478.793761
82,34,1971.24913
82,35,967.3508907
82,36,1073.436198
82,37,1835.319171
82,38,1081.429312
82,39,1969.099536
82,40,641.1689618
82,41,1092.155336
82,42,1520.427232
82,43,1444.54611
82,44,729.8560749
82,45,1240.204833
82,46,1841.185385
82,47,1301.871246
82,48,1317.538774
82,49,1235.675731
83,0,584.8568768
83,1,656.5658345
83,2,1608.5049
83,3,1991.058449
83,4,307.0201992
83,5,872.4685024
83,6,1517.981468
83,7,383.476485
83,8,1467.65121
83,9,1831.917238
83,10,758.7991016
83,11,352.063695
83,12,277.7808057
83,13,818.999878
83,14,770.1206504
83,15,1163.501558
83,16,1203.810898
83,17,124.2547347
83,18,644.4144326
83,19,717.156296
83,20,448.2682396
83,21,1148.783106
83,22,657.5811177
83,23,721.6095812
83,24,1803.047508
83,25,779.4121247
83,26,777.7081022
83,27,639.0538678
83,28,1725.302304
83,29,778.8634264
83,30,394.7678059
83,31,1617.697498
83,32,1737.553596
83,33,1215.466505
83,34,198.2647886
83,35,1839.42636
83,36,1486.052087
83,37,903.0749139
83,38,1454.862782
83,39,1409.470557
83,40,1316.314334
83,41,117.2805208
83,42,369.7784042
83,43,1403.957743
83,44,1290.152889
83,45,446.9636412
83,46,674.1436072
83,47,522.399059
83,48,713.2373825
83,49,170.0851813
84,0,591.9249556
84,1,97.1852354
84,2,57.73316716
84,3,1513.211975
84,4,37.0259514
84,5,376.9091773
84,6,392.624445
84,7,1808.125664
84,8,1392.48589
84,9,1487.420193
84,10,174.0007327
84,11,1138.665047
84,12,1623.465178
84,13,556.9542759
84,14,1222.36915
84,15,1171.832818
84,16,346.2442232
84,17,1650.965096
84,18,271.2384574
84,19,530.1209759
84,20,67.77418651
84,21,714.7251029
84,22,604.0255606
84,23,1791.314652
84,24,58.38269933
84,25,980.0697596
84,26,53.77579386
84,27,1476.804686
84,28,1444.149027
84,29,465.8895927
84,30,1250.528832
84,31,921.9251003
84,32,1004.849174
84,33,1325.030866
84,34,1645.703328
84,35,1502.480039
84,36,1107.899065
84,37,957.1975638
84,38,1930.471347
84,39,1403.87628
84,40,1383.058042
84,41,1781.32334
84,42,922.1451229
84,43,918.9622587
84,44,1024.217104
84,45,385.3331152
84,46,333.6753568
84,47,243.2194714
84,48,1466.606224
84,49,397.939158
85,0,374.7341018
85,1,437.1578295
85,2,1938.457927
85,3,1632.226573
85,4,658.3033482
85,5,462.5031477
85,6,757.4171302
85,7,541.5602469
85,8,1245.546175
85,9,1302.913705
85,10,803.6740781
85,11,170.3648048
85,12,759.766291
85,13,1446.316186
85,14,1518.262396
85,15,495.7692656
85,16,1934.421357
85,17,509.3672123
85,18,67.81136305
85,19,1117.133455
85,20,1038.7815
85,21,552.1674773
85,22,219.6756406
85,23,1230.931078
85,24,267.1731193
85,25,284.0793563
85,26,1783.949159
85,27,213.9851581
85,28,1234.957019
85,29,298.8540704
85,30,1462.841693
85,31,794.0750853
85,32,33.23613249
85,33,1638.09348
85,34,982.1961033
85,35,260.5735706
85,36,1745.650185
85,37,1276.570541
85,38,1533.294736
85,39,1921.067173
85,40,124.444801
85,41,1192.808944
85,42,1640.561762
85,43,1357.780925
85,44,1501.461075
85,45,139.3162414
85,46,660.2028496
85,47,689.2381791
85,48,1945.672049
85,49,240.2364897
86,0,1002.769984
86,1,797.6049378
86,2,678.5071929
86,3,1612.309251
86,4,1937.140339
86,5,478.3060466
86,6,262.1041513
86,7,411.7870584
86,8,1258.550761
86,9,990.231651
86,10,242.566432
86,11,780.1192758
86,12,95.29816649
86,13,507.8524074
86,14,1886.560966
86,15,1089.317428
86,16,1669.045748
86,17,459.8656288
86,18,107.3164323
86,19,1869.105109
86,20,1019.390176
86,21,1169.719103
86,22,896.3999987
86,23,1241.578822
86,24,208.7482345
86,25,963.1275297
86,26,1668.249751
86,27,247.8705965
86,28,1507.74146
86,29,411.9461827
86,30,1197.332993
86,31,305.7574521
86,32,41.0448329
86,33,565.7952317
86,34,1616.335173
86,35,1014.299538
86,36,442.4104364
86,37,405.4096271
86,38,949.3469511
86,39,1053.882866
86,40,1739.627171
86,41,925.7088258
86,42,695.2711512
86,43,1527.821171
86,44,1599.078635
86,45,121.5987745
86,46,859.5493615
86,47,598.7121428
86,48,1395.437872
86,49,444.8136361
87,0,1505.692507
87,1,438.9299246
87,2,1964.606827
87,3,927.4552593
87,4,579.2046601
87,5,1541.469714
87,6,400.3133681
87,7,675.9263498
87,8,1966.797029
87,9,1924.261769
87,10,1229.164053
87,11,954.9216638
87,12,968.7697369
87,13,31.95048871
87,14,373.1603316
87,15,877.1199821
87,16,1475.792996
87,17,62.58225987
87,18,1643.091718
87,19,742.4664773
87,20,384.9034354
87,21,1896.404842
87,22,976.4205662
87,23,547.718054
87,24,1012.028845
87,25,1676.743073
87,26,405.4746813
87,27,1411.142075
87,28,679.1979536
87,29,873.1430244
87,30,1144.415145
87,31,1373.503158
87,32,1040.981463
87,33,1532.345482
87,34,253.7499809
87,35,1869.228032
87,36,1044.491701
87,37,1066.852352
87,38,1347.892541
87,39,983.8180954
87,40,1000.565898
87,41,645.3956302
87,42,788.2653546
87,43,1263.041128
87,44,1786.592163
87,45,1172.477857
87,46,1141.597128
87,47,1279.496629
87,48,1705.113676
87,49,332.60137
88,0,1028.724838
88,1,1563.763328
88,2,947.0362296
88,3,564.0245971
88,4,42.45839982
88,5,1897.387028
88,6,394.7705628
88,7,391.9879234
88,8,234.3949024
88,9,1560.727467
88,10,1833.23276
88,11,1938.426539
88,12,424.5932701
88,13,1025.437083
88,14,198.7654721
88,15,756.461926
88,16,474.1419478
88,17,432.7874317
88,18,1897.023695
88,19,962.5404081
88,20,234.0074467
88,21,1992.137288
88,22,815.4307171
88,23,298.0645839
88,24,233.3977109
88,25,718.1561607
88,26,1768.591672
88,27,1413.514314
88,28,649.037385
88,29,1197.530288
88,30,1636.39901
88,31,1644.328497
88,32,489.4343914
88,33,1744.007266
88,34,1034.832158
88,35,784.0006189
88,36,1245.796487
88,37,1048.962359
88,38,1029.697675
88,39,800.1106464
88,40,792.9558256
88,41,658.9632032
88,42,1488.674274
88,43,1875.903598
88,44,403.7692568
88,45,723.6394069
88,46,1691.058573
88,47,1743.725971
88,48,1972.063633
88,49,1759.732999
89,0,952.5319187
89,1,1742.846179
89,2,995.9219564
89,3,883.4623741
89,4,808.4608425
89,5,1561.236466
89,6,1518.821314
89,7,885.410859
89,8,207.1475406
89,9,1261.974941
89,10,1024.473238
89,11,832.6558634
89,12,1705.446515
89,13,74.05193117
89,14,1720.655764
89,15,139.7454588
89,16,576.9687636
89,17,1011.115026
89,18,1091.331874
89,19,938.2450075
89,20,522.4869585
89,21,57.60006878
89,22,626.3205243
89,23,732.4087163
89,24,61.07878947
89,25,1406.453747
89,26,41.24706238
89,27,776.6106542
89,28,1197.339192
89,29,436.6805569
89,30,796.9571359
89,31,1152.946566
89,32,6.364267573
89,33,1639.965601
89,34,1385.261544
89,35,1534.05067
89,36,135.1152816
89,37,983.4523803
89,38,1540.675596
89,39,1557.271047
89,40,1467.510419
89,41,1893.816614
89,42,1858.660793
89,43,432.317219
89,44,872.8018247
89,45,923.3338209
89,46,979.6450385
89,47,503.7088863
89,48,570.3694176
89,49,1027.73632
90,0,57.00738367
90,1,672.5618061
90,2,1195.439818
90,3,1712.265335
90,4,312.9972742
90,5,870.1395176
90,6,100.6766379
90,7,1257.79232
90,8,1472.737231
90,9,1896.321008
90,10,630.5501278
90,11,967.0475764
90,12,1356.648557
90,13,1056.433793
90,14,1950.310032
90,15,292.5887163
90,16,1691.30474
90,17,1883.883552
90,18,1307.351542
90,19,468.6585708
90,20,340.6981967
90,21,682.3638123
90,22,213.1560447
90,23,1354.369162
90,24,1728.983569
90,25,1169.263317
90,26,1524.516543
90,27,1742.547674
90,28,1941.148638
90,29,54.36261487
90,30,1901.031079
90,31,408.1038836
90,32,26.80091844
90,33,1867.797336
90,34,220.6453324
90,35,816.679543
90,36,554.357655
90,37,1972.190575
90,38,1545.633852
90,39,864.0240502
90,40,753.4266423
90,41,424.9252411
90,42,49.5877155
90,43,277.931487
90,44,334.2125572
90,45,329.6098132
90,46,1660.883615
90,47,1754.252695
90,48,469.5383473
90,49,1097.591502
91,0,440.9991704
91,1,106.6912773
91,2,952.197843
91,3,1442.74377
91,4,319.4531289
91,5,1666.820423
91,6,1262.073614
91,7,1788.912784
91,8,1555.938984
91,9,159.8692555
91,10,307.8991716
91,11,1712.160056
91,12,1877.068034
91,13,166.15924
91,14,380.2645926
91,15,788.4518825
91,16,1596.158272
91,17,1729.325949
91,18,1671.803157
91,19,1834.016917
91,20,1118.211702
91,21,1289.483884
91,22,462.9658156
91,23,105.5812099
91,24,1522.185118
91,25,1433.855428
91,26,1815.32079
91,27,1583.758552
91,28,454.6055005
91,29,110.1443743
91,30,1617.755194
91,31,1689.601137
91,32,24.35960722
91,33,967.2632659
91,34,452.4417828
91,35,475.824293
91,36,234.8958585
91,37,323.3842618
91,38,1009.59404
91,39,1534.776626
91,40,902.730096
91,41,414.0978534
91,42,884.5334179
91,43,1591.251881
91,44,1555.64177
91,45,403.3807123
91,46,782.9862256
91,47,573.8017657
91,48,50.91703735
91,49,455.5842312
92,0,604.8909615
92,1,1518.936862
92,2,723.1623919
92,3,59.97523989
92,4,170.7066433
92,5,1254.937759
92,6,366.8699253
92,7,529.4844362
92,8,1668.515504
92,9,1687.029372
92,10,1049.717181
92,11,194.4041344
92,12,1328.614363
92,13,1501.121958
92,14,350.6628994
92,15,1910.559681
92,16,455.1902713
92,17,1209.010149
92,18,696.6527497
92,19,8.229407307
92,20,486.1653923
92,21,1481.243693
92,22,1436.495429
92,23,543.373051
92,24,206.0883549
92,25,1201.938707
92,26,985.8634653
92,27,940.474886
92,28,877.0517872
92,29,1431.73755
92,30,571.3893454
92,31,869.0234775
92,32,531.5337507
92,33,196.6673848
92,34,512.883235
92,35,1335.907139
92,36,1853.958212
92,37,1618.006718
92,38,352.5278469
92,39,425.8873817
92,40,1031.1281
92,41,986.476717
92,42,1748.347122
92,43,1525.534994
92,44,945.2080771
92,45,1198.832391
92,46,1259.78206
92,47,1759.965199
92,48,816.7031316
92,49,1308.603827
93,0,1389.39686
93,1,1457.15098
93,2,296.9647318
93,3,1458.165742
93,4,1586.552392
93,5,1488.810746
93,6,301.4580357
93,7,1353.861917
93,8,1584.121493
93,9,202.9654131
93,10,1190.237266
93,11,1767.189413
93,12,1286.240089
93,13,284.5080607
93,14,464.7520333
93,15,1362.731238
93,16,1177.041818
93,17,804.3687441
93,18,1051.059988
93,19,1719.578822
93,20,1190.187457
93,21,762.282992
93,22,1583.137497
93,23,49.70367156
93,24,856.4836113
93,25,192.9911496
93,26,1716.088073
93,27,856.5174739
93,28,1507.077564
93,29,665.3611476
93,30,1989.215998
93,31,613.4531476
93,32,1105.373128
93,33,579.5322214
93,34,950.1932462
93,35,312.3048408
93,36,1553.440565
93,37,655.4766658
93,38,696.5945253
93,39,955.5327107
93,40,345.2691224
93,41,771.2625793
93,42,1291.637994
93,43,1660.82601
93,44,1441.335723
93,45,1332.901163
93,46,1613.971037
93,47,935.0177846
93,48,1708.112805
93,49,607.5892966
94,0,376.2122716
94,1,887.960821
94,2,1956.919014
94,3,629.2256956
94,4,55.07885772
94,5,1537.535257
94,6,1800.968771
94,7,108.6934482
94,8,1481.513283
94,9,297.1799878
94,10,1549.171469
94,11,1360.603476
94,12,47.87355686
94,13,718.4540114
94,14,550.1451651
94,15,689.9267213
94,16,1480.16658
94,17,1877.260827
94,18,800.0561536
94,19,1114.041364
94,20,1312.052719
94,21,110.117281
94,22,555.9538606
94,23,953.2402573
94,24,1167.116802
94,25,670.4530336
94,26,834.5143272
94,27,1584.279273
94,28,1951.070328
94,29,351.9967144
94,30,1892.167115
94,31,136.3286353
94,32,1535.596819
94,33,1865.836912
94,34,8.15755932
94,35,1711.12746
94,36,902.6088384
94,37,982.7016677
94,38,578.2204704
94,39,533.1399691
94,40,1888.97625
94,41,918.4592539
94,42,563.7977739
94,43,801.3831894
94,44,1111.535442
94,45,340.71115
94,46,1612.06884
94,47,951.4460704
94,48,1243.010201
94,49,1222.947261
95,0,1439.019113
95,1,457.0152928
95,2,819.9413697
95,3,304.7848995
95,4,1589.791524
95,5,992.7827843
95,6,138.2215353
95,7,284.8469577
95,8,438.7452766
95,9,1652.983926
95,10,398.7664784
95,11,462.9502704
95,12,554.103179
95,13,1316.906954
95,14,1427.758123
95,15,838.524461
95,16,772.6585415
95,17,1629.582482
95,18,787.6121122
95,19,209.2217001
95,20,3.67654235
95,21,1460.88998
95,22,1357.710121
95,23,1053.000578
95,24,1872.17535
95,25,1472.580335
95,26,1227.26467
95,27,101.7136777
95,28,1193.627063
95,29,1078.146738
95,30,1317.635165
95,31,413.0711482
95,32,1376.482059
95,33,1880.614489
95,34,1210.378468
95,35,1692.295268
95,36,1800.848713
95,37,818.7735034
95,38,137.6706418
95,39,1155.630569
95,40,1266.420439
95,41,1815.874551
95,42,1883.052613
95,43,1659.76946
95,44,1511.902406
95,45,1474.889978
95,46,1877.953913
95,47,1718.653906
95,48,602.5679064
95,49,1089.60529
96,0,1993.807419
96,1,274.0072673
96,2,470.7087409
96,3,259.054679
96,4,1632.201824
96,5,139.4493411
96,6,1164.827597
96,7,602.0649304
96,8,1791.33273
96,9,1695.207035
96,10,1831.57916
96,11,707.7701774
96,12,92.56904209
96,13,962.9098648
96,14,534.9849942
96,15,222.9172061
96,16,1106.750009
96,17,1087.977333
96,18,751.8456043
96,19,53.47199136
96,20,753.4019881
96,21,1313.01836
96,22,1526.46987
96,23,356.437013
96,24,204.0514341
96,25,986.7173461
96,26,350.8208186
96,27,913.5318014
96,28,704.0381812
96,29,1853.763691
96,30,591.9283441
96,31,1437.05445
96,32,1373.455215
96,33,80.09182341
96,34,1807.183825
96,35,141.6883661
96,36,1874.332219
96,37,1865.241595
96,38,1995.295103
96,39,1590.992969
96,40,960.6523128
96,41,1360.781417
96,42,1606.830249
96,43,856.9593208
96,44,602.7838576
96,45,1210.395627
96,46,1413.775388
96,47,1554.957425
96,48,1730.015349
96,49,993.8542064
97,0,474.6746626
97,1,1092.53408
97,2,1493.101113
97,3,281.5499663
97,4,930.917703
97,5,1774.670769
97,6,108.1861324
97,7,640.2327777
97,8,477.2404158
97,9,1815.97374
97,10,562.9783175
97,11,1319.242123
97,12,142.1861894
97,13,342.635321
97,14,1301.083862
97,15,1892.026827
97,16,1710.238516
97,17,852.8182895
97,18,1525.878441
97,19,790.7054965
97,20,1282.015415
97,21,1470.663553
97,22,236.6623388
97,23,203.750584
97,24,774.7688821
97,25,1277.714806
97,26,274.8659443
97,27,1153.325867
97,28,285.8449723
97,29,1076.49538
97,30,392.313509
97,31,1198.965191
97,32,1969.678825
97,33,924.1170554
97,34,774.2435634
97,35,1081.423187
97,36,1442.158668
97,37,837.386895
97,38,1394.84988
97,39,772.7238994
97,40,1101.270617
97,41,1553.996738
97,42,897.7757355
97,43,1729.526898
97,44,507.3944442
97,45,884.005207
97,46,1675.508432
97,47,1788.121354
97,48,233.4605716
97,49,1159.025604
98,0,647.0468471
98,1,1330.941181
98,2,359.1674574
98,3,1710.506373
98,4,1467.874581
98,5,1811.513278
98,6,48.51989599
98,7,1088.745483
98,8,88.61056027
98,9,1438.896009
98,10,974.3750374
98,11,197.025399
98,12,958.8325519
98,13,1376.717126
98,14,1640.103971
98,15,363.8093913
98,16,1023.854627
98,17,1815.65512
98,18,114.400139
98,19,937.9134963
98,20,1473.065807
98,21,155.6509698
98,22,1660.027222
98,23,1086.342332
98,24,1781.444999
98,25,76.43805254
98,26,1690.685956
98,27,917.1230821
98,28,1818.655857
98,29,1222.812962
98,30,41.86256639
98,31,1984.423565
98,32,520.1399774
98,33,227.2309216
98,34,1389.146372
98,35,139.4053159
98,36,1844.021209
98,37,395.4474113
98,38,81.96755427
98,39,1394.230207
98,40,1644.098415
98,41,1116.927545
98,42,327.9255348
98,43,1326.771026
98,44,1425.635787
98,45,1922.746915
98,46,895.7707316
98,47,780.3052098
98,48,1744.37226
98,49,1536.92238
99,0,1384.193946
99,1,1435.412339
99,2,1185.489705
99,3,387.1270758
99,4,1904.961572
99,5,198.6245927
99,6,1106.635608
99,7,899.7494844
99,8,1530.196446
99,9,1014.491595
99,10,359.7686401
99,11,1338.218684
99,12,315.1237737
99,13,292.2729913
99,14,77.89257178
99,15,214.6503859
99,16,1341.448977
99,17,242.3750393
99,18,1649.216619
99,19,637.305978
99,20,773.5910138
99,21,653.9035479
99,22,1393.660313
99,23,1007.460605
99,24,1730.055723
99,25,283.0562748
99,26,1726.337136
99,27,1701.980124
99,28,1909.394337
99,29,366.349004
99,30,1.012643012
99,31,365.2234296
99,32,370.241349
99,33,1038.391995
99,34,598.9975382
99,35,525.8070221
99,36,342.5086632
99,37,1467.622521
99,38,93.91940967
99,39,188.1391656
99,40,1845.471831
99,41,959.0364453
99,42,534.4622927
99,43,1394.901177
99,44,1979.221513
99,45,1749.501447
99,46,1933.107339
99,47,170.4264473
99,48,1708.429967
99,49,1550.643057
