0,0,294.208354
0,1,613.460264
0,2,448.02908
0,3,701.531038
0,4,555.038174
0,5,424.326252
0,6,115.62847
0,7,128.706088
0,8,91.277836
0,9,660.810468
0,10,346.385234
0,11,772.993754
0,12,95.869674
0,13,701.150912
0,14,398.562926
0,15,746.729696
0,16,780.672824
0,17,383.017636
0,18,235.9636
0,19,114.163808
0,20,106.877648
0,21,469.153284
0,22,751.221128
0,23,669.158556
0,24,165.282338
0,25,612.615962
0,26,313.546936
0,27,769.29244
0,28,495.56269
0,29,398.733312
0,30,217.944488
0,31,735.890466
0,32,651.12127
0,33,774.319854
0,34,18.872982
0,35,126.70616
0,36,407.038312
0,37,634.0429
0,38,126.956838
0,39,598.974354
0,40,76.699648
0,41,759.936252
0,42,329.906462
0,43,490.850576
0,44,717.920856
0,45,658.20287
0,46,378.11046
0,47,16.854236
0,48,611.626452
0,49,144.79509
1,0,198.774678
1,1,139.75053
1,2,517.411212
1,3,313.351344
1,4,569.59057
1,5,203.990636
1,6,304.683682
1,7,375.441284
1,8,580.992606
1,9,137.71299
1,10,165.977772
1,11,347.822492
1,12,522.074286
1,13,321.87012
1,14,125.836542
1,15,114.685726
1,16,211.271028
1,17,37.06595
1,18,68.107186
1,19,176.694704
1,20,307.911384
1,21,519.535346
1,22,358.146544
1,23,180.657616
1,24,172.363904
1,25,510.141246
1,26,534.418958
1,27,332.508828
1,28,315.039982
1,29,206.435038
1,30,456.016198
1,31,443.396616
1,32,332.46144
1,33,104.42363
1,34,348.83853
1,35,392.177478
1,36,479.699438
1,37,141.698402
1,38,394.778692
1,39,536.117962
1,40,531.627914
1,41,215.08149
1,42,514.357142
1,43,156.03221
1,44,270.975052
1,45,29.929816
1,46,203.09428
1,47,198.443412
1,48,548.361292
1,49,338.652908
2,0,149.72537
2,1,154.044864
2,2,123.294326
2,3,93.872912
2,4,81.19237
2,5,32.350838
2,6,126.43008
2,7,146.773772
2,8,36.936634
2,9,177.146044
2,10,122.44175
2,11,12.13926
2,12,24.418274
2,13,107.626828
2,14,79.107442
2,15,46.325138
2,16,215.849044
2,17,79.280584
2,18,229.432184
2,19,68.908096
2,20,32.062906
2,21,234.76359
2,22,61.89676
2,23,135.200524
2,24,228.326728
2,25,185.62954
2,26,69.302708
2,27,11.650886
2,28,218.625554
2,29,161.56388
2,30,25.786286
2,31,137.196342
2,32,92.449902
2,33,231.670534
2,34,146.442616
2,35,136.186122
2,36,31.083368
2,37,128.619556
2,38,158.14433
2,39,186.972654
2,40,177.35823
2,41,160.767214
2,42,73.284532
2,43,157.185682
2,44,66.368362
2,45,154.61951
2,46,160.119838
2,47,44.365402
2,48,150.544356
2,49,1.353842
3,0,93.012398
3,1,113.66147
3,2,113.559166
3,3,62.310786
3,4,76.48489
3,5,30.981304
3,6,46.780544
3,7,10.761104
3,8,146.740266
3,9,65.603118
3,10,87.257816
3,11,46.908412
3,12,136.771988
3,13,94.712686
3,14,131.921854
3,15,42.553978
3,16,148.499852
3,17,48.495466
3,18,134.842148
3,19,144.406968
3,20,107.782554
3,21,62.133628
3,22,27.881782
3,23,2.717234
3,24,30.674834
3,25,75.835506
3,26,15.763452
3,27,149.52571
3,28,131.563056
3,29,68.945996
3,30,147.06239
3,31,149.004048
3,32,99.643744
3,33,22.476572
3,34,127.908218
3,35,50.73827
3,36,115.712902
3,37,24.430052
3,38,11.96027
3,39,45.743514
3,40,85.243576
3,41,6.310068
3,42,109.244546
3,43,107.88573
3,44,151.62527
3,45,88.219974
3,46,2.755194
3,47,24.362794
3,48,153.110554
3,49,92.787108
4,0,134.67571
4,1,82.190428
4,2,9.360684
4,3,38.965074
4,4,43.187838
4,5,101.558112
4,6,45.092374
4,7,65.506844
4,8,121.353762
4,9,121.478362
4,10,126.188196
4,11,1.425876
4,12,92.30016
4,13,39.24844
4,14,56.164566
4,15,110.731806
4,16,119.76524
4,17,126.782922
4,18,55.698986
4,19,131.526644
4,20,122.313632
4,21,44.800812
4,22,130.226172
4,23,76.838866
4,24,38.05074
4,25,31.061118
4,26,23.550456
4,27,70.72119
4,28,97.308968
4,29,135.703632
4,30,122.435048
4,31,55.763502
4,32,127.849208
4,33,67.794322
4,34,15.15211
4,35,48.049726
4,36,50.20393
4,37,90.248908
4,38,19.903768
4,39,44.584042
4,40,82.671504
4,41,100.910878
4,42,40.695676
4,43,44.345282
4,44,47.02521
4,45,46.396676
4,46,10.641362
4,47,30.978334
4,48,4.150664
4,49,7.217994
5,0,1093.214706
5,1,1236.975144
5,2,307.860098
5,3,1054.599818
5,4,417.188336
5,5,465.387646
5,6,411.734776
5,7,427.910416
5,8,171.35641
5,9,96.08132
5,10,845.84511
5,11,346.337756
5,12,606.432484
5,13,1183.100992
5,14,395.446062
5,15,1106.066704
5,16,1172.43651
5,17,1334.104134
5,18,371.397426
5,19,473.84598
5,20,381.982142
5,21,145.33124
5,22,619.37119
5,23,64.348456
5,24,247.917644
5,25,982.3009
5,26,1114.714966
5,27,576.071318
5,28,1452.82841
5,29,1253.407462
5,30,1006.922924
5,31,122.410212
5,32,1277.73438
5,33,833.816838
5,34,281.878346
5,35,706.379878
5,36,4.93E-02
5,37,1175.626436
5,38,179.468174
5,39,1182.684334
5,40,250.754794
5,41,484.648372
5,42,1264.11577
5,43,986.083716
5,44,907.100386
5,45,430.656504
5,46,170.868266
5,47,504.738318
5,48,1254.068652
5,49,408.506354
6,0,351.721526
6,1,83.56606
6,2,68.696324
6,3,273.688794
6,4,286.0458
6,5,15.663404
6,6,427.52768
6,7,253.435312
6,8,167.206704
6,9,139.398486
6,10,439.61906
6,11,74.1231
6,12,332.79159
6,13,376.908354
6,14,174.64777
6,15,383.650266
6,16,234.235184
6,17,35.574188
6,18,190.674162
6,19,305.36331
6,20,296.838158
6,21,304.633006
6,22,37.601106
6,23,266.253208
6,24,423.456426
6,25,43.722556
6,26,323.837228
6,27,53.933714
6,28,297.961556
6,29,231.007988
6,30,130.952882
6,31,337.49263
6,32,340.187572
6,33,347.786616
6,34,14.45641
6,35,8.502038
6,36,48.373802
6,37,179.748044
6,38,214.643238
6,39,385.639596
6,40,6.318066
6,41,431.00272
6,42,451.995228
6,43,162.274378
6,44,453.22871
6,45,467.702194
6,46,431.996738
6,47,187.77791
6,48,56.877114
6,49,205.69829
7,0,245.121814
7,1,260.123204
7,2,233.9864
7,3,320.067862
7,4,225.124118
7,5,197.917262
7,6,35.709676
7,7,226.40509
7,8,289.15812
7,9,68.914936
7,10,29.388772
7,11,23.45647
7,12,210.88016
7,13,102.45368
7,14,312.76782
7,15,265.195652
7,16,201.605142
7,17,299.65819
7,18,133.649592
7,19,155.894154
7,20,227.669338
7,21,165.94699
7,22,194.512962
7,23,285.874428
7,24,268.846298
7,25,256.769208
7,26,300.484992
7,27,31.379152
7,28,83.83706
7,29,214.977614
7,30,289.254762
7,31,97.709112
7,32,102.613778
7,33,309.80015
7,34,159.948722
7,35,139.861456
7,36,281.166806
7,37,2.470836
7,38,205.078644
7,39,105.05496
7,40,185.806872
7,41,139.980388
7,42,160.287942
7,43,303.87641
7,44,100.709818
7,45,11.59248
7,46,71.122702
7,47,295.99382
7,48,44.300894
7,49,304.076398
8,0,400.953854
8,1,84.11359
8,2,454.96077
8,3,181.784442
8,4,495.738502
8,5,620.291316
8,6,503.645736
8,7,338.622366
8,8,530.697548
8,9,2.312778
8,10,583.175672
8,11,535.048218
8,12,239.694488
8,13,35.461816
8,14,399.8427
8,15,219.649728
8,16,156.999396
8,17,314.772116
8,18,284.483026
8,19,372.907776
8,20,405.458296
8,21,499.129884
8,22,590.598062
8,23,519.822356
8,24,502.83289
8,25,359.451304
8,26,476.428102
8,27,160.463372
8,28,348.122288
8,29,44.118532
8,30,288.143796
8,31,619.975842
8,32,144.157772
8,33,381.44264
8,34,482.531254
8,35,661.594118
8,36,235.140734
8,37,333.291688
8,38,24.620462
8,39,389.947748
8,40,624.312258
8,41,548.546162
8,42,520.944734
8,43,249.0152
8,44,654.981368
8,45,107.187974
8,46,542.641052
8,47,378.455992
8,48,86.275698
8,49,375.103176
9,0,646.798034
9,1,1202.909192
9,2,1257.972818
9,3,5.488616
9,4,152.282208
9,5,1015.44535
9,6,151.715972
9,7,328.027838
9,8,543.719592
9,9,128.647528
9,10,1211.221204
9,11,1153.401244
9,12,982.148992
9,13,1032.274292
9,14,87.64819
9,15,335.308818
9,16,964.6372
9,17,289.089856
9,18,1093.916014
9,19,137.255996
9,20,583.01911
9,21,901.735764
9,22,1216.01453
9,23,442.937458
9,24,866.935074
9,25,500.096314
9,26,594.86157
9,27,299.146084
9,28,434.633954
9,29,542.77035
9,30,412.757274
9,31,757.426774
9,32,839.634308
9,33,131.599062
9,34,13.998474
9,35,920.078902
9,36,887.135214
9,37,950.31809
9,38,918.896996
9,39,777.783196
9,40,652.97518
9,41,575.574992
9,42,635.942778
9,43,1110.829406
9,44,309.391602
9,45,836.427592
9,46,1198.21724
9,47,190.371836
9,48,925.670178
9,49,624.414576
10,0,287.37374
10,1,212.621478
10,2,16.71013
10,3,245.322416
10,4,90.836504
10,5,87.738396
10,6,220.878186
10,7,167.125168
10,8,14.522794
10,9,135.32588
10,10,288.992114
10,11,64.555716
10,12,50.323296
10,13,116.278748
10,14,275.255578
10,15,63.483576
10,16,157.2876
10,17,27.715412
10,18,120.706268
10,19,268.001846
10,20,188.70927
10,21,259.970028
10,22,251.494
10,23,137.177696
10,24,211.356164
10,25,214.074176
10,26,65.592074
10,27,41.470908
10,28,40.92045
10,29,37.973516
10,30,26.623094
10,31,125.889544
10,32,253.87353
10,33,179.255986
10,34,233.960798
10,35,245.348246
10,36,286.17868
10,37,129.357306
10,38,73.9431
10,39,164.986398
10,40,221.811988
10,41,128.6071
10,42,214.957462
10,43,191.258758
10,44,203.966642
10,45,83.68276
10,46,156.486188
10,47,276.0399
10,48,34.030494
10,49,270.825548
11,0,8.45572
11,1,25.112228
11,2,9.712438
11,3,5.17783
11,4,0.686426
11,5,19.632652
11,6,7.911974
11,7,1.28E-01
11,8,7.799764
11,9,6.874966
11,10,10.159778
11,11,8.962648
11,12,9.229318
11,13,7.170344
11,14,13.088706
11,15,11.978118
11,16,3.765074
11,17,11.537904
11,18,3.555028
11,19,5.747002
11,20,14.423012
11,21,14.523298
11,22,10.599756
11,23,14.594698
11,24,25.635894
11,25,9.812082
11,26,13.327132
11,27,8.722916
11,28,25.761286
11,29,3.775336
11,30,10.439588
11,31,22.018588
11,32,20.41931
11,33,11.400134
11,34,2.957932
11,35,9.8441
11,36,3.801392
11,37,11.361584
11,38,4.663888
11,39,25.061462
11,40,3.749666
11,41,5.115622
11,42,9.942794
11,43,9.826982
11,44,13.419944
11,45,24.370178
11,46,11.575784
11,47,15.051616
11,48,13.352884
11,49,14.423868
12,0,77.974722
12,1,465.614818
12,2,475.263884
12,3,140.268788
12,4,390.601136
12,5,345.947852
12,6,155.435314
12,7,455.244058
12,8,608.412718
12,9,252.597852
12,10,595.424992
12,11,345.089976
12,12,608.429048
12,13,465.024606
12,14,406.17106
12,15,85.19187
12,16,615.103862
12,17,78.614968
12,18,196.767428
12,19,105.460376
12,20,622.871024
12,21,405.993288
12,22,521.398336
12,23,371.395024
12,24,389.826364
12,25,513.367798
12,26,323.757398
12,27,285.566086
12,28,321.666628
12,29,410.912618
12,30,325.236602
12,31,51.12565
12,32,258.18807
12,33,283.713998
12,34,609.163678
12,35,259.02087
12,36,343.522492
12,37,171.282778
12,38,335.344894
12,39,632.724036
12,40,446.64688
12,41,81.279984
12,42,539.23771
12,43,112.187746
12,44,148.654574
12,45,227.565692
12,46,257.988634
12,47,397.94118
12,48,71.829468
12,49,74.287138
13,0,192.856886
13,1,147.286786
13,2,276.31521
13,3,320.546722
13,4,157.045676
13,5,215.108784
13,6,163.648052
13,7,295.554236
13,8,87.7199
13,9,92.939818
13,10,4.734262
13,11,252.581868
13,12,171.58275
13,13,185.267106
13,14,174.766226
13,15,138.88824
13,16,258.940498
13,17,89.28759
13,18,11.04198
13,19,60.812322
13,20,27.58111
13,21,146.875866
13,22,316.093336
13,23,43.799992
13,24,193.850282
13,25,306.09482
13,26,9.417568
13,27,153.404758
13,28,276.795888
13,29,327.835978
13,30,210.653736
13,31,253.132
13,32,153.00553
13,33,38.649544
13,34,249.901476
13,35,157.670454
13,36,145.222876
13,37,300.946186
13,38,3.72E-03
13,39,59.79483
13,40,167.509442
13,41,207.213668
13,42,29.160148
13,43,201.984934
13,44,248.232034
13,45,202.48031
13,46,88.418158
13,47,52.217512
13,48,221.519068
13,49,58.129552
14,0,431.965746
14,1,435.924968
14,2,155.096702
14,3,513.057438
14,4,268.308784
14,5,212.472764
14,6,40.058798
14,7,79.2852
14,8,227.970494
14,9,518.055932
14,10,503.068744
14,11,458.063228
14,12,36.21174
14,13,378.660982
14,14,351.893028
14,15,130.105008
14,16,210.946286
14,17,110.211294
14,18,450.016804
14,19,256.695142
14,20,482.995438
14,21,216.55401
14,22,407.194446
14,23,170.54194
14,24,29.914648
14,25,60.715568
14,26,169.933006
14,27,233.263812
14,28,42.024228
14,29,236.529014
14,30,212.693614
14,31,111.223624
14,32,327.27263
14,33,246.77202
14,34,340.972166
14,35,345.738036
14,36,145.572668
14,37,443.21108
14,38,179.898804
14,39,91.938402
14,40,384.43748
14,41,502.885098
14,42,110.012652
14,43,56.163596
14,44,317.675824
14,45,295.773358
14,46,476.385876
14,47,219.077522
14,48,430.81932
14,49,372.409364
15,0,155.493446
15,1,96.970828
15,2,311.759614
15,3,92.845116
15,4,208.061448
15,5,173.655446
15,6,88.146358
15,7,77.624802
15,8,204.478734
15,9,123.83043
15,10,308.806596
15,11,98.685074
15,12,77.739378
15,13,177.60289
15,14,194.355662
15,15,321.35834
15,16,60.216938
15,17,77.224942
15,18,300.304538
15,19,232.290686
15,20,270.896236
15,21,192.798684
15,22,229.990774
15,23,253.122478
15,24,319.087154
15,25,90.765624
15,26,52.392436
15,27,214.476494
15,28,256.878192
15,29,53.67247
15,30,23.939862
15,31,21.897672
15,32,227.446258
15,33,165.56279
15,34,71.428514
15,35,34.341
15,36,79.162364
15,37,169.530444
15,38,59.740172
15,39,250.618152
15,40,250.16387
15,41,84.682498
15,42,9.117924
15,43,160.01606
15,44,65.654866
15,45,106.87438
15,46,81.052402
15,47,155.23054
15,48,239.35388
15,49,100.908364
16,0,17.949472
16,1,5.54516
16,2,10.28198
16,3,14.693216
16,4,7.777948
16,5,18.9038
16,6,1.178776
16,7,14.903376
16,8,11.538442
16,9,19.716482
16,10,10.741058
16,11,6.059012
16,12,8.143194
16,13,0.657922
16,14,4.792476
16,15,7.794224
16,16,9.034884
16,17,14.368492
16,18,6.875988
16,19,12.13481
16,20,17.805546
16,21,11.615888
16,22,11.38464
16,23,3.455972
16,24,10.636814
16,25,1.198814
16,26,9.097762
16,27,10.395706
16,28,10.53646
16,29,10.443354
16,30,7.82957
16,31,2.649146
16,32,4.079804
16,33,9.638104
16,34,12.90806
16,35,5.533728
16,36,5.241942
16,37,12.853156
16,38,16.541128
16,39,12.846832
16,40,0.818018
16,41,12.974238
16,42,1.980374
16,43,6.778218
16,44,0.919952
16,45,15.628552
16,46,13.573314
16,47,6.946038
16,48,14.192104
16,49,12.214354
17,0,76.604828
17,1,102.59462
17,2,106.03078
17,3,119.110978
17,4,119.01798
17,5,16.205842
17,6,27.648332
17,7,63.394294
17,8,138.346664
17,9,71.174584
17,10,129.466004
17,11,57.553924
17,12,106.78349
17,13,104.933454
17,14,124.195178
17,15,56.90567
17,16,57.236836
17,17,33.350306
17,18,27.667032
17,19,127.235906
17,20,79.05191
17,21,132.987772
17,22,31.748218
17,23,7.477958
17,24,34.379608
17,25,38.201366
17,26,55.587804
17,27,58.442658
17,28,50.26265
17,29,121.700026
17,30,22.321672
17,31,25.434584
17,32,118.687014
17,33,78.164908
17,34,75.250762
17,35,74.114244
17,36,41.238116
17,37,117.837642
17,38,15.01689
17,39,96.238018
17,40,61.972612
17,41,80.894962
17,42,25.110266
17,43,54.745498
17,44,119.190728
17,45,48.122276
17,46,4.127302
17,47,85.484346
17,48,90.425286
17,49,0.398962
18,0,1.300878
18,1,2.242736
18,2,3.97218
18,3,4.50733
18,4,1.951584
18,5,6.682516
18,6,3.523382
18,7,2.095292
18,8,11.49934
18,9,6.706078
18,10,4.729794
18,11,8.725888
18,12,2.692576
18,13,3.101052
18,14,11.701668
18,15,0.570682
18,16,4.001276
18,17,1.101888
18,18,4.9941
18,19,10.055762
18,20,8.54284
18,21,1.541128
18,22,1.159914
18,23,10.100298
18,24,7.137214
18,25,9.373184
18,26,1.589748
18,27,2.128926
18,28,2.663538
18,29,5.893934
18,30,2.40754
18,31,8.24449
18,32,9.24389
18,33,3.836234
18,34,11.144322
18,35,1.802476
18,36,3.232256
18,37,9.15751
18,38,7.379552
18,39,12.098996
18,40,3.623598
18,41,11.505456
18,42,8.269828
18,43,7.543884
18,44,3.3738
18,45,11.171384
18,46,1.434314
18,47,11.605172
18,48,10.725116
18,49,11.02039
19,0,112.849526
19,1,6.470282
19,2,52.18628
19,3,17.435638
19,4,91.656562
19,5,122.056676
19,6,104.147496
19,7,34.082398
19,8,67.605468
19,9,48.449648
19,10,29.86839
19,11,154.927916
19,12,49.422546
19,13,95.35587
19,14,111.750708
19,15,136.570044
19,16,62.36567
19,17,96.817884
19,18,128.21587
19,19,148.93359
19,20,76.600364
19,21,24.56771
19,22,2.639142
19,23,142.450684
19,24,90.643642
19,25,134.599284
19,26,146.32743
19,27,141.519714
19,28,7.945904
19,29,38.14948
19,30,24.097452
19,31,121.302898
19,32,12.314044
19,33,135.237024
19,34,90.293412
19,35,126.142246
19,36,25.951836
19,37,10.988866
19,38,112.831216
19,39,70.930806
19,40,23.434472
19,41,55.1046
19,42,79.781296
19,43,80.00106
19,44,61.033446
19,45,38.544232
19,46,145.317956
19,47,133.401406
19,48,27.425972
19,49,112.170216
20,0,791.528402
20,1,644.124514
20,2,175.342112
20,3,308.810646
20,4,613.895994
20,5,646.077074
20,6,230.429796
20,7,594.494982
20,8,622.032906
20,9,633.31048
20,10,601.236078
20,11,663.316148
20,12,722.545022
20,13,696.337014
20,14,228.65276
20,15,397.308784
20,16,567.955932
20,17,585.0992
20,18,326.395212
20,19,708.50418
20,20,284.837466
20,21,521.215584
20,22,18.727772
20,23,590.646514
20,24,315.892186
20,25,371.025126
20,26,694.517608
20,27,563.431794
20,28,460.094284
20,29,205.026674
20,30,0.399546
20,31,235.317768
20,32,419.688626
20,33,682.235964
20,34,560.165036
20,35,630.696066
20,36,725.4312
20,37,418.869718
20,38,226.15329
20,39,388.187148
20,40,444.80221
20,41,710.525192
20,42,332.34953
20,43,750.945524
20,44,672.546588
20,45,432.551294
20,46,561.198928
20,47,622.81637
20,48,425.776256
20,49,748.049352
21,0,30.920044
21,1,184.181214
21,2,143.085308
21,3,59.130228
21,4,150.548744
21,5,188.16458
21,6,159.155696
21,7,43.287596
21,8,96.955932
21,9,56.95403
21,10,15.932868
21,11,48.249604
21,12,160.0342
21,13,56.237016
21,14,7.77339
21,15,120.449872
21,16,172.799174
21,17,39.393546
21,18,132.365662
21,19,97.902326
21,20,180.274846
21,21,78.69306
21,22,191.370786
21,23,150.279458
21,24,151.169346
21,25,110.40514
21,26,58.062884
21,27,191.814304
21,28,113.785092
21,29,184.563294
21,30,112.607738
21,31,178.16448
21,32,55.233888
21,33,109.267412
21,34,54.783648
21,35,178.983188
21,36,76.755366
21,37,121.799612
21,38,145.345666
21,39,168.137826
21,40,73.238076
21,41,176.278234
21,42,4.729482
21,43,53.15618
21,44,72.958564
21,45,84.545896
21,46,119.539638
21,47,72.2025
21,48,73.451602
21,49,135.004216
22,0,183.259568
22,1,282.43937
22,2,576.012498
22,3,76.60514
22,4,691.656878
22,5,205.31376
22,6,520.363054
22,7,511.277304
22,8,46.14535
22,9,635.53787
22,10,139.978376
22,11,607.445886
22,12,807.471634
22,13,230.814976
22,14,54.786554
22,15,310.03161
22,16,627.994092
22,17,600.971342
22,18,305.267224
22,19,806.477106
22,20,28.62846
22,21,702.615384
22,22,64.441492
22,23,454.160656
22,24,174.22969
22,25,787.995824
22,26,683.073954
22,27,327.94641
22,28,414.467684
22,29,244.825336
22,30,831.147042
22,31,481.739582
22,32,655.308872
22,33,508.175508
22,34,378.209764
22,35,634.836646
22,36,728.12303
22,37,763.24765
22,38,702.458636
22,39,724.637294
22,40,588.058478
22,41,736.539238
22,42,73.033604
22,43,341.788134
22,44,318.19352
22,45,527.674242
22,46,310.521898
22,47,710.802086
22,48,388.4726
22,49,514.744864
23,0,58.50633
23,1,471.082742
23,2,402.648342
23,3,202.04906
23,4,355.663304
23,5,126.837296
23,6,650.760858
23,7,715.855138
23,8,248.825658
23,9,664.32037
23,10,459.657648
23,11,82.636638
23,12,298.932978
23,13,13.19739
23,14,676.08423
23,15,497.679414
23,16,509.40015
23,17,307.369316
23,18,33.100794
23,19,295.049412
23,20,613.060142
23,21,116.011178
23,22,473.863196
23,23,205.06242
23,24,113.587536
23,25,66.864454
23,26,493.441884
23,27,677.855584
23,28,76.47578
23,29,761.328948
23,30,758.598524
23,31,546.64144
23,32,508.463174
23,33,320.59808
23,34,345.406642
23,35,215.545794
23,36,765.017824
23,37,247.682072
23,38,387.490642
23,39,624.80801
23,40,372.849252
23,41,620.964082
23,42,228.769756
23,43,5.298174
23,44,74.29075
23,45,355.211894
23,46,474.299666
23,47,358.852324
23,48,775.945188
23,49,420.595154
24,0,3.029928
24,1,2.785814
24,2,2.18273
24,3,1.826114
24,4,1.400162
24,5,2.00559
24,6,0.888906
24,7,1.781992
24,8,3.281704
24,9,3.038654
24,10,2.813862
24,11,2.981724
24,12,2.029384
24,13,2.980966
24,14,3.26359
24,15,2.72308
24,16,2.404302
24,17,2.413078
24,18,2.99517
24,19,0.630794
24,20,0.644478
24,21,2.027752
24,22,0.700742
24,23,1.903394
24,24,1.437552
24,25,1.417632
24,26,0.385162
24,27,1.463548
24,28,1.840832
24,29,2.738506
24,30,1.431652
24,31,1.918426
24,32,1.283162
24,33,2.68449
24,34,0.788446
24,35,4.57E-02
24,36,1.689416
24,37,1.251316
24,38,1.67816
24,39,1.834242
24,40,2.008258
24,41,1.183926
24,42,0.437254
24,43,2.677232
24,44,1.284696
24,45,0.306108
24,46,0.80424
24,47,1.329656
24,48,2.491476
24,49,0.219814
25,0,575.855128
25,1,358.900416
25,2,191.162132
25,3,278.522
25,4,531.477238
25,5,747.609936
25,6,451.85872
25,7,420.512478
25,8,763.062416
25,9,885.074502
25,10,402.85141
25,11,11.219836
25,12,463.593236
25,13,641.672106
25,14,626.662028
25,15,413.78151
25,16,121.766466
25,17,230.418422
25,18,849.619786
25,19,582.257446
25,20,825.270368
25,21,100.44772
25,22,131.854582
25,23,411.718368
25,24,429.628092
25,25,169.47149
25,26,590.059276
25,27,123.510682
25,28,534.45658
25,29,62.493508
25,30,751.642776
25,31,244.156324
25,32,853.766038
25,33,880.191306
25,34,207.0627
25,35,91.434522
25,36,680.411236
25,37,594.536082
25,38,778.775692
25,39,340.333416
25,40,408.2308
25,41,571.13389
25,42,74.299082
25,43,238.057276
25,44,436.5951
25,45,778.307794
25,46,531.79752
25,47,668.881696
25,48,726.081446
25,49,356.145988
26,0,225.108156
26,1,217.520808
26,2,96.201838
26,3,99.311244
26,4,90.754742
26,5,128.910766
26,6,261.6878
26,7,86.717024
26,8,93.88637
26,9,5.269586
26,10,178.391838
26,11,124.630968
26,12,279.63906
26,13,144.353244
26,14,188.338432
26,15,7.983292
26,16,28.469252
26,17,218.239324
26,18,43.165542
26,19,126.001948
26,20,57.709644
26,21,132.675404
26,22,38.08395
26,23,47.394078
26,24,116.082798
26,25,239.702716
26,26,90.239216
26,27,114.40897
26,28,213.277112
26,29,163.744816
26,30,247.870754
26,31,138.831
26,32,127.4972
26,33,138.35145
26,34,195.031706
26,35,156.86755
26,36,285.439606
26,37,282.946716
26,38,208.384394
26,39,120.673542
26,40,93.546408
26,41,141.021212
26,42,210.957414
26,43,71.149514
26,44,195.265996
26,45,271.350874
26,46,56.01217
26,47,76.502188
26,48,15.600858
26,49,290.910368
27,0,44.682596
27,1,22.288644
27,2,86.196422
27,3,209.50326
27,4,121.652202
27,5,142.88323
27,6,146.195148
27,7,96.84428
27,8,17.209342
27,9,44.004984
27,10,137.001752
27,11,234.447504
27,12,18.842928
27,13,142.675126
27,14,30.418726
27,15,181.052012
27,16,59.303794
27,17,43.876422
27,18,59.939712
27,19,195.91368
27,20,44.626762
27,21,229.681454
27,22,54.475648
27,23,153.905862
27,24,128.870366
27,25,239.345118
27,26,90.26103
27,27,55.87881
27,28,80.63484
27,29,28.808234
27,30,132.041966
27,31,61.862384
27,32,237.699332
27,33,54.177558
27,34,95.50212
27,35,118.105924
27,36,193.977952
27,37,81.781752
27,38,18.295034
27,39,132.346934
27,40,97.117858
27,41,62.569216
27,42,44.371466
27,43,137.660774
27,44,126.516726
27,45,115.619206
27,46,143.071994
27,47,34.952538
27,48,168.9132
27,49,51.064342
28,0,16.42403
28,1,447.163634
28,2,525.604544
28,3,1748.110704
28,4,97.972012
28,5,1136.590824
28,6,31.05916
28,7,942.24267
28,8,1520.656884
28,9,249.318274
28,10,1701.716836
28,11,673.219384
28,12,1118.226272
28,13,167.373296
28,14,1148.43541
28,15,1511.845634
28,16,1794.659994
28,17,335.571556
28,18,766.784522
28,19,693.846844
28,20,477.810552
28,21,1570.394028
28,22,1061.028468
28,23,1071.900426
28,24,453.956686
28,25,1662.194316
28,26,1525.778676
28,27,262.444322
28,28,728.587672
28,29,1701.746716
28,30,653.92265
28,31,1717.050132
28,32,1592.572788
28,33,1146.881482
28,34,149.218112
28,35,307.715426
28,36,803.311584
28,37,469.194334
28,38,510.485582
28,39,1216.603174
28,40,1400.573652
28,41,1596.924066
28,42,657.662966
28,43,401.549908
28,44,1168.151196
28,45,719.627118
28,46,1104.178334
28,47,1220.600962
28,48,1851.334474
28,49,902.631066
29,0,621.671758
29,1,163.658968
29,2,203.152478
29,3,455.71261
29,4,581.395832
29,5,138.334056
29,6,119.803616
29,7,404.60936
29,8,124.553564
29,9,85.394674
29,10,445.385676
29,11,219.897622
29,12,231.4641
29,13,381.701948
29,14,507.077682
29,15,647.803114
29,16,316.821464
29,17,423.640364
29,18,476.37055
29,19,156.296422
29,20,389.843166
29,21,71.277
29,22,211.018626
29,23,253.032724
29,24,453.385262
29,25,261.495102
29,26,532.67972
29,27,389.247978
29,28,370.861228
29,29,149.24348
29,30,179.095412
29,31,403.948858
29,32,54.893456
29,33,54.436542
29,34,516.111708
29,35,500.915134
29,36,673.570308
29,37,393.591824
29,38,238.092966
29,39,472.132002
29,40,611.171888
29,41,652.756804
29,42,207.186266
29,43,474.257538
29,44,260.715658
29,45,158.117072
29,46,123.58575
29,47,169.34665
29,48,586.472124
29,49,319.837462
30,0,277.7364
30,1,511.557468
30,2,109.682848
30,3,497.504644
30,4,631.659192
30,5,718.041268
30,6,251.66873
30,7,14.469364
30,8,437.635696
30,9,900.778782
30,10,307.060052
30,11,572.825188
30,12,705.155696
30,13,196.213398
30,14,345.248044
30,15,30.829606
30,16,772.04072
30,17,727.443168
30,18,617.555278
30,19,790.733004
30,20,112.633174
30,21,309.516986
30,22,416.847172
30,23,139.196316
30,24,367.503906
30,25,487.87267
30,26,266.170628
30,27,152.011104
30,28,385.111578
30,29,442.87373
30,30,897.770402
30,31,632.067544
30,32,91.81217
30,33,576.35284
30,34,519.457744
30,35,657.136738
30,36,202.28654
30,37,564.982884
30,38,565.611942
30,39,221.285684
30,40,665.455994
30,41,330.817096
30,42,58.5419
30,43,738.781592
30,44,615.641216
30,45,128.219742
30,46,432.702046
30,47,313.918148
30,48,187.017186
30,49,547.450698
31,0,124.127114
31,1,154.750542
31,2,169.821062
31,3,14.157562
31,4,118.624928
31,5,57.072526
31,6,17.878952
31,7,45.307066
31,8,7.612504
31,9,40.276168
31,10,2.308922
31,11,94.823184
31,12,177.825088
31,13,45.46498
31,14,98.675596
31,15,38.25488
31,16,104.814774
31,17,13.787042
31,18,82.664084
31,19,8.8883
31,20,166.902308
31,21,20.817404
31,22,64.901556
31,23,10.261642
31,24,8.04626
31,25,92.677416
31,26,83.615882
31,27,136.587518
31,28,2.50287
31,29,179.51973
31,30,41.888734
31,31,150.607438
31,32,21.423876
31,33,9.327224
31,34,47.626548
31,35,130.522968
31,36,182.226772
31,37,142.818556
31,38,184.619078
31,39,160.807732
31,40,144.159036
31,41,54.34173
31,42,78.933328
31,43,57.850992
31,44,132.954402
31,45,37.902852
31,46,129.737926
31,47,69.356938
31,48,27.01589
31,49,13.38895
32,0,232.438828
32,1,184.948342
32,2,149.045142
32,3,105.749784
32,4,176.62028
32,5,266.776022
32,6,226.574442
32,7,88.786038
32,8,291.057158
32,9,185.557328
32,10,36.5639
32,11,137.66174
32,12,193.561626
32,13,215.094398
32,14,319.069858
32,15,283.326104
32,16,298.460214
32,17,210.276526
32,18,145.176812
32,19,69.488056
32,20,95.653828
32,21,118.581712
32,22,28.57086
32,23,220.901852
32,24,4.567456
32,25,21.788908
32,26,84.570242
32,27,40.05788
32,28,185.554242
32,29,50.352006
32,30,248.101432
32,31,68.345186
32,32,31.615418
32,33,9.153094
32,34,48.329144
32,35,248.015248
32,36,55.838982
32,37,34.391276
32,38,181.87895
32,39,316.413022
32,40,56.630048
32,41,24.079736
32,42,72.104374
32,43,197.08303
32,44,276.196736
32,45,28.156762
32,46,302.928126
32,47,266.38231
32,48,202.405648
32,49,237.73988
33,0,226.080758
33,1,150.905114
33,2,75.118696
33,3,127.241522
33,4,264.642344
33,5,385.9728
33,6,206.462966
33,7,30.529252
33,8,8.283974
33,9,12.45432
33,10,173.688718
33,11,246.191578
33,12,327.956628
33,13,190.979376
33,14,163.899696
33,15,274.017566
33,16,242.633426
33,17,372.26296
33,18,164.956092
33,19,159.938542
33,20,104.971126
33,21,178.130632
33,22,204.117464
33,23,352.351802
33,24,60.919954
33,25,385.30499
33,26,72.822668
33,27,169.779464
33,28,271.201502
33,29,328.584342
33,30,69.62507
33,31,60.961738
33,32,367.808188
33,33,292.620692
33,34,204.049012
33,35,313.613504
33,36,244.27538
33,37,357.413532
33,38,288.843288
33,39,172.264778
33,40,202.065864
33,41,375.499974
33,42,210.448436
33,43,65.610344
33,44,81.094402
33,45,395.814776
33,46,102.073204
33,47,260.28257
33,48,363.990864
33,49,218.451236
34,0,528.478078
34,1,467.364664
34,2,480.302006
34,3,69.073112
34,4,248.545076
34,5,449.821934
34,6,29.313586
34,7,675.41484
34,8,640.974452
34,9,628.857382
34,10,603.422132
34,11,587.862974
34,12,212.585592
34,13,74.016512
34,14,113.139682
34,15,102.868758
34,16,135.398132
34,17,45.527876
34,18,258.615278
34,19,17.269224
34,20,249.432956
34,21,362.437182
34,22,484.728428
34,23,2.026884
34,24,227.19341
34,25,345.17236
34,26,336.377624
34,27,232.182878
34,28,348.370186
34,29,427.75125
34,30,523.209602
34,31,75.320616
34,32,584.591986
34,33,506.527846
34,34,254.536418
34,35,104.492794
34,36,536.12384
34,37,576.730764
34,38,168.751258
34,39,472.773486
34,40,463.680948
34,41,148.517866
34,42,566.093114
34,43,580.478556
34,44,19.095776
34,45,624.179314
34,46,301.948712
34,47,256.289916
34,48,580.360392
34,49,147.07805
35,0,106.481896
35,1,121.084788
35,2,145.385074
35,3,424.701502
35,4,135.201226
35,5,66.404976
35,6,211.449936
35,7,123.552344
35,8,241.137432
35,9,58.810868
35,10,163.058398
35,11,187.26921
35,12,171.059088
35,13,472.910838
35,14,464.218154
35,15,297.439344
35,16,17.23559
35,17,377.963924
35,18,53.437354
35,19,132.94489
35,20,93.715344
35,21,394.183558
35,22,85.328772
35,23,264.314206
35,24,349.546804
35,25,217.617092
35,26,384.199314
35,27,122.845222
35,28,176.537266
35,29,235.946502
35,30,38.931758
35,31,220.32018
35,32,208.767158
35,33,76.084416
35,34,117.678708
35,35,6.148772
35,36,249.379374
35,37,168.845348
35,38,33.963158
35,39,461.084522
35,40,431.083548
35,41,101.145362
35,42,304.409394
35,43,136.902768
35,44,10.201444
35,45,68.170826
35,46,249.794288
35,47,393.10146
35,48,374.3926
35,49,73.464674
36,0,600.747918
36,1,422.910096
36,2,107.948918
36,3,571.096256
36,4,590.196268
36,5,283.842722
36,6,564.334394
36,7,280.5086
36,8,296.589006
36,9,23.707192
36,10,287.136806
36,11,411.239144
36,12,598.52988
36,13,373.842038
36,14,506.847052
36,15,436.855908
36,16,16.071244
36,17,295.834252
36,18,599.309658
36,19,252.416798
36,20,227.394272
36,21,561.965114
36,22,181.777882
36,23,319.446712
36,24,559.0545
36,25,199.258728
36,26,347.099256
36,27,23.324006
36,28,437.117984
36,29,290.786546
36,30,558.084668
36,31,325.425984
36,32,469.125432
36,33,222.26535
36,34,250.571014
36,35,506.119512
36,36,104.330566
36,37,11.46742
36,38,487.916052
36,39,447.253718
36,40,204.102384
36,41,46.965636
36,42,255.230252
36,43,349.457628
36,44,415.520582
36,45,61.370758
36,46,465.119404
36,47,327.49513
36,48,264.957836
36,49,420.92826
37,0,140.678544
37,1,352.426688
37,2,401.969024
37,3,249.257022
37,4,268.93872
37,5,467.478904
37,6,524.698066
37,7,142.773326
37,8,603.77514
37,9,422.351184
37,10,372.54208
37,11,244.395994
37,12,22.310478
37,13,81.235424
37,14,139.013686
37,15,50.719688
37,16,173.530086
37,17,352.455034
37,18,280.286112
37,19,104.415622
37,20,570.111402
37,21,152.842646
37,22,443.99701
37,23,153.563884
37,24,265.411
37,25,513.807496
37,26,305.289938
37,27,371.452072
37,28,518.416516
37,29,542.298688
37,30,539.483296
37,31,535.719498
37,32,226.673556
37,33,76.05064
37,34,353.526258
37,35,49.198464
37,36,70.036812
37,37,355.841306
37,38,319.893478
37,39,630.484276
37,40,118.066724
37,41,419.24139
37,42,454.45066
37,43,258.919448
37,44,452.979166
37,45,337.824384
37,46,256.415986
37,47,460.250774
37,48,606.931918
37,49,610.11449
38,0,328.178866
38,1,35.7525
38,2,276.544286
38,3,112.480182
38,4,595.189842
38,5,164.315396
38,6,165.74921
38,7,110.055864
38,8,416.23677
38,9,112.40739
38,10,108.337
38,11,228.164268
38,12,650.72405
38,13,152.727858
38,14,459.16357
38,15,29.581484
38,16,473.712384
38,17,505.211464
38,18,66.655694
38,19,544.23202
38,20,381.239264
38,21,258.281484
38,22,13.599808
38,23,326.378164
38,24,578.995654
38,25,13.478114
38,26,585.916304
38,27,450.350604
38,28,679.383958
38,29,516.643564
38,30,195.91559
38,31,77.093464
38,32,65.23188
38,33,356.678362
38,34,42.771044
38,35,680.730654
38,36,546.078658
38,37,329.011958
38,38,120.59511
38,39,338.985878
38,40,473.459014
38,41,543.78494
38,42,253.3915
38,43,79.340618
38,44,139.47644
38,45,76.892076
38,46,118.494722
38,47,160.705128
38,48,425.07885
38,49,23.536872
39,0,107.021716
39,1,72.384418
39,2,35.187542
39,3,71.046854
39,4,61.633206
39,5,55.060826
39,6,30.973866
39,7,73.710522
39,8,66.81631
39,9,15.70715
39,10,40.254022
39,11,120.88182
39,12,103.51049
39,13,2.653252
39,14,100.018306
39,15,9.386306
39,16,75.036684
39,17,74.26443
39,18,34.520604
39,19,41.679178
39,20,117.25576
39,21,119.546228
39,22,10.359352
39,23,38.466382
39,24,21.125088
39,25,38.387366
39,26,18.182752
39,27,101.939256
39,28,109.94916
39,29,102.066738
39,30,67.744144
39,31,121.332274
39,32,97.431344
39,33,120.385586
39,34,65.14548
39,35,78.38026
39,36,107.28639
39,37,42.960574
39,38,3.997016
39,39,103.590916
39,40,95.9583
39,41,82.01014
39,42,9.50231
39,43,112.17071
39,44,56.10282
39,45,74.570992
39,46,54.204702
39,47,5.87808
39,48,123.610036
39,49,73.123192
40,0,1158.694044
40,1,1237.448964
40,2,1104.552416
40,3,221.958138
40,4,868.944194
40,5,138.922964
40,6,386.009136
40,7,825.232944
40,8,1364.482942
40,9,1016.73781
40,10,1332.799532
40,11,735.572656
40,12,850.281286
40,13,656.578906
40,14,1271.884128
40,15,1180.410568
40,16,923.746928
40,17,1199.881474
40,18,168.520378
40,19,934.924522
40,20,473.446964
40,21,554.691322
40,22,721.921628
40,23,73.163136
40,24,763.215722
40,25,997.41667
40,26,503.312128
40,27,1086.139488
40,28,473.35997
40,29,1107.74652
40,30,1194.229352
40,31,793.073644
40,32,9.459634
40,33,540.255274
40,34,697.427938
40,35,753.437694
40,36,887.0489
40,37,596.514002
40,38,678.14664
40,39,755.05314
40,40,1248.053226
40,41,1362.264064
40,42,644.79755
40,43,880.38538
40,44,554.883168
40,45,848.808712
40,46,449.789836
40,47,203.774448
40,48,1010.126594
40,49,986.612084
41,0,1108.467874
41,1,381.85675
41,2,1470.114392
41,3,1114.512558
41,4,757.320932
41,5,1079.262508
41,6,671.011488
41,7,49.526784
41,8,904.661616
41,9,1450.803714
41,10,782.571014
41,11,1079.635464
41,12,1689.91891
41,13,411.72119
41,14,1002.026686
41,15,301.90339
41,16,615.045758
41,17,1509.02713
41,18,489.04949
41,19,8.470004
41,20,1179.553296
41,21,1832.654352
41,22,1189.702986
41,23,1233.056212
41,24,1482.95417
41,25,190.63644
41,26,746.79697
41,27,774.016758
41,28,490.532902
41,29,568.130156
41,30,902.451276
41,31,1048.578144
41,32,52.716308
41,33,1154.906308
41,34,1436.816734
41,35,1449.044912
41,36,72.247798
41,37,311.851002
41,38,1642.357974
41,39,55.907266
41,40,1183.539166
41,41,1654.916412
41,42,1023.858058
41,43,366.25723
41,44,1499.762968
41,45,1097.518388
41,46,1129.993276
41,47,1298.977074
41,48,1748.28739
41,49,907.066058
42,0,75.93104
42,1,75.66052
42,2,6.370968
42,3,47.477288
42,4,43.954246
42,5,59.299126
42,6,91.437554
42,7,82.611474
42,8,9.26738
42,9,6.247956
42,10,34.848862
42,11,80.14056
42,12,91.66173
42,13,54.743654
42,14,55.870408
42,15,58.426554
42,16,7.802964
42,17,2.398182
42,18,1.946658
42,19,32.522628
42,20,81.730932
42,21,1.98908
42,22,52.235716
42,23,3.490276
42,24,83.13101
42,25,63.311086
42,26,4.837826
42,27,89.439742
42,28,8.816214
42,29,40.659
42,30,70.969098
42,31,90.221696
42,32,63.31226
42,33,12.071968
42,34,57.514174
42,35,82.080268
42,36,50.137638
42,37,45.66689
42,38,61.01933
42,39,88.235744
42,40,60.597076
42,41,68.664108
42,42,89.195922
42,43,14.711608
42,44,87.050242
42,45,84.940908
42,46,4.468364
42,47,40.752792
42,48,8.446426
42,49,39.491624
43,0,306.189678
43,1,495.427508
43,2,120.163892
43,3,167.291426
43,4,325.005042
43,5,460.157032
43,6,418.006892
43,7,152.308788
43,8,379.955994
43,9,203.127676
43,10,413.139186
43,11,434.290274
43,12,396.80033
43,13,466.947614
43,14,24.589924
43,15,469.423188
43,16,467.710392
43,17,497.613638
43,18,440.82966
43,19,380.911864
43,20,480.152208
43,21,205.18968
43,22,331.428028
43,23,31.61211
43,24,51.999134
43,25,69.950944
43,26,54.739996
43,27,215.031288
43,28,421.942182
43,29,354.714324
43,30,413.263074
43,31,163.704694
43,32,315.616954
43,33,1.87E-01
43,34,118.14767
43,35,468.64476
43,36,8.184828
43,37,13.486542
43,38,314.683906
43,39,395.392148
43,40,453.88715
43,41,85.914736
43,42,462.963106
43,43,2.434398
43,44,195.100314
43,45,208.724192
43,46,234.06595
43,47,235.421764
43,48,238.393086
43,49,504.749874
44,0,17.914032
44,1,2.285946
44,2,14.520028
44,3,13.865832
44,4,17.801082
44,5,12.4858
44,6,6.679174
44,7,9.071666
44,8,9.302166
44,9,16.75117
44,10,4.89E-02
44,11,0.920908
44,12,22.01233
44,13,24.656348
44,14,7.98658
44,15,6.951632
44,16,0.391616
44,17,2.184954
44,18,22.773378
44,19,9.251644
44,20,28.975026
44,21,24.806506
44,22,4.602152
44,23,11.361392
44,24,27.939754
44,25,15.107504
44,26,5.96187
44,27,7.930064
44,28,22.26795
44,29,20.974644
44,30,18.229632
44,31,8.555206
44,32,19.512972
44,33,7.707498
44,34,28.331506
44,35,27.365464
44,36,13.7075
44,37,14.9357
44,38,17.99964
44,39,6.837176
44,40,26.43623
44,41,9.21771
44,42,15.688362
44,43,23.993044
44,44,24.210986
44,45,12.934978
44,46,16.593592
44,47,2.34108
44,48,13.024284
44,49,24.556738
45,0,35.640634
45,1,26.422776
45,2,69.2646
45,3,62.87967
45,4,46.519756
45,5,83.84569
45,6,1.079386
45,7,68.498184
45,8,140.606686
45,9,120.442038
45,10,92.567306
45,11,47.779524
45,12,84.330374
45,13,167.13387
45,14,69.602192
45,15,87.257232
45,16,38.834348
45,17,82.390484
45,18,174.012104
45,19,72.562188
45,20,159.69399
45,21,28.017278
45,22,157.84412
45,23,48.763378
45,24,63.532644
45,25,34.22387
45,26,82.511568
45,27,45.73222
45,28,147.328416
45,29,41.440024
45,30,76.657976
45,31,134.236346
45,32,86.288008
45,33,76.710818
45,34,27.439782
45,35,50.27963
45,36,71.299552
45,37,53.414514
45,38,41.352574
45,39,140.041014
45,40,106.337196
45,41,44.97243
45,42,68.982536
45,43,153.137682
45,44,4.55328
45,45,124.388676
45,46,29.4714
45,47,153.751628
45,48,63.83632
45,49,81.481426
46,0,53.625132
46,1,56.911652
46,2,105.019574
46,3,87.484278
46,4,116.210198
46,5,26.840682
46,6,40.838926
46,7,68.822552
46,8,2.467658
46,9,43.52313
46,10,36.304334
46,11,71.128582
46,12,82.910244
46,13,51.261216
46,14,18.586968
46,15,116.39394
46,16,28.158654
46,17,90.405108
46,18,41.910784
46,19,7.831834
46,20,122.754898
46,21,104.568962
46,22,88.147288
46,23,74.525674
46,24,19.268852
46,25,52.072174
46,26,110.764786
46,27,24.708152
46,28,83.172864
46,29,33.471256
46,30,33.605766
46,31,116.35529
46,32,5.960328
46,33,28.82997
46,34,107.158592
46,35,68.487662
46,36,47.191406
46,37,4.005718
46,38,37.819384
46,39,73.57368
46,40,83.57525
46,41,126.360348
46,42,3.181612
46,43,24.771394
46,44,114.185346
46,45,32.622768
46,46,19.708002
46,47,56.126164
46,48,45.320356
46,49,93.467662
47,0,25.44101
47,1,15.686536
47,2,31.543776
47,3,26.74059
47,4,3.86375
47,5,18.158552
47,6,70.01971
47,7,72.762876
47,8,70.85932
47,9,68.145398
47,10,55.754864
47,11,61.097646
47,12,42.099232
47,13,48.847374
47,14,21.98645
47,15,19.59209
47,16,64.33453
47,17,68.503026
47,18,16.54359
47,19,70.894012
47,20,20.744678
47,21,48.313802
47,22,42.565334
47,23,72.252372
47,24,22.453552
47,25,80.05345
47,26,5.773794
47,27,74.928638
47,28,63.293774
47,29,37.38388
47,30,73.861628
47,31,47.124152
47,32,7.076928
47,33,78.274996
47,34,34.119902
47,35,51.769988
47,36,36.223462
47,37,21.129892
47,38,7.651766
47,39,36.438264
47,40,13.030336
47,41,34.131922
47,42,70.491256
47,43,74.382222
47,44,10.369874
47,45,48.815288
47,46,77.562902
47,47,65.948986
47,48,71.381208
47,49,18.222382
48,0,13.10779
48,1,44.310152
48,2,41.353232
48,3,93.603092
48,4,93.436098
48,5,116.311136
48,6,137.711016
48,7,110.473442
48,8,72.720316
48,9,200.10782
48,10,190.522268
48,11,20.016532
48,12,111.109144
48,13,94.169216
48,14,45.982964
48,15,38.15642
48,16,34.356472
48,17,100.577
48,18,14.177374
48,19,24.36152
48,20,118.091786
48,21,172.447388
48,22,144.791032
48,23,20.971764
48,24,16.805248
48,25,93.356126
48,26,182.044758
48,27,73.467538
48,28,202.255492
48,29,128.392104
48,30,101.228754
48,31,57.142044
48,32,192.088172
48,33,33.944952
48,34,186.720088
48,35,9.841416
48,36,181.834524
48,37,93.040934
48,38,59.83289
48,39,182.096162
48,40,96.505052
48,41,100.719818
48,42,9.652222
48,43,77.461772
48,44,63.186662
48,45,81.946636
48,46,194.77478
48,47,138.74073
48,48,176.898774
48,49,71.023956
49,0,74.382688
49,1,92.693864
49,2,59.147098
49,3,95.831628
49,4,4.254518
49,5,37.76707
49,6,125.801396
49,7,71.258372
49,8,117.040324
49,9,98.582582
49,10,77.701774
49,11,33.137188
49,12,133.269632
49,13,9.86759
49,14,46.616646
49,15,115.62899
49,16,95.332612
49,17,42.77071
49,18,59.102044
49,19,76.628882
49,20,140.676082
49,21,120.808508
49,22,15.406078
49,23,134.551848
49,24,62.645852
49,25,73.843816
49,26,109.969188
49,27,61.152384
49,28,145.705352
49,29,13.902818
49,30,133.80665
49,31,138.758336
49,32,108.054926
49,33,32.89416
49,34,106.17045
49,35,33.91408
49,36,29.785662
49,37,6.7544
49,38,73.056772
49,39,144.783534
49,40,120.31011
49,41,67.43023
49,42,81.71851
49,43,8.392832
49,44,48.205194
49,45,12.836464
49,46,55.286794
49,47,64.05123
49,48,70.371974
49,49,59.668046
50,0,75.40037
50,1,47.874588
50,2,30.588866
50,3,19.65037
50,4,26.154412
50,5,69.999722
50,6,46.550176
50,7,36.79365
50,8,61.263054
50,9,56.265234
50,10,71.522806
50,11,13.550188
50,12,88.03487
50,13,62.700948
50,14,26.817476
50,15,88.868582
50,16,23.125572
50,17,64.61654
50,18,1.584796
50,19,25.853482
50,20,6.70288
50,21,77.95377
50,22,48.003212
50,23,11.561112
50,24,70.321342
50,25,24.457712
50,26,88.500388
50,27,14.948326
50,28,82.763938
50,29,12.68502
50,30,1.649734
50,31,83.724528
50,32,71.30214
50,33,71.15955
50,34,83.453668
50,35,4.90014
50,36,2.734498
50,37,40.07387
50,38,5.60362
50,39,55.298184
50,40,35.274062
50,41,29.82095
50,42,72.959108
50,43,27.427434
50,44,88.84494
50,45,60.369772
50,46,37.289438
50,47,85.042958
50,48,41.506946
50,49,53.976052
51,0,240.204574
51,1,258.398294
51,2,378.930218
51,3,166.126794
51,4,152.32876
51,5,152.310126
51,6,452.292112
51,7,188.416282
51,8,101.648642
51,9,23.036864
51,10,393.322698
51,11,72.960938
51,12,303.55537
51,13,191.317822
51,14,491.75967
51,15,105.25806
51,16,4.121904
51,17,538.279186
51,18,270.823098
51,19,156.769198
51,20,342.955688
51,21,222.554972
51,22,274.778216
51,23,261.847844
51,24,192.280376
51,25,422.80021
51,26,215.26049
51,27,343.015732
51,28,107.863254
51,29,514.315824
51,30,525.781274
51,31,342.8129
51,32,29.861626
51,33,548.172958
51,34,412.34874
51,35,78.281136
51,36,421.011368
51,37,261.617624
51,38,44.663104
51,39,343.668508
51,40,168.513194
51,41,110.693288
51,42,422.696814
51,43,371.80889
51,44,447.959238
51,45,352.721042
51,46,379.458386
51,47,202.046394
51,48,431.766338
51,49,454.895314
52,0,202.517434
52,1,25.933026
52,2,57.451388
52,3,85.872854
52,4,104.383588
52,5,97.802726
52,6,74.63217
52,7,53.642602
52,8,104.068958
52,9,182.563468
52,10,11.353024
52,11,190.704866
52,12,11.379408
52,13,79.924778
52,14,144.52816
52,15,119.35487
52,16,191.646108
52,17,183.525826
52,18,101.866498
52,19,106.84053
52,20,75.372248
52,21,152.265466
52,22,127.897706
52,23,109.569318
52,24,22.799064
52,25,29.903916
52,26,186.360526
52,27,103.750754
52,28,77.137686
52,29,129.452
52,30,141.68787
52,31,179.658224
52,32,125.248938
52,33,53.162252
52,34,77.702484
52,35,7.987246
52,36,180.138054
52,37,100.351484
52,38,29.146548
52,39,142.637292
52,40,79.379624
52,41,185.550672
52,42,169.2678
52,43,139.5507
52,44,206.703746
52,45,113.535664
52,46,88.086974
52,47,99.307514
52,48,14.127672
52,49,113.382386
53,0,1577.917952
53,1,23.579162
53,2,323.678498
53,3,1466.892966
53,4,792.772788
53,5,1200.842892
53,6,1396.970502
53,7,2.335042
53,8,1335.122084
53,9,592.440738
53,10,247.044868
53,11,1322.526242
53,12,999.842332
53,13,238.988792
53,14,24.913432
53,15,723.714288
53,16,791.228968
53,17,1235.418074
53,18,1372.74697
53,19,713.131068
53,20,1083.834702
53,21,389.809456
53,22,1253.511528
53,23,178.277872
53,24,416.235888
53,25,0.691852
53,26,709.2565
53,27,1120.0276
53,28,1150.976074
53,29,809.548482
53,30,621.263584
53,31,96.747924
53,32,64.847952
53,33,1463.67765
53,34,871.809326
53,35,614.766732
53,36,837.477702
53,37,813.021744
53,38,1275.237376
53,39,53.197512
53,40,506.280116
53,41,423.82756
53,42,832.793242
53,43,71.658098
53,44,547.474952
53,45,697.849862
53,46,928.165998
53,47,1242.485418
53,48,114.56056
53,49,856.587674
54,0,66.632802
54,1,247.182166
54,2,446.735666
54,3,274.963352
54,4,393.83037
54,5,558.13417
54,6,115.118694
54,7,255.233084
54,8,174.012672
54,9,278.823522
54,10,215.111256
54,11,178.17414
54,12,485.681406
54,13,126.960864
54,14,526.861784
54,15,192.73107
54,16,116.991938
54,17,407.901114
54,18,428.071088
54,19,470.915068
54,20,411.5636
54,21,243.524702
54,22,451.969438
54,23,234.103482
54,24,184.14955
54,25,23.708564
54,26,412.363416
54,27,508.20407
54,28,217.957934
54,29,145.868668
54,30,33.107316
54,31,109.873338
54,32,384.502332
54,33,253.674598
54,34,199.952032
54,35,513.06686
54,36,1.368758
54,37,37.541764
54,38,86.841238
54,39,304.47745
54,40,480.387002
54,41,558.028458
54,42,347.389208
54,43,151.442044
54,44,256.138658
54,45,328.99278
54,46,375.101304
54,47,122.22336
54,48,326.070052
54,49,163.709122
55,0,24.179862
55,1,22.853796
55,2,37.952642
55,3,14.062336
55,4,23.026424
55,5,36.18917
55,6,13.688388
55,7,12.64833
55,8,25.537018
55,9,32.157998
55,10,28.126146
55,11,38.258634
55,12,31.982372
55,13,33.91031
55,14,31.836672
55,15,36.359196
55,16,39.028942
55,17,16.826542
55,18,22.986062
55,19,21.010956
55,20,1.13059
55,21,30.599606
55,22,39.53063
55,23,30.990932
55,24,18.145072
55,25,23.689522
55,26,7.982486
55,27,17.07341
55,28,26.052466
55,29,16.086106
55,30,19.0176
55,31,37.120192
55,32,8.097224
55,33,12.749624
55,34,4.361684
55,35,17.950226
55,36,36.998658
55,37,16.544772
55,38,9.629612
55,39,3.847514
55,40,14.022626
55,41,28.149954
55,42,26.31033
55,43,25.624902
55,44,36.588424
55,45,8.42942
55,46,32.152072
55,47,3.555516
55,48,20.164436
55,49,32.53661
56,0,31.071712
56,1,62.177562
56,2,25.570132
56,3,107.328078
56,4,130.402404
56,5,148.725946
56,6,82.196584
56,7,20.774076
56,8,130.476982
56,9,139.439084
56,10,37.91201
56,11,30.099824
56,12,10.779252
56,13,43.992402
56,14,77.464872
56,15,88.467648
56,16,1.85E-01
56,17,52.251598
56,18,14.81433
56,19,31.933756
56,20,102.732066
56,21,158.848614
56,22,39.367764
56,23,152.038654
56,24,151.102186
56,25,61.79134
56,26,21.120074
56,27,10.488976
56,28,111.121662
56,29,23.747528
56,30,74.761866
56,31,93.456198
56,32,77.162748
56,33,80.336668
56,34,14.191212
56,35,62.649996
56,36,57.01374
56,37,134.844232
56,38,59.626722
56,39,117.344114
56,40,145.648436
56,41,91.201594
56,42,83.83426
56,43,75.73584
56,44,38.722048
56,45,22.12954
56,46,0.794312
56,47,149.875666
56,48,81.740638
56,49,128.27582
57,0,410.25857
57,1,374.958644
57,2,380.56491
57,3,681.653376
57,4,331.685262
57,5,761.166058
57,6,178.611676
57,7,120.40173
57,8,347.148324
57,9,664.397544
57,10,81.96506
57,11,350.121702
57,12,815.644926
57,13,380.185636
57,14,602.898578
57,15,170.05903
57,16,130.266994
57,17,842.688586
57,18,104.340522
57,19,1010.951604
57,20,944.248388
57,21,268.16867
57,22,287.59854
57,23,43.880926
57,24,41.120392
57,25,136.987522
57,26,658.615898
57,27,859.142094
57,28,427.839066
57,29,109.121742
57,30,763.969396
57,31,520.55466
57,32,1045.820986
57,33,164.507356
57,34,579.683368
57,35,616.066568
57,36,977.914622
57,37,1056.60137
57,38,235.016558
57,39,946.02591
57,40,397.474202
57,41,709.201898
57,42,437.669874
57,43,414.72673
57,44,647.715722
57,45,694.29745
57,46,532.347312
57,47,507.331244
57,48,289.233288
57,49,1026.577034
58,0,546.319552
58,1,577.985682
58,2,721.14789
58,3,34.63664
58,4,580.313638
58,5,407.73398
58,6,472.120984
58,7,392.260184
58,8,448.6014
58,9,748.34128
58,10,89.600756
58,11,173.251138
58,12,351.755298
58,13,651.78831
58,14,431.70723
58,15,618.94317
58,16,119.410264
58,17,705.943988
58,18,435.521242
58,19,255.35984
58,20,565.42536
58,21,556.658752
58,22,742.474734
58,23,567.80736
58,24,214.376168
58,25,272.480102
58,26,334.46683
58,27,298.486326
58,28,445.278022
58,29,582.66537
58,30,249.25506
58,31,359.873584
58,32,435.826962
58,33,697.556792
58,34,63.229632
58,35,382.688472
58,36,703.855916
58,37,536.747132
58,38,595.828272
58,39,8.64106
58,40,499.852394
58,41,456.299578
58,42,97.60148
58,43,50.03289
58,44,192.351868
58,45,185.106448
58,46,544.225102
58,47,454.700472
58,48,653.718214
58,49,311.173726
59,0,174.373948
59,1,208.649546
59,2,79.064568
59,3,200.479534
59,4,38.948692
59,5,8.749776
59,6,231.592154
59,7,94.441102
59,8,162.099914
59,9,47.013864
59,10,264.222372
59,11,158.071338
59,12,259.925138
59,13,77.21019
59,14,131.197452
59,15,95.838122
59,16,4.375318
59,17,97.619822
59,18,61.817602
59,19,188.691498
59,20,97.564682
59,21,224.219686
59,22,120.215658
59,23,224.875996
59,24,115.984892
59,25,246.652194
59,26,139.235298
59,27,163.544192
59,28,229.797272
59,29,66.012462
59,30,164.754866
59,31,21.38476
59,32,226.408214
59,33,232.287322
59,34,220.988176
59,35,107.263362
59,36,174.268122
59,37,240.936534
59,38,256.749556
59,39,164.76802
59,40,245.863636
59,41,146.464042
59,42,182.559112
59,43,180.127864
59,44,53.635278
59,45,30.249156
59,46,0.856928
59,47,165.925898
59,48,233.853564
59,49,6.531446
60,0,330.052374
60,1,17.497286
60,2,179.194726
60,3,114.611198
60,4,226.963854
60,5,228.43429
60,6,131.141876
60,7,296.351674
60,8,210.057902
60,9,246.56241
60,10,118.226972
60,11,81.778996
60,12,125.604816
60,13,255.96587
60,14,32.04388
60,15,49.886462
60,16,243.722944
60,17,71.096802
60,18,150.18714
60,19,301.139512
60,20,284.40816
60,21,149.880842
60,22,11.446034
60,23,139.21704
60,24,230.573026
60,25,192.981744
60,26,262.745698
60,27,53.448924
60,28,147.094786
60,29,234.506888
60,30,311.005228
60,31,69.196228
60,32,134.673548
60,33,248.505464
60,34,248.260514
60,35,261.008584
60,36,233.480424
60,37,210.89793
60,38,111.231416
60,39,103.112134
60,40,181.429996
60,41,115.398868
60,42,132.461432
60,43,54.051752
60,44,61.99981
60,45,247.108402
60,46,190.984622
60,47,154.336542
60,48,56.82715
60,49,281.900856
61,0,202.75166
61,1,310.305898
61,2,56.306684
61,3,604.538218
61,4,714.027568
61,5,484.585658
61,6,506.394898
61,7,3.83649
61,8,370.879564
61,9,597.875222
61,10,436.369316
61,11,424.002502
61,12,197.485182
61,13,571.387166
61,14,271.28997
61,15,548.644482
61,16,161.190524
61,17,627.36997
61,18,449.434166
61,19,187.129398
61,20,762.076854
61,21,365.576934
61,22,575.73467
61,23,319.989896
61,24,122.581438
61,25,103.893948
61,26,515.313754
61,27,412.147146
61,28,535.886962
61,29,484.23735
61,30,67.97416
61,31,667.680522
61,32,758.729574
61,33,342.748404
61,34,164.38245
61,35,769.502476
61,36,236.60739
61,37,157.371818
61,38,319.03192
61,39,391.084988
61,40,55.79457
61,41,484.38145
61,42,192.18115
61,43,596.764284
61,44,382.01487
61,45,112.28926
61,46,582.31219
61,47,731.515182
61,48,431.456428
61,49,422.054344
62,0,244.974634
62,1,225.607886
62,2,241.880332
62,3,91.931328
62,4,106.61695
62,5,231.111256
62,6,7.673814
62,7,64.816196
62,8,233.736262
62,9,186.9286
62,10,206.986656
62,11,162.364694
62,12,67.727786
62,13,60.020276
62,14,248.678002
62,15,233.954812
62,16,137.995148
62,17,219.171606
62,18,132.058098
62,19,211.882504
62,20,4.764844
62,21,100.546826
62,22,70.463604
62,23,203.44858
62,24,76.114356
62,25,267.562078
62,26,103.804032
62,27,140.470474
62,28,183.387906
62,29,119.4384
62,30,89.46997
62,31,236.409958
62,32,27.80793
62,33,71.990922
62,34,91.46665
62,35,95.231146
62,36,94.838082
62,37,108.06166
62,38,94.938126
62,39,31.494704
62,40,108.228
62,41,144.94565
62,42,99.441168
62,43,88.880356
62,44,195.521298
62,45,185.592122
62,46,133.898204
62,47,143.45728
62,48,125.961696
62,49,124.835366
63,0,1658.288402
63,1,1040.435046
63,2,1699.531156
63,3,890.556798
63,4,797.593594
63,5,1175.611198
63,6,59.797936
63,7,1606.713666
63,8,218.047266
63,9,730.22451
63,10,481.999358
63,11,624.499004
63,12,1510.452876
63,13,365.353896
63,14,158.902966
63,15,1347.64725
63,16,291.245822
63,17,922.3206
63,18,1062.683866
63,19,838.379244
63,20,668.046418
63,21,1752.462276
63,22,1679.023464
63,23,1613.078462
63,24,700.233962
63,25,292.303836
63,26,1118.69121
63,27,614.986314
63,28,988.543992
63,29,1609.738972
63,30,300.367328
63,31,154.529834
63,32,1521.654868
63,33,330.244766
63,34,1426.677936
63,35,1449.756772
63,36,506.40184
63,37,1364.55479
63,38,927.470636
63,39,1914.240818
63,40,896.880092
63,41,1267.118228
63,42,506.610562
63,43,305.674378
63,44,1360.089044
63,45,1387.964988
63,46,1348.140002
63,47,31.887356
63,48,762.246824
63,49,1091.08359
64,0,565.148688
64,1,1027.423954
64,2,160.84639
64,3,991.690642
64,4,899.679964
64,5,406.056264
64,6,1.00373
64,7,237.516806
64,8,1070.470528
64,9,854.114734
64,10,647.714948
64,11,954.754676
64,12,911.014254
64,13,255.019834
64,14,862.517866
64,15,901.64064
64,16,778.114346
64,17,514.135902
64,18,280.994774
64,19,838.5201
64,20,104.450484
64,21,1012.174932
64,22,357.41136
64,23,1013.848016
64,24,713.023314
64,25,141.765974
64,26,668.824972
64,27,493.48753
64,28,254.664204
64,29,112.253088
64,30,17.314276
64,31,924.156318
64,32,260.826516
64,33,847.120296
64,34,514.369884
64,35,749.654892
64,36,528.379608
64,37,330.655102
64,38,247.269008
64,39,1066.33938
64,40,682.542644
64,41,386.719054
64,42,124.906446
64,43,408.647402
64,44,876.031054
64,45,753.141242
64,46,1024.249338
64,47,942.343254
64,48,184.222604
64,49,173.667938
65,0,93.82435
65,1,179.36105
65,2,115.905708
65,3,103.03159
65,4,86.21992
65,5,272.113318
65,6,132.397288
65,7,162.510826
65,8,200.695758
65,9,235.366826
65,10,43.164148
65,11,13.92143
65,12,143.89067
65,13,109.41782
65,14,108.582202
65,15,35.991526
65,16,36.083324
65,17,217.044688
65,18,134.36362
65,19,277.631234
65,20,235.245006
65,21,40.501132
65,22,170.59445
65,23,74.893146
65,24,213.713582
65,25,74.798062
65,26,225.652992
65,27,6.028584
65,28,100.182052
65,29,226.311362
65,30,255.593752
65,31,276.787208
65,32,8.174774
65,33,30.279276
65,34,256.779818
65,35,17.068298
65,36,9.619932
65,37,165.64596
65,38,119.632378
65,39,91.208904
65,40,247.77111
65,41,79.027256
65,42,79.954892
65,43,221.251504
65,44,122.160296
65,45,209.328888
65,46,10.642732
65,47,184.088698
65,48,217.455784
65,49,115.706682
66,0,65.515652
66,1,622.338036
66,2,902.643052
66,3,305.75112
66,4,149.716458
66,5,630.903416
66,6,661.33727
66,7,532.44803
66,8,430.948626
66,9,787.971866
66,10,28.550672
66,11,255.479766
66,12,297.099984
66,13,413.697676
66,14,744.428636
66,15,299.929016
66,16,170.00453
66,17,583.87442
66,18,432.03781
66,19,96.328708
66,20,286.550762
66,21,398.859034
66,22,505.514176
66,23,21.097794
66,24,784.127582
66,25,542.980254
66,26,846.262796
66,27,286.185152
66,28,533.285776
66,29,2.066418
66,30,279.882206
66,31,284.723716
66,32,256.795396
66,33,310.427782
66,34,150.566112
66,35,427.0901
66,36,310.95142
66,37,394.939422
66,38,114.693496
66,39,626.233152
66,40,860.8272
66,41,454.23737
66,42,409.750436
66,43,626.56312
66,44,374.14868
66,45,226.388476
66,46,764.03744
66,47,303.673176
66,48,340.440754
66,49,160.327308
67,0,30.945034
67,1,43.70185
67,2,15.105242
67,3,7.13333
67,4,10.926158
67,5,43.977404
67,6,3.46609
67,7,35.733324
67,8,6.056178
67,9,41.3457
67,10,47.005238
67,11,35.410676
67,12,29.696056
67,13,27.176708
67,14,19.239974
67,15,20.664574
67,16,1.343224
67,17,12.973866
67,18,21.751054
67,19,23.32802
67,20,16.886642
67,21,7.14796
67,22,18.993172
67,23,24.420474
67,24,4.902728
67,25,35.541402
67,26,28.191074
67,27,36.43564
67,28,20.136844
67,29,37.489828
67,30,35.127646
67,31,7.93115
67,32,33.727048
67,33,45.102334
67,34,37.663186
67,35,12.022024
67,36,10.391248
67,37,4.927634
67,38,12.616788
67,39,9.05892
67,40,13.200848
67,41,46.106048
67,42,29.250114
67,43,17.081176
67,44,17.15436
67,45,6.355942
67,46,25.65672
67,47,13.759732
67,48,29.135908
67,49,36.172938
68,0,0.724562
68,1,3.108092
68,2,1.129256
68,3,2.263752
68,4,2.430834
68,5,0.304942
68,6,1.99E-01
68,7,2.805854
68,8,2.24648
68,9,3.160374
68,10,3.251648
68,11,1.272166
68,12,0.503204
68,13,4.62E-02
68,14,1.02E-01
68,15,1.936908
68,16,1.6734
68,17,1.958484
68,18,0.847444
68,19,1.846904
68,20,1.398058
68,21,3.240174
68,22,1.57E-01
68,23,1.377132
68,24,0.304264
68,25,1.581472
68,26,1.258766
68,27,2.921642
68,28,2.815432
68,29,1.411482
68,30,3.151108
68,31,2.16711
68,32,1.118264
68,33,1.539992
68,34,0.932348
68,35,1.265398
68,36,0.301124
68,37,2.973528
68,38,0.755618
68,39,1.31E-01
68,40,0.321766
68,41,3.018926
68,42,2.677586
68,43,0.823978
68,44,3.426912
68,45,1.33649
68,46,2.708324
68,47,1.20311
68,48,1.225912
68,49,1.795994
69,0,5.692848
69,1,17.629978
69,2,18.46384
69,3,4.14449
69,4,7.598552
69,5,12.448122
69,6,2.949868
69,7,0.898218
69,8,3.78014
69,9,0.311334
69,10,6.78473
69,11,22.327804
69,12,16.801122
69,13,7.620768
69,14,0.20596
69,15,21.004252
69,16,18.85238
69,17,8.336402
69,18,9.120364
69,19,6.280632
69,20,11.67611
69,21,19.808516
69,22,10.441276
69,23,13.38234
69,24,21.612318
69,25,17.673852
69,26,21.774212
69,27,8.516024
69,28,18.508878
69,29,19.979722
69,30,4.194364
69,31,5.159702
69,32,13.447822
69,33,10.062492
69,34,11.786784
69,35,19.62983
69,36,12.502126
69,37,12.115354
69,38,2.99986
69,39,19.65178
69,40,10.19646
69,41,7.2952
69,42,6.51213
69,43,1.32345
69,44,7.781972
69,45,5.481308
69,46,6.87782
69,47,4.152912
69,48,20.709268
69,49,1.728082
70,0,233.658436
70,1,295.167352
70,2,135.937494
70,3,131.244566
70,4,254.712752
70,5,2.822066
70,6,182.97826
70,7,50.60392
70,8,10.371694
70,9,187.779688
70,10,137.814208
70,11,110.240588
70,12,25.419698
70,13,138.706186
70,14,161.519524
70,15,183.326346
70,16,185.640116
70,17,183.200556
70,18,84.529496
70,19,96.410494
70,20,228.50782
70,21,289.656194
70,22,327.354264
70,23,151.156658
70,24,297.954038
70,25,204.681634
70,26,247.72708
70,27,284.703508
70,28,220.38355
70,29,266.816532
70,30,129.962492
70,31,142.325594
70,32,269.848136
70,33,254.357686
70,34,132.95915
70,35,289.390916
70,36,324.293658
70,37,6.60748
70,38,192.311658
70,39,79.821244
70,40,156.715248
70,41,173.881906
70,42,296.303902
70,43,128.316492
70,44,337.001516
70,45,7.274948
70,46,59.40908
70,47,142.855538
70,48,197.5989
70,49,191.877344
71,0,816.227088
71,1,738.627768
71,2,623.753174
71,3,428.098798
71,4,580.545738
71,5,626.19911
71,6,702.81559
71,7,369.726826
71,8,882.484028
71,9,947.255928
71,10,188.0765
71,11,271.877498
71,12,803.668952
71,13,857.30246
71,14,127.962376
71,15,723.323084
71,16,278.976526
71,17,88.77583
71,18,566.11244
71,19,36.075804
71,20,330.274138
71,21,460.19611
71,22,122.477616
71,23,958.762816
71,24,254.648748
71,25,488.526726
71,26,959.839538
71,27,294.378944
71,28,927.667366
71,29,601.930544
71,30,665.13362
71,31,53.87471
71,32,70.741074
71,33,224.773808
71,34,624.680702
71,35,550.617714
71,36,782.336908
71,37,390.585136
71,38,329.81854
71,39,186.987752
71,40,281.035634
71,41,329.294862
71,42,55.35157
71,43,150.73573
71,44,863.737252
71,45,226.757392
71,46,471.55684
71,47,163.607748
71,48,479.078318
71,49,558.973048
72,0,163.72643
72,1,191.054948
72,2,43.670352
72,3,170.28632
72,4,111.756974
72,5,223.674024
72,6,94.598988
72,7,256.687068
72,8,207.779694
72,9,49.863364
72,10,71.884188
72,11,231.0529
72,12,110.798598
72,13,45.90084
72,14,256.739452
72,15,17.917966
72,16,90.462598
72,17,56.337442
72,18,30.555754
72,19,131.533178
72,20,242.880268
72,21,146.747174
72,22,187.818596
72,23,150.277616
72,24,263.809896
72,25,176.955544
72,26,19.99829
72,27,146.418254
72,28,179.154504
72,29,165.649446
72,30,96.078178
72,31,113.241626
72,32,58.566424
72,33,120.971162
72,34,177.940998
72,35,181.370138
72,36,176.61465
72,37,81.795904
72,38,181.100068
72,39,42.278258
72,40,195.757552
72,41,62.36576
72,42,10.535852
72,43,88.279108
72,44,169.59671
72,45,164.818446
72,46,38.764486
72,47,67.57206
72,48,6.392226
72,49,123.72219
73,0,30.370082
73,1,400.186196
73,2,524.07301
73,3,110.548834
73,4,924.738458
73,5,35.368534
73,6,51.97123
73,7,873.771396
73,8,83.47443
73,9,1.656556
73,10,779.887126
73,11,784.018414
73,12,141.279002
73,13,354.817038
73,14,634.970088
73,15,836.71785
73,16,875.143838
73,17,375.75741
73,18,888.58954
73,19,251.3245
73,20,1011.821654
73,21,146.136234
73,22,62.474974
73,23,571.236974
73,24,214.111376
73,25,952.61268
73,26,531.984426
73,27,857.720468
73,28,260.847916
73,29,442.365476
73,30,837.314732
73,31,88.889386
73,32,517.030832
73,33,269.193568
73,34,886.978328
73,35,1068.327328
73,36,787.323326
73,37,309.833612
73,38,875.730864
73,39,409.510344
73,40,986.636646
73,41,657.544746
73,42,805.303494
73,43,676.344862
73,44,760.449344
73,45,789.509362
73,46,221.545468
73,47,651.044044
73,48,602.827362
73,49,76.308738
74,0,712.27232
74,1,494.287186
74,2,541.804428
74,3,462.892986
74,4,194.526512
74,5,691.899394
74,6,643.747194
74,7,809.21381
74,8,108.663844
74,9,515.853894
74,10,737.829718
74,11,742.339936
74,12,537.742758
74,13,646.073992
74,14,208.9125
74,15,549.385602
74,16,192.160636
74,17,954.7323
74,18,436.348162
74,19,876.26266
74,20,627.019036
74,21,811.148032
74,22,683.494624
74,23,645.58251
74,24,306.19713
74,25,341.826934
74,26,686.2641
74,27,158.819708
74,28,85.307738
74,29,380.786414
74,30,288.887456
74,31,566.208278
74,32,97.218838
74,33,93.837842
74,34,945.468888
74,35,51.874652
74,36,443.577528
74,37,751.524868
74,38,734.70885
74,39,811.271654
74,40,98.512906
74,41,98.398308
74,42,930.509944
74,43,330.63166
74,44,489.821264
74,45,287.06699
74,46,767.501534
74,47,658.730196
74,48,198.012032
74,49,679.360844
75,0,177.54737
75,1,1.138148
75,2,274.424002
75,3,802.326754
75,4,143.15512
75,5,756.90896
75,6,88.830882
75,7,734.666572
75,8,88.565546
75,9,423.03895
75,10,252.8399
75,11,483.534084
75,12,225.632272
75,13,659.202518
75,14,791.039012
75,15,162.18293
75,16,417.118134
75,17,680.393402
75,18,309.302644
75,19,707.642532
75,20,224.665668
75,21,496.953828
75,22,218.441568
75,23,634.787816
75,24,99.780958
75,25,97.158482
75,26,123.711976
75,27,378.248722
75,28,610.208478
75,29,648.978526
75,30,694.982458
75,31,117.035368
75,32,283.999026
75,33,516.29575
75,34,348.738204
75,35,7.74369
75,36,205.032188
75,37,350.073674
75,38,471.719354
75,39,833.599928
75,40,575.02343
75,41,520.612042
75,42,656.170288
75,43,124.367934
75,44,18.854596
75,45,27.120704
75,46,204.349382
75,47,165.135726
75,48,239.338246
75,49,292.219376
76,0,219.448484
76,1,454.911976
76,2,160.157502
76,3,411.680088
76,4,118.197448
76,5,438.065074
76,6,411.884848
76,7,30.542006
76,8,29.836234
76,9,46.261572
76,10,200.454954
76,11,353.119782
76,12,72.526798
76,13,325.496356
76,14,18.991936
76,15,432.553202
76,16,304.64822
76,17,235.777092
76,18,150.471366
76,19,273.844236
76,20,64.445544
76,21,335.696834
76,22,185.65948
76,23,171.14084
76,24,25.233194
76,25,122.920972
76,26,96.304078
76,27,432.430494
76,28,131.925126
76,29,351.251348
76,30,312.093548
76,31,47.702804
76,32,302.113664
76,33,329.29773
76,34,158.24614
76,35,357.154574
76,36,330.997846
76,37,406.717546
76,38,304.403266
76,39,212.246214
76,40,172.667016
76,41,59.523414
76,42,338.85312
76,43,285.94792
76,44,105.521468
76,45,61.567714
76,46,8.02152
76,47,103.80055
76,48,168.240868
76,49,58.891524
77,0,795.592106
77,1,371.490736
77,2,170.702638
77,3,709.39874
77,4,380.75639
77,5,796.19652
77,6,572.024142
77,7,516.56039
77,8,754.574582
77,9,758.972224
77,10,551.542234
77,11,638.009694
77,12,61.697734
77,13,244.250102
77,14,343.95843
77,15,332.205118
77,16,180.736342
77,17,419.780792
77,18,265.476122
77,19,59.36422
77,20,63.81197
77,21,415.538408
77,22,429.065942
77,23,410.020992
77,24,381.74452
77,25,747.899988
77,26,603.793774
77,27,736.441012
77,28,234.653188
77,29,434.47378
77,30,173.734384
77,31,754.18234
77,32,628.552768
77,33,388.176916
77,34,212.508876
77,35,627.730444
77,36,700.364464
77,37,462.498932
77,38,58.925114
77,39,662.226616
77,40,597.642448
77,41,498.141606
77,42,175.3769
77,43,292.22748
77,44,682.548374
77,45,67.268262
77,46,501.275942
77,47,190.816574
77,48,530.91242
77,49,730.86276
78,0,11.09826
78,1,26.760666
78,2,25.620484
78,3,83.30134
78,4,7.57E-02
78,5,11.649518
78,6,15.778978
78,7,11.114844
78,8,16.326134
78,9,51.636146
78,10,27.39757
78,11,68.858016
78,12,78.790588
78,13,28.882096
78,14,4.61485
78,15,88.227538
78,16,99.997814
78,17,53.564718
78,18,36.583066
78,19,1.974564
78,20,91.035466
78,21,69.491266
78,22,93.229534
78,23,68.943402
78,24,71.18236
78,25,104.53735
78,26,83.680086
78,27,49.350144
78,28,71.241932
78,29,108.575862
78,30,49.349504
78,31,81.798818
78,32,30.595722
78,33,12.441914
78,34,75.126442
78,35,78.6022
78,36,26.776876
78,37,5.453924
78,38,82.826052
78,39,84.246046
78,40,103.745672
78,41,47.45524
78,42,27.138956
78,43,41.450302
78,44,97.00442
78,45,38.341734
78,46,35.238404
78,47,26.217976
78,48,34.665856
78,49,54.526896
79,0,218.012612
79,1,23.920834
79,2,211.66141
79,3,114.6363
79,4,115.55803
79,5,180.41382
79,6,105.042468
79,7,9.435588
79,8,196.15603
79,9,31.759614
79,10,174.641308
79,11,216.92913
79,12,166.032444
79,13,63.52138
79,14,97.628914
79,15,177.841798
79,16,162.63781
79,17,51.382476
79,18,164.709086
79,19,99.44851
79,20,160.366322
79,21,161.628388
79,22,199.813898
79,23,33.941236
79,24,115.660386
79,25,74.800154
79,26,55.870262
79,27,50.438684
79,28,141.729502
79,29,77.973188
79,30,42.880816
79,31,83.36777
79,32,160.586228
79,33,39.427262
79,34,60.30015
79,35,121.890046
79,36,167.808908
79,37,9.883082
79,38,192.672616
79,39,76.627588
79,40,31.784058
79,41,203.36191
79,42,71.812486
79,43,150.565572
79,44,212.67862
79,45,147.017924
79,46,194.576098
79,47,112.146166
79,48,80.293792
79,49,60.485748
80,0,292.323252
80,1,833.948176
80,2,891.048402
80,3,661.917274
80,4,908.273254
80,5,900.64216
80,6,954.537534
80,7,809.52143
80,8,711.858526
80,9,351.392016
80,10,562.436672
80,11,165.245674
80,12,810.824888
80,13,717.482764
80,14,568.269864
80,15,590.10363
80,16,798.328382
80,17,648.890142
80,18,487.962892
80,19,437.864796
80,20,5.903954
80,21,475.44777
80,22,372.923444
80,23,656.76758
80,24,563.238116
80,25,330.31773
80,26,161.404162
80,27,388.843468
80,28,603.454474
80,29,63.57393
80,30,267.835852
80,31,366.118838
80,32,916.436378
80,33,837.223012
80,34,508.814242
80,35,734.324216
80,36,170.378938
80,37,305.345712
80,38,769.801628
80,39,412.601634
80,40,783.906892
80,41,267.240648
80,42,711.99314
80,43,512.373396
80,44,427.12938
80,45,191.492048
80,46,121.53009
80,47,197.938512
80,48,393.32168
80,49,342.53395
81,0,240.445444
81,1,706.264778
81,2,626.305812
81,3,147.711886
81,4,718.966964
81,5,424.074138
81,6,401.045366
81,7,932.764298
81,8,604.752786
81,9,782.03445
81,10,220.57435
81,11,831.357418
81,12,380.95913
81,13,1098.08527
81,14,1011.87919
81,15,143.778934
81,16,70.745978
81,17,567.59456
81,18,646.303692
81,19,853.8435
81,20,948.750296
81,21,635.206762
81,22,314.247546
81,23,143.314814
81,24,507.206356
81,25,574.805468
81,26,796.789498
81,27,137.391698
81,28,632.322102
81,29,92.078408
81,30,237.699542
81,31,407.758258
81,32,962.86447
81,33,557.614252
81,34,285.94401
81,35,1147.341516
81,36,838.554536
81,37,722.678356
81,38,1039.619328
81,39,664.65176
81,40,270.689152
81,41,493.37853
81,42,366.402818
81,43,538.834654
81,44,1060.305114
81,45,1098.773602
81,46,1156.147154
81,47,917.78801
81,48,1052.19791
81,49,1046.368798
82,0,541.62532
82,1,549.900374
82,2,691.365386
82,3,661.244934
82,4,415.678528
82,5,335.218886
82,6,580.465308
82,7,78.459626
82,8,230.341226
82,9,186.238796
82,10,341.714386
82,11,592.719718
82,12,293.673258
82,13,357.174574
82,14,6.820372
82,15,659.780744
82,16,213.11014
82,17,2.951636
82,18,641.822234
82,19,332.41218
82,20,716.262258
82,21,535.252434
82,22,159.568782
82,23,614.880524
82,24,136.718404
82,25,178.836476
82,26,565.895718
82,27,725.8437
82,28,759.768748
82,29,613.567956
82,30,127.478942
82,31,225.028742
82,32,265.038144
82,33,525.664296
82,34,539.010688
82,35,327.8856
82,36,183.429932
82,37,41.198088
82,38,684.581682
82,39,502.356336
82,40,243.99923
82,41,577.990196
82,42,148.943416
82,43,240.205216
82,44,357.20778
82,45,622.10115
82,46,700.976682
82,47,536.747254
82,48,64.604128
82,49,476.648964
83,0,23.983032
83,1,267.541986
83,2,304.140888
83,3,313.485738
83,4,283.533808
83,5,159.800428
83,6,442.909224
83,7,298.238494
83,8,500.09381
83,9,40.019466
83,10,49.913094
83,11,14.72191
83,12,449.154182
83,13,529.294616
83,14,372.461316
83,15,456.89338
83,16,131.392484
83,17,94.048262
83,18,332.671028
83,19,367.055244
83,20,540.205376
83,21,530.288386
83,22,220.174312
83,23,418.455178
83,24,111.34813
83,25,77.171144
83,26,2.07109
83,27,401.548976
83,28,282.227906
83,29,227.69483
83,30,28.033388
83,31,48.686022
83,32,168.998408
83,33,331.22015
83,34,114.36505
83,35,3.675626
83,36,466.92734
83,37,318.137676
83,38,142.031344
83,39,81.768188
83,40,430.271342
83,41,414.339112
83,42,51.026406
83,43,346.622334
83,44,225.763094
83,45,334.161834
83,46,131.544326
83,47,368.972786
83,48,478.306178
83,49,275.970306
84,0,181.25249
84,1,0.613772
84,2,32.594348
84,3,81.512386
84,4,220.86445
84,5,277.42129
84,6,13.360372
84,7,208.253468
84,8,109.35839
84,9,38.079156
84,10,180.290338
84,11,28.212656
84,12,224.660566
84,13,108.37327
84,14,56.933036
84,15,103.022416
84,16,29.862218
84,17,149.603814
84,18,116.941478
84,19,188.782506
84,20,164.745206
84,21,236.02945
84,22,19.567596
84,23,133.815904
84,24,14.131826
84,25,133.814598
84,26,186.543908
84,27,17.854874
84,28,96.7739
84,29,26.086556
84,30,24.008738
84,31,68.44205
84,32,41.960824
84,33,243.714868
84,34,283.730854
84,35,105.97999
84,36,213.396664
84,37,233.058034
84,38,102.407162
84,39,46.387148
84,40,56.522386
84,41,56.767002
84,42,129.602898
84,43,113.681718
84,44,216.378836
84,45,74.895556
84,46,9.268686
84,47,24.471678
84,48,109.29205
84,49,95.251008
85,0,245.202712
85,1,9.518166
85,2,180.11626
85,3,232.917018
85,4,100.567532
85,5,98.435536
85,6,145.232038
85,7,169.66626
85,8,91.67332
85,9,177.50219
85,10,210.374338
85,11,145.807594
85,12,127.371112
85,13,228.566798
85,14,116.757244
85,15,237.13971
85,16,169.898678
85,17,88.08116
85,18,45.156628
85,19,49.984964
85,20,180.647472
85,21,103.10236
85,22,18.205604
85,23,35.352386
85,24,179.684626
85,25,147.474172
85,26,133.559794
85,27,163.394386
85,28,127.29717
85,29,25.820828
85,30,57.952328
85,31,41.708774
85,32,217.854376
85,33,71.224778
85,34,161.987028
85,35,166.90388
85,36,79.09276
85,37,232.375796
85,38,167.924242
85,39,170.418502
85,40,49.445418
85,41,221.032168
85,42,146.839818
85,43,133.26215
85,44,11.801988
85,45,7.965208
85,46,182.933248
85,47,126.025548
85,48,25.338882
85,49,109.325302
86,0,332.60059
86,1,126.38659
86,2,68.454422
86,3,136.727602
86,4,56.04598
86,5,174.438856
86,6,257.13269
86,7,211.464034
86,8,345.399546
86,9,161.232326
86,10,455.142822
86,11,144.883368
86,12,142.1517
86,13,199.483132
86,14,297.072934
86,15,201.258968
86,16,213.638812
86,17,385.249814
86,18,203.318704
86,19,36.555716
86,20,182.943644
86,21,42.191054
86,22,312.243368
86,23,406.66329
86,24,162.334266
86,25,368.88464
86,26,435.164058
86,27,74.589144
86,28,434.13173
86,29,309.695442
86,30,218.583318
86,31,214.188838
86,32,243.5591
86,33,298.491956
86,34,149.887538
86,35,245.656122
86,36,249.778584
86,37,142.476106
86,38,217.493698
86,39,118.419732
86,40,325.523814
86,41,19.521364
86,42,82.75387
86,43,395.305378
86,44,370.630906
86,45,204.848326
86,46,310.291122
86,47,116.375666
86,48,2.665622
86,49,293.847806
87,0,662.862218
87,1,47.301212
87,2,187.51716
87,3,878.900222
87,4,137.587636
87,5,956.214528
87,6,688.17
87,7,953.295032
87,8,580.270606
87,9,113.27504
87,10,690.254166
87,11,245.03605
87,12,445.421238
87,13,763.33579
87,14,460.840642
87,15,352.465362
87,16,948.281226
87,17,668.041532
87,18,381.800898
87,19,761.74666
87,20,349.361368
87,21,968.264062
87,22,36.274996
87,23,871.15293
87,24,1005.700608
87,25,722.892142
87,26,735.592046
87,27,613.059312
87,28,122.87569
87,29,275.46549
87,30,402.964922
87,31,55.35243
87,32,219.042938
87,33,337.59744
87,34,102.17139
87,35,141.456812
87,36,955.600864
87,37,467.6146
87,38,495.422194
87,39,457.300468
87,40,178.05497
87,41,605.055414
87,42,452.646328
87,43,726.205538
87,44,166.785516
87,45,41.432034
87,46,162.961924
87,47,464.713108
87,48,980.250038
87,49,297.74498
88,0,73.160308
88,1,158.715016
88,2,135.15835
88,3,150.960002
88,4,72.64211
88,5,102.604426
88,6,2.894224
88,7,64.924682
88,8,64.341108
88,9,180.758798
88,10,129.396924
88,11,175.522294
88,12,148.486218
88,13,2.58641
88,14,70.05239
88,15,6.768496
88,16,74.03863
88,17,197.72785
88,18,49.71047
88,19,109.851364
88,20,65.953706
88,21,93.44501
88,22,118.001944
88,23,69.32838
88,24,99.721376
88,25,61.633348
88,26,61.530396
88,27,197.07957
88,28,168.646984
88,29,164.569926
88,30,132.772704
88,31,72.757248
88,32,175.875292
88,33,38.990446
88,34,6.370646
88,35,56.342094
88,36,60.69245
88,37,33.30734
88,38,34.95403
88,39,175.223502
88,40,26.961424
88,41,123.34411
88,42,84.97373
88,43,154.710622
88,44,192.817102
88,45,180.15539
88,46,87.474818
88,47,69.65523
88,48,89.785512
88,49,199.749478
89,0,155.313082
89,1,3.060158
89,2,55.432204
89,3,82.263888
89,4,20.779504
89,5,1.501064
89,6,46.358666
89,7,108.218018
89,8,212.891678
89,9,24.721444
89,10,45.287494
89,11,271.059088
89,12,226.031754
89,13,77.349582
89,14,89.048742
89,15,67.961484
89,16,178.161204
89,17,37.06667
89,18,73.998914
89,19,253.112192
89,20,80.456256
89,21,228.726136
89,22,257.785552
89,23,117.570802
89,24,257.177142
89,25,176.87967
89,26,156.145904
89,27,217.628826
89,28,101.039696
89,29,28.971054
89,30,0.987136
89,31,16.096914
89,32,237.51242
89,33,120.663502
89,34,232.311014
89,35,39.811448
89,36,24.42859
89,37,253.021336
89,38,48.056312
89,39,261.429504
89,40,120.770384
89,41,1.284786
89,42,82.947668
89,43,94.521316
89,44,33.287128
89,45,34.518752
89,46,128.563668
89,47,259.164012
89,48,82.245026
89,49,215.692628
90,0,642.890218
90,1,506.876328
90,2,240.011424
90,3,332.79423
90,4,264.071894
90,5,195.417686
90,6,651.15744
90,7,128.228564
90,8,17.233812
90,9,75.04712
90,10,369.53465
90,11,638.417644
90,12,146.517608
90,13,142.919828
90,14,184.06689
90,15,657.525692
90,16,39.627354
90,17,726.641678
90,18,44.703592
90,19,417.343564
90,20,97.984006
90,21,152.986768
90,22,248.277938
90,23,124.024588
90,24,384.86
90,25,349.806456
90,26,716.279798
90,27,565.31175
90,28,587.438126
90,29,533.546254
90,30,400.92653
90,31,802.563026
90,32,776.876386
90,33,462.932706
90,34,174.436306
90,35,680.681388
90,36,236.559332
90,37,130.439626
90,38,651.9279
90,39,44.595226
90,40,370.748386
90,41,632.840494
90,42,833.139076
90,43,739.063152
90,44,419.800702
90,45,741.285288
90,46,568.6886
90,47,818.620966
90,48,766.466692
90,49,109.961852
91,0,934.74157
91,1,1278.814978
91,2,445.608468
91,3,862.223222
91,4,1729.428944
91,5,922.681412
91,6,500.969364
91,7,1587.412628
91,8,787.868496
91,9,923.668732
91,10,419.727114
91,11,13.85226
91,12,414.67817
91,13,395.722792
91,14,1513.478946
91,15,957.322572
91,16,123.705966
91,17,877.939552
91,18,1163.2024
91,19,1642.677688
91,20,405.195068
91,21,1137.890858
91,22,718.16897
91,23,1742.354594
91,24,1574.697742
91,25,1315.730062
91,26,1421.494136
91,27,169.112056
91,28,1268.0714
91,29,429.316798
91,30,1612.720708
91,31,1108.779686
91,32,816.242754
91,33,421.823076
91,34,64.746692
91,35,157.317812
91,36,141.364974
91,37,1572.490648
91,38,832.732118
91,39,501.757596
91,40,1458.06416
91,41,1661.504348
91,42,479.466768
91,43,775.599544
91,44,119.144938
91,45,1397.653948
91,46,1303.137654
91,47,757.338786
91,48,52.8406
91,49,632.192954
92,0,33.78449
92,1,26.72454
92,2,12.9878
92,3,28.076886
92,4,2.220636
92,5,24.522512
92,6,29.954858
92,7,24.194842
92,8,2.066102
92,9,25.140652
92,10,22.897484
92,11,4.66716
92,12,32.166342
92,13,31.462536
92,14,16.465246
92,15,40.182046
92,16,9.467936
92,17,5.162736
92,18,11.532076
92,19,34.035496
92,20,33.073518
92,21,13.676964
92,22,32.0933
92,23,12.43741
92,24,24.609664
92,25,37.698368
92,26,12.191554
92,27,19.354658
92,28,20.264076
92,29,31.083936
92,30,26.316052
92,31,31.526462
92,32,22.212
92,33,6.630066
92,34,18.92739
92,35,24.191112
92,36,17.495372
92,37,9.748084
92,38,25.519126
92,39,0.9909
92,40,26.073746
92,41,29.763934
92,42,21.769938
92,43,9.788058
92,44,28.284826
92,45,0.481978
92,46,5.36465
92,47,26.706354
92,48,10.624998
92,49,20.722826
93,0,39.950976
93,1,61.854304
93,2,37.866386
93,3,55.074152
93,4,68.86283
93,5,7.263812
93,6,55.227704
93,7,69.832276
93,8,13.730516
93,9,9.271576
93,10,70.161902
93,11,41.901018
93,12,3.832388
93,13,8.402446
93,14,64.55705
93,15,19.358448
93,16,55.60523
93,17,40.941794
93,18,65.483774
93,19,8.988186
93,20,32.87363
93,21,17.365248
93,22,5.975994
93,23,53.306572
93,24,57.127024
93,25,58.951844
93,26,5.228122
93,27,56.02797
93,28,47.472302
93,29,0.497106
93,30,61.882578
93,31,18.219614
93,32,73.108648
93,33,71.715766
93,34,55.021954
93,35,60.061802
93,36,54.068234
93,37,35.57888
93,38,65.85375
93,39,16.585138
93,40,57.59826
93,41,28.841818
93,42,24.730014
93,43,22.15164
93,44,3.855488
93,45,3.454928
93,46,73.762052
93,47,39.975036
93,48,0.54054
93,49,31.487106
94,0,696.481812
94,1,450.781746
94,2,170.668518
94,3,471.216828
94,4,439.745306
94,5,44.37639
94,6,477.78822
94,7,193.887594
94,8,216.873568
94,9,440.934908
94,10,336.219682
94,11,48.733398
94,12,137.585564
94,13,200.410466
94,14,70.96427
94,15,631.63405
94,16,306.739618
94,17,256.806826
94,18,557.271922
94,19,516.7326
94,20,143.62427
94,21,585.666216
94,22,359.176762
94,23,136.658866
94,24,398.065532
94,25,719.001126
94,26,469.209358
94,27,271.887364
94,28,80.520596
94,29,255.951272
94,30,607.005806
94,31,544.945742
94,32,97.860398
94,33,72.014272
94,34,453.685956
94,35,174.532752
94,36,355.652084
94,37,606.81749
94,38,455.11443
94,39,243.897846
94,40,136.604238
94,41,63.383598
94,42,512.98825
94,43,613.12452
94,44,205.70653
94,45,247.061352
94,46,291.500274
94,47,677.91564
94,48,487.972596
94,49,110.455012
95,0,1.272032
95,1,5.917136
95,2,1.436016
95,3,6.621902
95,4,5.715014
95,5,1.204904
95,6,5.847154
95,7,4.23418
95,8,7.54411
95,9,4.783034
95,10,4.395912
95,11,0.57714
95,12,5.047322
95,13,1.36155
95,14,0.5001
95,15,7.31535
95,16,5.488514
95,17,7.49978
95,18,1.157756
95,19,5.580882
95,20,6.591114
95,21,2.94944
95,22,1.402578
95,23,3.883764
95,24,5.958048
95,25,0.591454
95,26,6.188392
95,27,4.486812
95,28,3.659778
95,29,6.342802
95,30,5.990652
95,31,2.908172
95,32,3.832146
95,33,4.55043
95,34,4.544594
95,35,4.033834
95,36,3.647448
95,37,3.420112
95,38,6.6699
95,39,6.151946
95,40,7.332938
95,41,0.409118
95,42,0.795052
95,43,5.015408
95,44,5.098958
95,45,4.642562
95,46,7.400408
95,47,5.808798
95,48,7.100704
95,49,4.226838
96,0,609.588218
96,1,309.161376
96,2,435.375624
96,3,597.123648
96,4,287.688824
96,5,736.113518
96,6,459.114864
96,7,48.707974
96,8,611.689098
96,9,306.619278
96,10,2.153004
96,11,4.783904
96,12,732.746666
96,13,105.307228
96,14,690.358748
96,15,348.835864
96,16,233.144416
96,17,566.807534
96,18,293.007714
96,19,266.717762
96,20,216.255238
96,21,176.13066
96,22,331.792446
96,23,411.417066
96,24,694.933708
96,25,656.764616
96,26,55.581702
96,27,520.358176
96,28,488.969084
96,29,527.601384
96,30,190.036992
96,31,726.144236
96,32,337.999612
96,33,368.088974
96,34,740.61071
96,35,139.87975
96,36,173.892982
96,37,567.66113
96,38,649.905056
96,39,332.379978
96,40,449.722058
96,41,464.630516
96,42,167.927482
96,43,169.35441
96,44,27.460926
96,45,251.547316
96,46,387.054524
96,47,211.043172
96,48,383.364586
96,49,260.17742
97,0,647.917624
97,1,156.429076
97,2,1087.770134
97,3,457.906056
97,4,646.071714
97,5,916.465124
97,6,750.236744
97,7,152.510678
97,8,614.651432
97,9,22.53683
97,10,1112.434156
97,11,651.14277
97,12,424.468428
97,13,59.47784
97,14,601.916524
97,15,367.494398
97,16,882.326474
97,17,317.354196
97,18,471.24471
97,19,900.757894
97,20,207.900638
97,21,1099.287158
97,22,364.268444
97,23,470.751138
97,24,546.331144
97,25,52.011742
97,26,387.149654
97,27,878.301948
97,28,1012.444964
97,29,481.297242
97,30,150.804256
97,31,860.098866
97,32,628.217654
97,33,264.614176
97,34,221.924304
97,35,1138.59669
97,36,193.262902
97,37,123.881466
97,38,516.420672
97,39,192.533122
97,40,915.00097
97,41,520.418584
97,42,188.939468
97,43,272.63614
97,44,78.26485
97,45,256.16563
97,46,333.775644
97,47,200.047834
97,48,671.086364
97,49,429.237936
98,0,56.456154
98,1,22.698372
98,2,113.38652
98,3,84.121306
98,4,117.92305
98,5,100.57447
98,6,40.02
98,7,57.535052
98,8,46.197848
98,9,70.389438
98,10,100.162552
98,11,76.776112
98,12,88.908598
98,13,91.398454
98,14,70.111094
98,15,12.544098
98,16,94.179402
98,17,110.200094
98,18,10.615008
98,19,105.422612
98,20,73.911098
98,21,58.187452
98,22,68.69965
98,23,53.20188
98,24,135.62133
98,25,117.046782
98,26,98.261696
98,27,65.349368
98,28,94.090782
98,29,79.828726
98,30,130.735194
98,31,129.088104
98,32,46.53498
98,33,132.3602
98,34,127.321748
98,35,140.086812
98,36,6.698592
98,37,47.160704
98,38,73.138538
98,39,73.109014
98,40,19.134756
98,41,132.958198
98,42,21.20334
98,43,130.532062
98,44,102.008474
98,45,81.211714
98,46,134.419758
98,47,77.446228
98,48,45.724804
98,49,141.85947
99,0,254.157716
99,1,80.388864
99,2,288.200818
99,3,53.655988
99,4,280.60684
99,5,308.213754
99,6,234.88131
99,7,164.873806
99,8,227.33097
99,9,140.259842
99,10,296.201726
99,11,96.376912
99,12,179.969116
99,13,318.646928
99,14,146.04153
99,15,18.886728
99,16,132.334704
99,17,137.932282
99,18,251.814766
99,19,117.220408
99,20,43.205708
99,21,200.397678
99,22,82.1933
99,23,224.998318
99,24,54.681226
99,25,276.8838
99,26,248.266026
99,27,178.890782
99,28,215.798214
99,29,12.526878
99,30,21.840628
99,31,240.514556
99,32,207.932244
99,33,118.794066
99,34,224.706306
99,35,87.059004
99,36,157.060948
99,37,154.451434
99,38,239.298892
99,39,108.10021
99,40,196.294356
99,41,136.161902
99,42,194.997486
99,43,251.230686
99,44,93.226504
99,45,320.350894
99,46,146.220514
99,47,111.873814
99,48,132.086818
99,49,306.104078
