0,0,187.1622811
0,1,50.24649871
0,2,89.12560574
0,3,58.97337202
0,4,25.6809691
0,5,123.9216577
0,6,184.6026468
0,7,3.956093868
0,8,17.79886621
0,9,148.8560345
0,10,8.636321845
0,11,91.08061633
0,12,106.6568236
0,13,232.2546185
0,14,253.8053114
0,15,190.3141986
0,16,538.1750521
0,17,84.7062931
0,18,287.221745
0,19,79.12786034
0,20,19.44690353
0,21,45.73002573
0,22,207.6069302
0,23,5.849113372
0,24,453.7998656
0,25,757.0617279
0,26,187.8932196
0,27,252.5271836
0,28,34.32817071
0,29,80.9955232
0,30,34.82282768
0,31,10.03182234
0,32,286.951434
0,33,407.0731753
0,34,258.949043
0,35,460.9754244
0,36,17.39627105
0,37,451.6366136
0,38,184.0520548
0,39,14.20612793
0,40,60.00116131
0,41,4.172649455
0,42,409.8919809
0,43,120.8549977
0,44,249.921005
0,45,172.611014
0,46,18.3037589
0,47,39.66152137
0,48,67.82747569
0,49,285.2134365
1,0,46.18424147
1,1,72.26263265
1,2,129.8982704
1,3,141.3660395
1,4,292.1069441
1,5,525.3221704
1,6,462.6752539
1,7,64.92109771
1,8,279.5295855
1,9,59.98456684
1,10,64.3766165
1,11,5.875915421
1,12,348.440344
1,13,3.524759096
1,14,2.361062707
1,15,10.24335646
1,16,172.1026715
1,17,228.4856441
1,18,162.6216002
1,19,47.05279487
1,20,370.3283189
1,21,25.48869261
1,22,11.69012911
1,23,44.08196936
1,24,1.321469697
1,25,73.42710347
1,26,59.03910044
1,27,204.5162857
1,28,273.7920076
1,29,608.8597159
1,30,451.793975
1,31,97.80013641
1,32,6.418172558
1,33,113.2092867
1,34,256.1111127
1,35,104.3237301
1,36,189.084903
1,37,56.46061401
1,38,71.78711182
1,39,5.307243367
1,40,203.1802823
1,41,27.24729554
1,42,60.81861617
1,43,91.94359806
1,44,372.4751999
1,45,246.4344291
1,46,481.8254342
1,47,332.7546677
1,48,365.5756474
1,49,124.5127092
2,0,594.9243539
2,1,116.9898023
2,2,1117.570564
2,3,521.564034
2,4,974.8054868
2,5,1375.989521
2,6,162.3966062
2,7,131.3623955
2,8,718.655197
2,9,357.7095691
2,10,85.08485705
2,11,287.1055244
2,12,429.3264559
2,13,18.39607148
2,14,219.6617614
2,15,959.7996385
2,16,0.530795295
2,17,162.7141723
2,18,278.6810178
2,19,1235.026891
2,20,347.829868
2,21,119.0485525
2,22,668.3247164
2,23,7.106761005
2,24,266.0690169
2,25,85.5410019
2,26,657.2424913
2,27,219.5949415
2,28,7.780386712
2,29,210.8944156
2,30,1250.799885
2,31,63.67267048
2,32,17.03721958
2,33,313.8609128
2,34,159.16872
2,35,450.7709764
2,36,74.87850263
2,37,70.15501739
2,38,137.4556194
2,39,853.18151
2,40,154.067075
2,41,213.8600279
2,42,282.7913039
2,43,306.3041208
2,44,471.7010812
2,45,178.9395643
2,46,87.73444114
2,47,136.5993857
2,48,1066.231628
2,49,0.191768772
3,0,248.3640728
3,1,333.24711
3,2,75.61894712
3,3,391.8039486
3,4,216.4189848
3,5,452.8728794
3,6,93.66642145
3,7,162.9695662
3,8,66.10745114
3,9,13.20476811
3,10,222.5349552
3,11,454.1809565
3,12,56.33044818
3,13,492.727525
3,14,8.478008686
3,15,132.0590663
3,16,106.340228
3,17,149.4375037
3,18,170.5929705
3,19,175.0186525
3,20,46.34673155
3,21,252.5784288
3,22,48.80077202
3,23,298.4113185
3,24,286.1054915
3,25,293.7263048
3,26,400.8811706
3,27,134.8830725
3,28,205.8613751
3,29,2.877194225
3,30,13.826872
3,31,413.3881516
3,32,2.348507869
3,33,4.099257012
3,34,394.194041
3,35,214.6316816
3,36,202.3357599
3,37,319.0579574
3,38,70.84966081
3,39,131.2652823
3,40,307.347421
3,41,236.1724223
3,42,96.47156651
3,43,129.810972
3,44,131.7790295
3,45,79.46426354
3,46,215.6563289
3,47,262.8857352
3,48,132.5761479
3,49,19.52627306
4,0,259.127865
4,1,150.9326897
4,2,5.044608813
4,3,204.5961649
4,4,56.0518999
4,5,67.08765375
4,6,169.7061327
4,7,4.269735149
4,8,126.8153399
4,9,296.6077103
4,10,98.65193696
4,11,38.78848166
4,12,115.493251
4,13,46.2566815
4,14,103.2122562
4,15,141.4795692
4,16,10.38097775
4,17,117.3517852
4,18,51.02686632
4,19,0.382831263
4,20,131.9833929
4,21,10.06106137
4,22,63.29878646
4,23,128.8798783
4,24,227.7475286
4,25,1.564312802
4,26,73.48792687
4,27,214.5889255
4,28,333.9450325
4,29,234.6162659
4,30,178.006041
4,31,16.09582835
4,32,41.73927858
4,33,104.6202472
4,34,261.333497
4,35,170.6493681
4,36,58.86079685
4,37,131.5550541
4,38,49.28904859
4,39,13.58654538
4,40,47.67554972
4,41,60.19689146
4,42,17.7052678
4,43,39.47708974
4,44,1.647796984
4,45,66.17862585
4,46,13.93835918
4,47,12.62848029
4,48,112.0433431
4,49,17.80604577
5,0,37.78532607
5,1,13.64041435
5,2,110.7503184
5,3,218.2522608
5,4,28.12818856
5,5,12.45012561
5,6,38.65071826
5,7,2.847092749
5,8,294.8725301
5,9,113.4043865
5,10,271.0207055
5,11,208.6567784
5,12,25.75444146
5,13,21.1658801
5,14,20.07109472
5,15,14.69076291
5,16,37.43305727
5,17,131.4724278
5,18,196.5559318
5,19,18.39002266
5,20,118.5419136
5,21,166.7541613
5,22,215.2219904
5,23,16.73138744
5,24,202.3817707
5,25,67.31571167
5,26,230.48342
5,27,216.7146656
5,28,0.43613184
5,29,70.68522344
5,30,71.14480302
5,31,0.668929954
5,32,10.34390011
5,33,404.7781494
5,34,102.1388611
5,35,162.9603667
5,36,34.8854986
5,37,134.7780732
5,38,5.995557594
5,39,14.18924631
5,40,169.7079853
5,41,194.8821677
5,42,263.5573434
5,43,68.03149337
5,44,418.519176
5,45,59.74144684
5,46,109.9454602
5,47,194.5503764
5,48,304.8274917
5,49,467.3694485
6,0,96.63979041
6,1,223.8079614
6,2,433.3439773
6,3,676.8918112
6,4,206.3558111
6,5,17.03361582
6,6,280.798788
6,7,417.4223465
6,8,28.82311931
6,9,601.3630701
6,10,661.006023
6,11,231.8786619
6,12,130.3713694
6,13,715.0826651
6,14,486.1732375
6,15,62.94123297
6,16,140.89729
6,17,87.41527923
6,18,39.17199132
6,19,1106.003308
6,20,2.672842173
6,21,1174.902609
6,22,586.3360331
6,23,204.9943565
6,24,102.6001737
6,25,47.80107317
6,26,584.6753666
6,27,1167.324683
6,28,14.96133511
6,29,1655.888336
6,30,9.050120346
6,31,363.1424022
6,32,37.31742763
6,33,75.8989814
6,34,197.8554604
6,35,74.57382714
6,36,134.230752
6,37,35.48100444
6,38,771.2569172
6,39,46.7621143
6,40,1504.120415
6,41,565.8881614
6,42,45.94239495
6,43,276.8542049
6,44,215.479016
6,45,347.9785573
6,46,671.6749925
6,47,230.3710678
6,48,114.9314323
6,49,255.063693
7,0,1319.198217
7,1,215.5485665
7,2,120.8531957
7,3,369.0811709
7,4,228.9748938
7,5,389.3762933
7,6,284.7482951
7,7,289.4682273
7,8,498.4904015
7,9,346.8845171
7,10,1239.065915
7,11,557.9243204
7,12,17.2911785
7,13,148.8220542
7,14,1445.935208
7,15,139.1537227
7,16,1003.319216
7,17,322.3953144
7,18,1289.030012
7,19,10.12993191
7,20,659.1899514
7,21,1.543662267
7,22,1108.135716
7,23,191.1690469
7,24,1690.680485
7,25,13.98394482
7,26,353.9164613
7,27,75.25051077
7,28,58.68170244
7,29,395.4470085
7,30,425.8718921
7,31,760.4779844
7,32,486.9719821
7,33,1407.170327
7,34,112.9128747
7,35,183.4977836
7,36,17.86714109
7,37,774.3301662
7,38,115.9933112
7,39,317.8503969
7,40,1251.238395
7,41,460.4672161
7,42,515.8241647
7,43,81.49767282
7,44,362.3592637
7,45,184.106734
7,46,3.553864145
7,47,84.45521941
7,48,110.3812032
7,49,17.71376123
8,0,34.98176389
8,1,41.68263986
8,2,2.482397833
8,3,60.29877575
8,4,75.89553631
8,5,44.48598537
8,6,45.63088806
8,7,22.87424797
8,8,82.47306796
8,9,95.54061972
8,10,74.94262221
8,11,29.36954724
8,12,30.96326474
8,13,118.5800133
8,14,74.75126167
8,15,115.4473526
8,16,90.60405703
8,17,104.5149447
8,18,116.9795651
8,19,3.66833152
8,20,39.35813214
8,21,12.67793035
8,22,121.266508
8,23,48.4386033
8,24,48.69249361
8,25,18.54628522
8,26,98.23461989
8,27,11.29467762
8,28,0.006622189
8,29,129.5627449
8,30,108.3066879
8,31,48.19281008
8,32,16.85107943
8,33,8.336120575
8,34,157.7524545
8,35,91.44549443
8,36,25.43351168
8,37,69.01984883
8,38,44.9196032
8,39,179.6270533
8,40,3.621916871
8,41,60.75041815
8,42,1.731485435
8,43,125.3492618
8,44,11.49731817
8,45,9.265261941
8,46,36.20861238
8,47,3.634598694
8,48,35.18887635
8,49,51.555992
9,0,56.03860195
9,1,43.19124408
9,2,332.2857609
9,3,375.1280026
9,4,294.7902294
9,5,1.908271463
9,6,253.7615942
9,7,143.5215012
9,8,159.7611034
9,9,193.1811201
9,10,337.9374743
9,11,39.01721205
9,12,434.6849832
9,13,117.2745817
9,14,24.57039194
9,15,126.7127774
9,16,38.82113567
9,17,134.1786005
9,18,67.16741891
9,19,99.66726761
9,20,183.3652253
9,21,60.48226277
9,22,136.385498
9,23,521.1641763
9,24,648.8168153
9,25,121.2699555
9,26,238.2714419
9,27,186.7112455
9,28,81.97779178
9,29,434.5094305
9,30,93.32257605
9,31,313.0404916
9,32,61.5646763
9,33,248.1214175
9,34,132.5395594
9,35,230.9460845
9,36,46.92927857
9,37,62.79527296
9,38,57.62972251
9,39,14.0477946
9,40,34.63607899
9,41,327.2844707
9,42,10.35108123
9,43,77.08845295
9,44,25.99432607
9,45,72.21835644
9,46,0.568277232
9,47,454.2558383
9,48,19.46073048
9,49,229.6505808
10,0,304.4788767
10,1,210.9443414
10,2,200.4191592
10,3,182.7145085
10,4,718.8873523
10,5,135.6924272
10,6,168.9248971
10,7,121.5599899
10,8,147.9579889
10,9,25.99500769
10,10,322.4852018
10,11,47.84203853
10,12,531.2688641
10,13,20.07516457
10,14,440.0416122
10,15,48.56166446
10,16,496.1886978
10,17,225.3641436
10,18,3.434779504
10,19,47.25260286
10,20,23.53619053
10,21,5.918809452
10,22,23.78766995
10,23,26.71801654
10,24,68.2611481
10,25,162.1258697
10,26,779.1064039
10,27,135.9312046
10,28,441.6970742
10,29,97.70497031
10,30,92.492817
10,31,469.1016912
10,32,516.8110748
10,33,2.361703838
10,34,266.0590332
10,35,485.3426674
10,36,1.95255852
10,37,30.52135299
10,38,656.822435
10,39,55.78726319
10,40,777.5760416
10,41,558.6359228
10,42,486.4272258
10,43,143.5342517
10,44,467.0385807
10,45,732.1840947
10,46,196.6561381
10,47,0.237572509
10,48,294.2537265
10,49,610.2497364
11,0,4.67471949
11,1,57.62532146
11,2,13.11019336
11,3,6.532910853
11,4,28.92623658
11,5,42.28671318
11,6,83.17979661
11,7,60.09477558
11,8,119.2388138
11,9,121.5395947
11,10,12.01448152
11,11,138.6443723
11,12,4.705680173
11,13,60.92955143
11,14,18.28579224
11,15,6.04423451
11,16,153.8075441
11,17,6.861129934
11,18,78.35394586
11,19,39.55706709
11,20,4.797803658
11,21,53.1445287
11,22,11.2401174
11,23,87.94154107
11,24,76.46686321
11,25,6.487487726
11,26,19.49790709
11,27,17.37769973
11,28,141.2840209
11,29,108.2748445
11,30,15.77022452
11,31,62.26320673
11,32,25.69315216
11,33,135.2605546
11,34,190.277249
11,35,42.85935405
11,36,63.14696143
11,37,58.56558697
11,38,34.09166634
11,39,48.64834625
11,40,35.13012574
11,41,94.87721507
11,42,7.758943969
11,43,24.52937458
11,44,24.42155089
11,45,3.245920012
11,46,1.440507212
11,47,40.25693291
11,48,20.21664744
11,49,18.10312507
12,0,1052.159755
12,1,290.7913449
12,2,690.290244
12,3,156.1053536
12,4,124.7035126
12,5,108.8558997
12,6,125.4093923
12,7,380.8319216
12,8,141.3378937
12,9,863.1137912
12,10,576.2086814
12,11,1274.595874
12,12,84.14369763
12,13,10.24446138
12,14,508.1416039
12,15,11.56571336
12,16,386.5110783
12,17,298.1306978
12,18,250.194156
12,19,336.5597292
12,20,766.0954793
12,21,629.7069566
12,22,238.4482439
12,23,143.555918
12,24,70.62938603
12,25,71.96420649
12,26,1087.662896
12,27,16.33484406
12,28,722.8417273
12,29,779.9918866
12,30,318.0509747
12,31,344.4569712
12,32,178.7020369
12,33,95.8401587
12,34,327.8998
12,35,873.556402
12,36,419.5744862
12,37,270.0341833
12,38,784.1103017
12,39,315.7867347
12,40,184.4835521
12,41,34.95468763
12,42,631.845788
12,43,135.1613621
12,44,612.459991
12,45,474.9728698
12,46,707.3333253
12,47,496.7716784
12,48,199.0332833
12,49,1241.566334
13,0,19.09260979
13,1,71.48052507
13,2,9.540972338
13,3,7.893601536
13,4,16.45371734
13,5,9.739438771
13,6,114.0412125
13,7,35.66436174
13,8,26.05094457
13,9,107.3800881
13,10,2.405791009
13,11,0.267057913
13,12,23.55743703
13,13,8.623167144
13,14,56.14815031
13,15,91.03183239
13,16,17.57038492
13,17,59.89528726
13,18,4.755993831
13,19,86.64263534
13,20,78.81771852
13,21,4.808056909
13,22,1.591826567
13,23,9.400739879
13,24,53.76774995
13,25,108.2464366
13,26,109.6735986
13,27,124.3496689
13,28,10.58860336
13,29,91.54750302
13,30,118.5569049
13,31,64.36283563
13,32,34.6352374
13,33,25.07289858
13,34,121.1440692
13,35,105.7288797
13,36,36.64457652
13,37,60.49025562
13,38,15.23316995
13,39,72.82334985
13,40,21.29511289
13,41,47.93150127
13,42,99.73366425
13,43,6.463347108
13,44,12.23685652
13,45,17.70566509
13,46,18.25143377
13,47,123.2937685
13,48,89.20687648
13,49,9.239700778
14,0,69.83017244
14,1,547.551992
14,2,355.2238279
14,3,383.0896766
14,4,461.8592046
14,5,968.4249128
14,6,262.84943
14,7,20.10813402
14,8,20.59893972
14,9,768.4972091
14,10,1.578320737
14,11,8.971348161
14,12,385.977691
14,13,492.2807448
14,14,19.4098845
14,15,231.2277062
14,16,65.98472987
14,17,136.7190437
14,18,352.3869627
14,19,362.6144925
14,20,95.17764665
14,21,190.1570403
14,22,139.7061213
14,23,301.294547
14,24,255.1607817
14,25,305.0316377
14,26,139.1142957
14,27,48.74098628
14,28,616.8629904
14,29,88.86272904
14,30,9.530974647
14,31,138.0934091
14,32,172.908991
14,33,823.5773356
14,34,41.15294034
14,35,145.7131267
14,36,494.6832519
14,37,171.988442
14,38,133.6213869
14,39,391.933108
14,40,342.785631
14,41,2.015836328
14,42,116.5374824
14,43,430.0130737
14,44,227.420817
14,45,58.10658275
14,46,305.5977494
14,47,765.63942
14,48,361.1231512
14,49,218.6461506
15,0,481.2899696
15,1,148.3548775
15,2,184.0835527
15,3,52.32273587
15,4,1.688220313
15,5,671.6655042
15,6,54.65216268
15,7,888.9995856
15,8,163.3128247
15,9,180.3739165
15,10,313.2689305
15,11,129.3682616
15,12,329.7917097
15,13,36.4642666
15,14,10.33905959
15,15,141.920188
15,16,376.2515775
15,17,678.7950652
15,18,246.3376241
15,19,327.2928743
15,20,152.3677624
15,21,561.9517052
15,22,756.8852275
15,23,205.1572479
15,24,83.79451938
15,25,426.4515158
15,26,383.6934993
15,27,422.3886872
15,28,1137.758759
15,29,76.38686674
15,30,146.0066539
15,31,450.4381705
15,32,1.623389955
15,33,555.6477898
15,34,361.3220021
15,35,566.347616
15,36,1025.261514
15,37,341.9879307
15,38,663.4958852
15,39,637.6108686
15,40,247.5679282
15,41,786.247437
15,42,46.37226908
15,43,1271.602897
15,44,1219.835129
15,45,121.0528584
15,46,398.0174685
15,47,204.3535642
15,48,352.3032458
15,49,182.9751998
16,0,19.65152423
16,1,41.36298137
16,2,53.32320647
16,3,185.0978963
16,4,138.3425031
16,5,457.1073664
16,6,24.22789734
16,7,150.2125078
16,8,74.44677635
16,9,34.98958501
16,10,166.1140211
16,11,86.97643952
16,12,182.2323154
16,13,43.0241394
16,14,92.4280878
16,15,70.80498533
16,16,1.630991189
16,17,213.2629995
16,18,294.1045445
16,19,125.9003243
16,20,100.5403966
16,21,5.481205258
16,22,77.26372419
16,23,41.78534856
16,24,20.38143631
16,25,164.0617285
16,26,144.9896965
16,27,183.1218205
16,28,1.158268261
16,29,308.5582564
16,30,32.5682389
16,31,6.185940253
16,32,15.36415452
16,33,99.59605954
16,34,227.2766765
16,35,44.72384506
16,36,23.53115931
16,37,39.2126751
16,38,327.8865918
16,39,437.637013
16,40,356.1965953
16,41,74.32642075
16,42,75.60805451
16,43,320.8111063
16,44,3.594843739
16,45,370.0493314
16,46,324.0681666
16,47,399.0322909
16,48,51.53256022
16,49,64.684737
17,0,359.7377535
17,1,454.1068011
17,2,243.5650165
17,3,333.6410201
17,4,45.85046889
17,5,324.4100548
17,6,909.1545041
17,7,406.9454832
17,8,155.0384306
17,9,46.22683149
17,10,570.378982
17,11,192.8926588
17,12,401.8837311
17,13,984.8587402
17,14,250.275698
17,15,2.75923925
17,16,170.0462308
17,17,88.09309318
17,18,1235.363747
17,19,401.728945
17,20,611.8835812
17,21,79.50747903
17,22,403.2086598
17,23,783.502673
17,24,152.4282497
17,25,11.47821125
17,26,59.94636691
17,27,448.3469622
17,28,399.0536282
17,29,251.6285344
17,30,128.9663482
17,31,327.2588623
17,32,682.4757168
17,33,480.9846612
17,34,1.333169345
17,35,166.3342882
17,36,159.4951957
17,37,670.8389273
17,38,921.942639
17,39,115.3946295
17,40,176.9083038
17,41,979.1910969
17,42,281.9120148
17,43,158.7136123
17,44,123.8083814
17,45,846.5655464
17,46,197.0654595
17,47,41.0430027
17,48,128.1927667
17,49,38.63029323
18,0,376.2328716
18,1,115.0565357
18,2,20.28833524
18,3,437.6692245
18,4,70.46723577
18,5,35.2430878
18,6,279.9708649
18,7,72.77972712
18,8,1.380845607
18,9,210.4674071
18,10,231.5986672
18,11,11.4780782
18,12,39.50725536
18,13,8.62370071
18,14,55.52476199
18,15,411.1288396
18,16,29.78725485
18,17,75.31352
18,18,43.60867275
18,19,23.51247134
18,20,218.0789511
18,21,81.43803773
18,22,70.57848484
18,23,59.80398354
18,24,49.21150414
18,25,206.7691227
18,26,153.0485501
18,27,500.9649803
18,28,75.65764349
18,29,75.8910844
18,30,182.8269282
18,31,569.246836
18,32,53.62718998
18,33,16.3447868
18,34,266.807991
18,35,57.59705628
18,36,33.48350398
18,37,339.3601492
18,38,35.15210471
18,39,100.2598889
18,40,256.3807019
18,41,25.58208569
18,42,406.5551168
18,43,42.39780604
18,44,225.9225463
18,45,13.02339967
18,46,210.7899609
18,47,604.5669687
18,48,289.1189786
18,49,280.9693089
19,0,216.579108
19,1,111.6688633
19,2,49.08370281
19,3,107.2989333
19,4,184.6549448
19,5,131.6389611
19,6,92.67870366
19,7,113.3321203
19,8,4.961153928
19,9,50.6714393
19,10,95.83125588
19,11,159.8061801
19,12,23.93318378
19,13,75.83372472
19,14,38.70746304
19,15,320.3481255
19,16,472.3748111
19,17,311.7928564
19,18,50.63862676
19,19,201.8461074
19,20,0.854282544
19,21,4.820685077
19,22,393.0361646
19,23,226.5879232
19,24,53.24469604
19,25,58.48218301
19,26,170.5308051
19,27,91.9749039
19,28,13.08428951
19,29,306.5477129
19,30,227.779167
19,31,53.98353171
19,32,69.75184053
19,33,149.6173945
19,34,18.31233785
19,35,56.96321742
19,36,358.6274717
19,37,94.59383631
19,38,188.2223629
19,39,243.9955336
19,40,448.5918385
19,41,0.030773155
19,42,287.9316085
19,43,99.53792882
19,44,53.96103445
19,45,21.9255038
19,46,422.9391304
19,47,98.15410941
19,48,106.7633235
19,49,205.0314873
20,0,277.2061129
20,1,44.38958666
20,2,211.7618961
20,3,830.4184556
20,4,251.013955
20,5,231.1251077
20,6,242.2492013
20,7,687.921178
20,8,1093.103129
20,9,644.1073292
20,10,134.0694497
20,11,469.2505299
20,12,252.8389315
20,13,85.43329997
20,14,332.6851574
20,15,554.6994391
20,16,113.879123
20,17,1302.104218
20,18,540.784095
20,19,977.0733081
20,20,494.5573836
20,21,31.31649602
20,22,6.075126632
20,23,521.7529327
20,24,111.0300842
20,25,127.9575365
20,26,309.4974265
20,27,523.172392
20,28,48.54076882
20,29,293.2439331
20,30,153.1346837
20,31,522.5505769
20,32,199.2970571
20,33,193.6849393
20,34,29.69063365
20,35,535.5361883
20,36,79.24438159
20,37,324.9883019
20,38,1107.847177
20,39,66.86793974
20,40,796.9919948
20,41,967.0678481
20,42,10.00959694
20,43,638.1720148
20,44,928.9209028
20,45,347.9229856
20,46,405.0826128
20,47,439.8522196
20,48,129.9205829
20,49,153.9305455
21,0,148.5157758
21,1,655.361359
21,2,301.0050503
21,3,635.9480978
21,4,166.8804914
21,5,764.0826991
21,6,243.6546544
21,7,216.8617479
21,8,621.6294403
21,9,1160.170303
21,10,35.60786798
21,11,215.0978179
21,12,291.3539917
21,13,510.7984275
21,14,421.1147586
21,15,412.0205997
21,16,607.3938619
21,17,106.1801543
21,18,261.5734008
21,19,379.0741329
21,20,279.6273964
21,21,492.6463386
21,22,129.4449078
21,23,196.6963401
21,24,1086.402778
21,25,460.1232268
21,26,60.97350207
21,27,20.32701676
21,28,205.8359688
21,29,173.7722223
21,30,2.844359655
21,31,292.839942
21,32,128.701264
21,33,42.97265004
21,34,540.4287641
21,35,26.36637321
21,36,751.722039
21,37,809.1329151
21,38,7.460137559
21,39,150.5561086
21,40,500.5032555
21,41,470.2974918
21,42,183.2155125
21,43,144.3890941
21,44,812.0272313
21,45,484.6496879
21,46,276.5879099
21,47,91.12859866
21,48,163.7206673
21,49,528.2280165
22,0,0.098386456
22,1,771.2889786
22,2,199.6779452
22,3,271.8622748
22,4,204.5321852
22,5,110.691713
22,6,653.6694204
22,7,402.6404673
22,8,396.0146888
22,9,192.3460577
22,10,100.293417
22,11,452.3887912
22,12,437.1696106
22,13,244.7404194
22,14,485.9031453
22,15,28.30234359
22,16,45.97774387
22,17,200.1469564
22,18,25.49952358
22,19,596.0154049
22,20,99.96547814
22,21,435.6488345
22,22,472.6664343
22,23,162.4468132
22,24,108.2914265
22,25,90.23624235
22,26,356.5157309
22,27,175.729308
22,28,411.0000136
22,29,89.34743352
22,30,323.6735244
22,31,4.823752931
22,32,367.8502109
22,33,192.6703778
22,34,265.4999392
22,35,766.7588264
22,36,161.6164038
22,37,262.6470385
22,38,151.2024038
22,39,675.6797997
22,40,67.39010695
22,41,54.22550148
22,42,388.0062467
22,43,187.3298426
22,44,0.160504887
22,45,92.30742375
22,46,787.307871
22,47,118.1508055
22,48,538.7657009
22,49,7.896474487
23,0,481.8497626
23,1,32.63904509
23,2,51.12644422
23,3,1.23740486
23,4,295.3743761
23,5,131.9169844
23,6,92.73152277
23,7,53.6191662
23,8,22.85154299
23,9,7.337797584
23,10,17.42390246
23,11,267.3720036
23,12,65.69718064
23,13,308.8810234
23,14,199.2085559
23,15,122.4736037
23,16,64.33915808
23,17,203.6597577
23,18,35.2383065
23,19,53.96660487
23,20,111.0147091
23,21,152.118163
23,22,430.9925931
23,23,97.04590204
23,24,306.1223499
23,25,102.8523356
23,26,105.7018139
23,27,172.7361069
23,28,220.7794034
23,29,253.3622051
23,30,91.52726162
23,31,213.8137725
23,32,261.1660664
23,33,197.9064423
23,34,65.27240829
23,35,145.5002947
23,36,35.22051506
23,37,108.1282567
23,38,63.99198809
23,39,37.44562971
23,40,114.3067689
23,41,336.2371024
23,42,399.7422024
23,43,3.115815216
23,44,109.8705668
23,45,194.2796829
23,46,165.1480275
23,47,429.8351923
23,48,546.5332582
23,49,96.17827526
24,0,122.4836088
24,1,560.0469659
24,2,212.4606588
24,3,403.4862834
24,4,5.143933022
24,5,9.478557013
24,6,23.97395846
24,7,236.9534895
24,8,0.701927449
24,9,185.4015903
24,10,109.1836062
24,11,19.87071622
24,12,177.7461557
24,13,576.3624483
24,14,51.82913638
24,15,70.95475726
24,16,40.14011491
24,17,160.7485799
24,18,91.32325204
24,19,44.9426469
24,20,54.01828862
24,21,35.1691527
24,22,74.34206205
24,23,557.2336596
24,24,175.8253811
24,25,115.4877784
24,26,349.2684873
24,27,44.59880367
24,28,203.7810333
24,29,324.5444402
24,30,189.5797909
24,31,94.68748255
24,32,368.4112616
24,33,570.1238338
24,34,50.75505989
24,35,491.1024818
24,36,324.6709404
24,37,40.43169702
24,38,34.0251376
24,39,242.4849395
24,40,97.16932439
24,41,129.2510434
24,42,118.9804209
24,43,33.80421881
24,44,152.3677927
24,45,105.1572233
24,46,72.38478732
24,47,56.25085657
24,48,5.811626771
24,49,336.1392696
25,0,444.4685387
25,1,1060.437877
25,2,134.966435
25,3,514.0331172
25,4,457.6373636
25,5,450.732101
25,6,130.3408518
25,7,4.845871303
25,8,439.3962855
25,9,343.6511086
25,10,311.2265144
25,11,221.112761
25,12,755.6158941
25,13,59.67879594
25,14,347.5240455
25,15,49.92853379
25,16,511.5919867
25,17,177.2338545
25,18,648.8158405
25,19,644.2422413
25,20,436.2189948
25,21,212.6534353
25,22,294.6996943
25,23,715.2778215
25,24,257.9644185
25,25,780.7238649
25,26,684.3564711
25,27,522.9834346
25,28,272.9303096
25,29,98.18796074
25,30,367.0302709
25,31,661.5682792
25,32,2.198622826
25,33,400.7390711
25,34,69.13443499
25,35,41.69688986
25,36,65.57334718
25,37,112.453885
25,38,436.7894612
25,39,770.6613495
25,40,114.065166
25,41,136.7240757
25,42,412.611021
25,43,45.97718334
25,44,37.23955779
25,45,937.7042147
25,46,130.658551
25,47,738.7994397
25,48,647.1684534
25,49,5.080896756
26,0,148.4041117
26,1,475.0870226
26,2,1477.310131
26,3,74.92406596
26,4,483.5157458
26,5,32.23787006
26,6,1024.708835
26,7,91.24772155
26,8,1400.185756
26,9,181.5272524
26,10,57.69672494
26,11,36.168603
26,12,670.3956618
26,13,101.2859331
26,14,773.7820971
26,15,418.2060079
26,16,528.1243045
26,17,369.261071
26,18,448.7354593
26,19,1021.058418
26,20,352.1984525
26,21,870.2487467
26,22,300.8315537
26,23,25.84186797
26,24,139.97673
26,25,229.8581246
26,26,719.468073
26,27,237.6761729
26,28,162.618449
26,29,28.13214091
26,30,1265.831117
26,31,860.9107223
26,32,965.9114879
26,33,8.876726158
26,34,764.7799274
26,35,60.55259666
26,36,135.1717046
26,37,571.2995529
26,38,318.3044674
26,39,438.3942461
26,40,542.5075371
26,41,26.08381757
26,42,32.66848627
26,43,704.1658796
26,44,669.0170804
26,45,461.987156
26,46,81.28989518
26,47,49.57295921
26,48,415.1338168
26,49,531.9954197
27,0,583.5747484
27,1,749.9442467
27,2,335.5302656
27,3,405.2243351
27,4,6.013866298
27,5,844.121127
27,6,612.7564335
27,7,654.6066663
27,8,527.532725
27,9,363.5646536
27,10,246.8687643
27,11,331.3668369
27,12,677.419455
27,13,408.0049055
27,14,27.47819515
27,15,55.58104206
27,16,204.7170252
27,17,527.5883869
27,18,81.64269899
27,19,618.1013069
27,20,378.6826348
27,21,477.0254197
27,22,699.576964
27,23,79.71238046
27,24,962.6626728
27,25,153.7878084
27,26,926.8811042
27,27,833.0427835
27,28,614.9276754
27,29,102.4202785
27,30,160.3261999
27,31,266.243324
27,32,169.4225383
27,33,339.132478
27,34,0.386218215
27,35,101.0899689
27,36,1075.790756
27,37,61.66817485
27,38,998.4561518
27,39,220.7399244
27,40,63.98414965
27,41,413.5020728
27,42,332.0689894
27,43,121.8129787
27,44,593.4453966
27,45,467.0537283
27,46,367.1929541
27,47,374.8680699
27,48,118.2094543
27,49,333.9540721
28,0,18.53661495
28,1,49.86712565
28,2,51.63379803
28,3,36.36581225
28,4,292.8230333
28,5,229.2350545
28,6,2.041585753
28,7,159.7619148
28,8,116.6018461
28,9,33.17167921
28,10,236.8857565
28,11,44.19133985
28,12,142.1997013
28,13,189.3318196
28,14,33.93616272
28,15,6.402444496
28,16,180.3186623
28,17,178.5414939
28,18,177.2267108
28,19,32.10401025
28,20,85.24914304
28,21,39.56340332
28,22,318.6917602
28,23,220.3256261
28,24,46.8774503
28,25,29.01415987
28,26,19.01167454
28,27,129.9551289
28,28,8.069020479
28,29,33.99480306
28,30,46.4245634
28,31,11.59343663
28,32,10.00640223
28,33,49.52738891
28,34,68.25021568
28,35,224.6372377
28,36,17.86368927
28,37,229.0674232
28,38,41.68002119
28,39,34.25447659
28,40,254.1737402
28,41,27.91749383
28,42,31.76469687
28,43,9.9149646
28,44,70.24208386
28,45,101.5959422
28,46,89.30265337
28,47,195.6325974
28,48,29.2660319
28,49,39.83404356
29,0,717.2327087
29,1,474.1403652
29,2,232.7268682
29,3,339.1202994
29,4,453.6584772
29,5,225.9119177
29,6,192.7561777
29,7,416.0132606
29,8,354.8236259
29,9,173.6113657
29,10,247.7280764
29,11,73.12337431
29,12,381.6152584
29,13,130.8614636
29,14,17.32437655
29,15,740.6070485
29,16,832.2794401
29,17,284.0437372
29,18,599.4885674
29,19,160.0117015
29,20,154.2708608
29,21,668.6439264
29,22,405.9787118
29,23,50.45602933
29,24,98.85714191
29,25,188.2845946
29,26,692.5408636
29,27,369.2934829
29,28,8.035106297
29,29,48.39675788
29,30,325.9827928
29,31,376.6732235
29,32,72.67261329
29,33,208.7991918
29,34,132.19155
29,35,12.30287593
29,36,91.00550845
29,37,16.85841982
29,38,2.304258309
29,39,44.67552564
29,40,156.0031312
29,41,115.7939184
29,42,288.625461
29,43,334.9848242
29,44,2.141804278
29,45,154.7663383
29,46,291.1131486
29,47,259.4934696
29,48,333.8864076
29,49,527.6368282
30,0,369.3727551
30,1,717.3615894
30,2,41.07816362
30,3,1230.463137
30,4,604.2058368
30,5,680.8697155
30,6,54.81595498
30,7,8.65185944
30,8,662.3902577
30,9,489.7619296
30,10,91.7158418
30,11,167.4847911
30,12,293.2987081
30,13,11.01994039
30,14,86.02636712
30,15,810.6949684
30,16,41.70009416
30,17,223.4120223
30,18,517.5478536
30,19,210.8032872
30,20,202.2504935
30,21,283.6676267
30,22,307.8697561
30,23,329.9231787
30,24,304.8139892
30,25,327.7838744
30,26,1083.134807
30,27,436.4049251
30,28,19.03834887
30,29,378.2663461
30,30,13.12038602
30,31,201.2513656
30,32,56.04150111
30,33,103.4605944
30,34,838.5234083
30,35,67.27775253
30,36,5.122469485
30,37,512.5256327
30,38,588.8641169
30,39,117.1259224
30,40,139.3812931
30,41,152.9485171
30,42,393.1418592
30,43,5.863159739
30,44,845.5607337
30,45,469.543815
30,46,166.8122919
30,47,303.7113445
30,48,57.22597437
30,49,122.0359156
31,0,14.031219
31,1,108.5849355
31,2,88.16798118
31,3,44.3613205
31,4,40.78122344
31,5,19.650588
31,6,58.49102819
31,7,14.78663755
31,8,48.63168901
31,9,22.99016392
31,10,59.30607265
31,11,7.09174397
31,12,7.249215078
31,13,57.45742032
31,14,2.931998378
31,15,49.69412194
31,16,17.27700721
31,17,70.36418762
31,18,2.005440889
31,19,26.28220139
31,20,35.55921552
31,21,71.2281346
31,22,57.71329594
31,23,139.1285636
31,24,35.92398291
31,25,24.85502569
31,26,119.0119625
31,27,97.26172825
31,28,35.59073189
31,29,17.07127196
31,30,33.34717231
31,31,21.00711801
31,32,1.009000534
31,33,161.0572004
31,34,133.556091
31,35,18.51861289
31,36,20.30657714
31,37,24.89973118
31,38,64.53065045
31,39,40.57269085
31,40,82.36819043
31,41,108.3816034
31,42,25.44745447
31,43,31.38952444
31,44,164.3910761
31,45,32.83323737
31,46,5.721038232
31,47,56.23173349
31,48,20.3680769
31,49,70.47614378
32,0,370.9817076
32,1,135.9978546
32,2,3.206814788
32,3,105.1734089
32,4,333.5177181
32,5,15.10357246
32,6,89.03478514
32,7,531.9384914
32,8,117.4871784
32,9,592.9161626
32,10,686.8047733
32,11,20.94994269
32,12,186.1037818
32,13,548.9791403
32,14,235.0720362
32,15,161.7010515
32,16,183.5876263
32,17,127.2357633
32,18,70.60434802
32,19,23.88154345
32,20,685.9292841
32,21,154.2686131
32,22,185.2305415
32,23,63.10918893
32,24,141.9215342
32,25,54.28533661
32,26,180.8340994
32,27,90.27792995
32,28,141.0845668
32,29,81.6192774
32,30,4.949165115
32,31,208.1155883
32,32,105.9247308
32,33,422.2269893
32,34,0.083076714
32,35,59.11949527
32,36,69.74399559
32,37,545.2926703
32,38,217.7836587
32,39,91.96452288
32,40,404.9992695
32,41,45.7399007
32,42,386.5519493
32,43,131.5338775
32,44,149.0738212
32,45,73.42853603
32,46,123.5507384
32,47,21.23238684
32,48,31.5217029
32,49,36.80935838
33,0,734.2940795
33,1,480.583947
33,2,764.6658511
33,3,1197.970829
33,4,81.95881609
33,5,177.9094666
33,6,614.3086263
33,7,580.1901909
33,8,310.985262
33,9,59.86276052
33,10,601.8039666
33,11,399.9708118
33,12,27.33117214
33,13,769.9503895
33,14,197.3587229
33,15,508.8276397
33,16,77.53344692
33,17,41.65167694
33,18,48.13498121
33,19,233.5099199
33,20,1152.069197
33,21,201.9760758
33,22,79.11496966
33,23,1005.637872
33,24,243.8611979
33,25,1484.115978
33,26,618.2389889
33,27,385.2335794
33,28,352.1540747
33,29,491.6983741
33,30,1.172596125
33,31,95.99345504
33,32,298.5764438
33,33,660.759208
33,34,629.5253612
33,35,228.4878721
33,36,106.3906664
33,37,337.873424
33,38,10.34572435
33,39,876.0571285
33,40,686.8762875
33,41,34.12981549
33,42,1172.099165
33,43,98.11107807
33,44,765.2170803
33,45,802.1199585
33,46,441.4573131
33,47,985.1274942
33,48,1000.583168
33,49,270.3457404
34,0,2.723848144
34,1,4.627175179
34,2,12.0092435
34,3,19.33794037
34,4,14.63216516
34,5,53.72751951
34,6,27.12152948
34,7,49.27462095
34,8,1.013087559
34,9,42.09167583
34,10,12.09159505
34,11,41.57188395
34,12,17.40939525
34,13,57.64590205
34,14,22.01567721
34,15,83.80473297
34,16,2.116369054
34,17,9.128345379
34,18,11.49161539
34,19,29.55354299
34,20,21.95640172
34,21,91.44256791
34,22,1.548437266
34,23,8.043199764
34,24,74.83425088
34,25,8.293279945
34,26,116.581701
34,27,3.858785666
34,28,58.64737247
34,29,0.16936292
34,30,106.3310596
34,31,155.360518
34,32,27.62563547
34,33,7.508236571
34,34,85.81695817
34,35,18.21493386
34,36,13.42810124
34,37,2.051550935
34,38,28.01832894
34,39,89.78459266
34,40,40.19008334
34,41,95.61325871
34,42,40.22802225
34,43,20.80959173
34,44,2.514344976
34,45,53.484439
34,46,17.12802318
34,47,30.70818109
34,48,117.5891092
34,49,10.41282482
35,0,258.557031
35,1,31.38711515
35,2,912.1599053
35,3,783.5399086
35,4,218.7649401
35,5,102.6299932
35,6,87.46900032
35,7,210.7870483
35,8,626.5318994
35,9,40.29041429
35,10,270.1350179
35,11,300.9005594
35,12,153.7412778
35,13,232.0831481
35,14,198.3242104
35,15,2.382360579
35,16,467.3199182
35,17,133.6466775
35,18,263.8448169
35,19,121.1158283
35,20,540.3185046
35,21,362.1285666
35,22,62.4813555
35,23,563.6957556
35,24,191.2183136
35,25,77.75976085
35,26,82.26614487
35,27,492.2102226
35,28,1243.082595
35,29,90.82231719
35,30,31.29531873
35,31,593.5700322
35,32,84.0203419
35,33,438.9656179
35,34,611.0876209
35,35,139.5974516
35,36,447.0570145
35,37,280.0352222
35,38,463.9861393
35,39,33.62241857
35,40,803.252991
35,41,545.0715669
35,42,31.32364839
35,43,363.6560625
35,44,155.2947742
35,45,736.5658069
35,46,61.01290736
35,47,293.0628098
35,48,50.27715464
35,49,96.24218281
36,0,13.33558367
36,1,101.1505394
36,2,163.8476902
36,3,92.88611889
36,4,4.90536479
36,5,63.67109334
36,6,5.004234738
36,7,21.13238212
36,8,58.12992457
36,9,0.154333199
36,10,147.5029401
36,11,66.12539414
36,12,87.82292566
36,13,124.6961093
36,14,36.24016867
36,15,81.46003254
36,16,32.38033425
36,17,6.807753361
36,18,51.77045496
36,19,51.40949116
36,20,95.96812552
36,21,163.5189808
36,22,11.93188321
36,23,72.31357429
36,24,62.76602915
36,25,166.6098065
36,26,21.5633352
36,27,97.1191925
36,28,24.35204891
36,29,53.10319587
36,30,43.04445979
36,31,7.804348097
36,32,1.052713978
36,33,127.7841975
36,34,38.61000286
36,35,100.0356977
36,36,148.1107686
36,37,58.53716704
36,38,46.3417092
36,39,6.851205689
36,40,19.70397981
36,41,51.88472647
36,42,0.261457615
36,43,141.6642902
36,44,33.00860779
36,45,95.33583622
36,46,1.312625653
36,47,10.61200507
36,48,9.633480465
36,49,49.48766315
37,0,0.179520229
37,1,3.385416732
37,2,56.38545815
37,3,6.579592009
37,4,8.342297865
37,5,23.70660486
37,6,74.90800896
37,7,42.90413918
37,8,5.101368836
37,9,7.26390507
37,10,61.41652705
37,11,2.085996697
37,12,27.63301182
37,13,2.035905801
37,14,6.810845423
37,15,0.05141209
37,16,1.616113132
37,17,14.70062252
37,18,2.627434661
37,19,16.20359529
37,20,3.413854774
37,21,30.76290579
37,22,0.71418285
37,23,19.19981683
37,24,1.391568317
37,25,2.507214467
37,26,8.89394398
37,27,15.58242756
37,28,15.08297549
37,29,6.586789213
37,30,12.19143463
37,31,62.4419876
37,32,40.50984069
37,33,34.04626734
37,34,38.59495442
37,35,0.56513355
37,36,22.85444895
37,37,2.755834684
37,38,0.139359344
37,39,2.381920785
37,40,8.348485336
37,41,32.08574304
37,42,57.00770428
37,43,5.976267259
37,44,13.68132557
37,45,20.21201335
37,46,0.103261386
37,47,55.81968225
37,48,0.136784683
37,49,50.53433722
38,0,33.8605215
38,1,162.2431084
38,2,410.0941455
38,3,384.85502
38,4,33.23938972
38,5,383.8476548
38,6,720.5367216
38,7,318.5604458
38,8,659.0496715
38,9,383.7251743
38,10,0.027195808
38,11,434.751638
38,12,163.1143093
38,13,400.7151344
38,14,953.428052
38,15,220.2467393
38,16,446.311057
38,17,75.42992776
38,18,71.46867679
38,19,342.9914473
38,20,126.7695385
38,21,742.0927481
38,22,208.6757103
38,23,404.9999393
38,24,471.2828078
38,25,42.77186335
38,26,514.831651
38,27,203.1844053
38,28,185.448179
38,29,16.83625124
38,30,90.50350752
38,31,3.708033481
38,32,424.2316468
38,33,14.02549328
38,34,729.8395452
38,35,239.5450656
38,36,292.5207538
38,37,383.5895656
38,38,61.52922375
38,39,215.522321
38,40,52.72538941
38,41,116.8474655
38,42,988.4501548
38,43,114.1460654
38,44,558.5100942
38,45,45.76339492
38,46,271.3697302
38,47,146.9308452
38,48,278.6559904
38,49,706.9265655
39,0,87.23881726
39,1,28.99327255
39,2,483.2703768
39,3,201.315
39,4,599.9643753
39,5,377.0497005
39,6,644.475094
39,7,239.1399534
39,8,147.8699246
39,9,281.544222
39,10,13.26738895
39,11,383.9327315
39,12,188.5887185
39,13,128.6440272
39,14,97.00862351
39,15,727.5273565
39,16,503.5036129
39,17,53.82132577
39,18,292.3493019
39,19,147.8720673
39,20,165.237381
39,21,277.7304442
39,22,84.58672519
39,23,76.69263242
39,24,72.05498518
39,25,579.5731818
39,26,204.3991964
39,27,113.559494
39,28,117.2939009
39,29,28.96637013
39,30,55.96741395
39,31,688.4073881
39,32,105.3576696
39,33,100.7568667
39,34,762.0963241
39,35,57.84389335
39,36,9.792462094
39,37,330.2330091
39,38,540.9854662
39,39,601.2583854
39,40,69.03080337
39,41,537.5790653
39,42,601.5558538
39,43,331.2086556
39,44,144.668277
39,45,155.8896737
39,46,257.1554415
39,47,83.93900269
39,48,248.9098376
39,49,439.2210011
40,0,204.8463092
40,1,312.8701871
40,2,30.48882095
40,3,883.8726894
40,4,179.2097867
40,5,763.4923736
40,6,922.2294252
40,7,441.7862163
40,8,517.0089066
40,9,329.9523365
40,10,239.4632648
40,11,804.8651832
40,12,25.26298379
40,13,68.53123782
40,14,1137.961867
40,15,259.868928
40,16,1213.011915
40,17,158.287806
40,18,266.832416
40,19,26.20881372
40,20,958.0977918
40,21,298.0749936
40,22,410.9476273
40,23,214.4237991
40,24,1512.496071
40,25,225.7694626
40,26,264.2577973
40,27,159.5071925
40,28,1170.563103
40,29,292.2050563
40,30,206.752558
40,31,684.4327583
40,32,1038.390337
40,33,1125.180849
40,34,255.2659625
40,35,408.2404502
40,36,464.5614527
40,37,1466.585291
40,38,44.64051386
40,39,163.2715006
40,40,242.2664136
40,41,340.3413056
40,42,208.3072952
40,43,1407.376174
40,44,108.8264878
40,45,631.7732568
40,46,39.08110022
40,47,838.4533187
40,48,435.990799
40,49,86.56020119
41,0,55.79998991
41,1,45.86445431
41,2,38.95634996
41,3,99.56193851
41,4,57.85837975
41,5,31.92061441
41,6,74.45088539
41,7,80.09384869
41,8,77.71045572
41,9,14.5791254
41,10,14.1267293
41,11,50.15406986
41,12,82.44098579
41,13,22.26231375
41,14,31.79814924
41,15,95.06019465
41,16,42.00929088
41,17,5.399956523
41,18,32.04470789
41,19,46.64344774
41,20,11.3396357
41,21,46.14660828
41,22,8.137703007
41,23,1.861978595
41,24,8.243777662
41,25,17.11713153
41,26,82.73298338
41,27,44.3403336
41,28,25.69074717
41,29,99.61726291
41,30,17.01998071
41,31,31.02345544
41,32,19.04664486
41,33,7.427030628
41,34,1.451020268
41,35,68.91516162
41,36,47.30939806
41,37,29.55204023
41,38,70.6644839
41,39,88.57570885
41,40,59.72293361
41,41,70.90996185
41,42,70.58570959
41,43,17.67134754
41,44,0.194453903
41,45,1.756851814
41,46,1.317708317
41,47,2.646684868
41,48,25.75024873
41,49,0.059837436
42,0,6.04594155
42,1,553.0198763
42,2,182.1959593
42,3,952.2604249
42,4,20.70255392
42,5,469.1920603
42,6,429.5278024
42,7,145.7879723
42,8,8.133862595
42,9,196.5266963
42,10,893.2536631
42,11,773.6717465
42,12,17.53163001
42,13,307.5147326
42,14,190.7567891
42,15,420.2626614
42,16,160.312865
42,17,371.6268738
42,18,584.2100637
42,19,54.84076187
42,20,263.6947763
42,21,241.4959726
42,22,314.6234315
42,23,120.2216603
42,24,198.9876424
42,25,168.9817776
42,26,197.9620675
42,27,432.7695106
42,28,26.97771141
42,29,695.7983784
42,30,241.1243257
42,31,141.2099456
42,32,771.7914928
42,33,385.2628585
42,34,7.662641583
42,35,410.8970802
42,36,0.678905729
42,37,367.8025856
42,38,552.2501523
42,39,659.2882492
42,40,100.9189057
42,41,168.5570074
42,42,59.45746845
42,43,312.3457438
42,44,306.8076443
42,45,44.32383943
42,46,14.4271561
42,47,36.90428517
42,48,95.79717351
42,49,131.0927921
43,0,186.1147613
43,1,61.65491275
43,2,116.9009474
43,3,375.9459951
43,4,6.790925749
43,5,33.00664705
43,6,126.5930276
43,7,214.7538218
43,8,99.16709374
43,9,50.6472296
43,10,11.22155467
43,11,7.167011899
43,12,53.95437667
43,13,41.26369675
43,14,95.41716361
43,15,203.0380763
43,16,272.9961843
43,17,351.4909113
43,18,336.6235001
43,19,33.07035817
43,20,315.269367
43,21,126.5959853
43,22,48.30698864
43,23,205.3612077
43,24,199.9674917
43,25,8.443033697
43,26,30.82963921
43,27,299.1482535
43,28,62.03354911
43,29,53.23653496
43,30,339.9655861
43,31,267.7820917
43,32,4.302855934
43,33,143.9043868
43,34,430.5895934
43,35,101.5978385
43,36,248.9441818
43,37,246.4426133
43,38,82.84840822
43,39,384.5266764
43,40,124.295697
43,41,145.39581
43,42,444.9636302
43,43,156.1072335
43,44,155.3733823
43,45,28.07700738
43,46,138.1901705
43,47,62.59021456
43,48,14.47223669
43,49,232.7083491
44,0,180.027161
44,1,253.6061767
44,2,1103.193031
44,3,422.8531406
44,4,161.8770831
44,5,495.8867411
44,6,228.2490538
44,7,12.88652075
44,8,385.6188354
44,9,1088.888288
44,10,17.3573796
44,11,49.70699108
44,12,100.50172
44,13,37.10530942
44,14,851.2974791
44,15,30.46556578
44,16,76.77518321
44,17,308.0959078
44,18,345.9016375
44,19,7.9596375
44,20,1062.281763
44,21,84.95319546
44,22,394.6972026
44,23,334.8680246
44,24,747.1847392
44,25,1494.263484
44,26,304.836889
44,27,175.6504608
44,28,1.955077921
44,29,889.9634183
44,30,167.3079771
44,31,177.3305991
44,32,747.9190664
44,33,104.6321897
44,34,61.12972561
44,35,49.83512206
44,36,273.3333479
44,37,572.4352945
44,38,33.34387283
44,39,878.785451
44,40,186.3134838
44,41,903.5372123
44,42,13.97794052
44,43,353.250142
44,44,710.9254788
44,45,1088.577388
44,46,330.2225195
44,47,61.66067776
44,48,464.7693115
44,49,452.8229027
45,0,19.04874477
45,1,307.8976662
45,2,8.850192414
45,3,50.96468196
45,4,24.42361489
45,5,563.8078621
45,6,1423.167702
45,7,12.61970629
45,8,514.3461633
45,9,835.0175598
45,10,310.4976265
45,11,836.7216241
45,12,892.3694302
45,13,63.74629714
45,14,515.7427559
45,15,6.017911029
45,16,966.639143
45,17,88.21504479
45,18,412.1968623
45,19,195.9712479
45,20,1049.47669
45,21,585.6670587
45,22,187.7299715
45,23,674.7812377
45,24,214.4803009
45,25,0.05721787
45,26,1466.130015
45,27,321.7284108
45,28,99.77944924
45,29,113.2608543
45,30,784.5520788
45,31,1656.805096
45,32,769.6128441
45,33,630.8348057
45,34,208.7162542
45,35,383.575696
45,36,209.3139886
45,37,888.6534804
45,38,211.6371073
45,39,10.6414147
45,40,535.6919285
45,41,1403.237571
45,42,215.7428903
45,43,1073.670533
45,44,79.08460531
45,45,40.84788878
45,46,811.8739901
45,47,21.07325743
45,48,75.56834268
45,49,9.577126484
46,0,33.3390046
46,1,209.2141009
46,2,304.3459093
46,3,211.8919511
46,4,122.1507109
46,5,98.42244854
46,6,70.40242496
46,7,13.9967507
46,8,263.9934267
46,9,3.473257042
46,10,30.5621536
46,11,109.0094344
46,12,118.5168921
46,13,55.42580605
46,14,81.34103593
46,15,316.4472056
46,16,51.38600972
46,17,17.37601057
46,18,20.79347685
46,19,8.291381815
46,20,31.49595097
46,21,16.91559321
46,22,29.95410968
46,23,185.393851
46,24,58.30431059
46,25,131.61126
46,26,281.7537815
46,27,8.144184346
46,28,245.4137466
46,29,20.21746766
46,30,36.23180069
46,31,290.1535661
46,32,185.9599934
46,33,22.55822129
46,34,18.89467803
46,35,12.99661894
46,36,148.0638801
46,37,25.4793922
46,38,145.6808214
46,39,176.5885856
46,40,321.7734612
46,41,86.64118369
46,42,285.6734746
46,43,390.2296358
46,44,76.22133307
46,45,111.0650684
46,46,16.69071703
46,47,240.530347
46,48,57.90834004
46,49,48.76932153
47,0,88.94057313
47,1,90.47146344
47,2,20.69444552
47,3,162.1222128
47,4,493.3170208
47,5,62.79266363
47,6,14.93904279
47,7,135.5197588
47,8,47.57115771
47,9,107.5048279
47,10,291.9945068
47,11,345.0225949
47,12,35.09566804
47,13,154.2651948
47,14,160.0626742
47,15,160.0613017
47,16,20.42500581
47,17,407.2953739
47,18,311.5678433
47,19,9.668666519
47,20,82.8852598
47,21,65.96941712
47,22,208.3175225
47,23,42.57424416
47,24,564.142573
47,25,497.2394635
47,26,54.46242097
47,27,7.025577764
47,28,183.1136502
47,29,214.0054492
47,30,156.0031999
47,31,17.91868218
47,32,31.62673248
47,33,369.9753324
47,34,197.8476805
47,35,132.7113786
47,36,252.963457
47,37,15.87233236
47,38,51.55745348
47,39,319.4785551
47,40,53.32876759
47,41,163.0303978
47,42,18.83646476
47,43,250.9539813
47,44,88.15417618
47,45,42.06533705
47,46,333.8574851
47,47,48.20459278
47,48,283.303934
47,49,39.69381034
48,0,134.8015894
48,1,63.5862834
48,2,24.78988727
48,3,60.62253824
48,4,605.0051667
48,5,32.25784974
48,6,6.4200862
48,7,384.5060946
48,8,131.3608841
48,9,49.2108279
48,10,97.59731065
48,11,98.8404783
48,12,182.6988793
48,13,683.2157703
48,14,552.9365215
48,15,193.2313719
48,16,334.3443524
48,17,32.61175051
48,18,19.75124332
48,19,995.5933968
48,20,306.8316866
48,21,290.4626603
48,22,176.987078
48,23,914.7923078
48,24,615.4659653
48,25,3.108973634
48,26,88.73734598
48,27,80.18172758
48,28,258.1222925
48,29,123.2158615
48,30,37.57828607
48,31,5.331742515
48,32,42.71957966
48,33,7.436921859
48,34,54.52936199
48,35,894.9222937
48,36,305.3887965
48,37,555.8662967
48,38,97.5952149
48,39,71.43736051
48,40,354.026714
48,41,73.7430243
48,42,586.4876368
48,43,283.5003374
48,44,227.220601
48,45,23.89096525
48,46,259.9974428
48,47,197.1319593
48,48,101.1822613
48,49,95.85569398
49,0,162.3879033
49,1,74.8425225
49,2,33.75502242
49,3,58.26029718
49,4,106.0880298
49,5,210.3265354
49,6,57.84241371
49,7,120.8507137
49,8,129.435485
49,9,368.1917613
49,10,266.4705506
49,11,360.2766916
49,12,410.9660782
49,13,272.8619911
49,14,229.7066767
49,15,5.438971429
49,16,146.1744055
49,17,86.34940509
49,18,0.008408572
49,19,117.1646762
49,20,436.5777294
49,21,142.6160198
49,22,474.4472788
49,23,207.4692896
49,24,18.80535529
49,25,4.747753174
49,26,62.86550489
49,27,0.835885754
49,28,135.6882667
49,29,18.85244442
49,30,354.2438132
49,31,84.83867063
49,32,219.2000665
49,33,313.1674411
49,34,316.2548494
49,35,110.9701968
49,36,51.83034226
49,37,144.6820319
49,38,118.4114115
49,39,120.7489323
49,40,5.706456523
49,41,35.60872411
49,42,19.66785798
49,43,21.46089036
49,44,29.13277194
49,45,0.734771468
49,46,45.28228872
49,47,210.8793367
49,48,287.0218561
49,49,223.8952948
50,0,54.81687693
50,1,2.612312308
50,2,44.68974043
50,3,2.128048311
50,4,14.90246995
50,5,1.517846968
50,6,58.31095532
50,7,1.496666557
50,8,9.585067438
50,9,1.982873946
50,10,24.52872746
50,11,24.53294906
50,12,36.30353792
50,13,20.71485568
50,14,69.32816518
50,15,42.03820089
50,16,40.08537606
50,17,55.74042828
50,18,72.06008502
50,19,11.5386651
50,20,37.55455876
50,21,70.27745285
50,22,67.690462
50,23,9.410749433
50,24,78.9497334
50,25,36.6510664
50,26,56.92078274
50,27,27.62026493
50,28,51.45893778
50,29,1.254959214
50,30,25.1482078
50,31,58.65183173
50,32,46.31873926
50,33,29.00479585
50,34,23.08073925
50,35,7.036738015
50,36,13.73568504
50,37,59.38254751
50,38,17.59057406
50,39,2.458489536
50,40,5.041056833
50,41,84.80400081
50,42,0.107861646
50,43,34.89159635
50,44,21.85297421
50,45,2.656722692
50,46,36.35977857
50,47,9.212550441
50,48,14.72785709
50,49,39.86509686
51,0,265.6710863
51,1,352.0914902
51,2,634.7382137
51,3,66.90214027
51,4,201.9978361
51,5,8.406732962
51,6,3.323902135
51,7,20.60553463
51,8,473.677973
51,9,60.10375289
51,10,520.66795
51,11,216.1211478
51,12,182.6584631
51,13,154.7036207
51,14,142.8444874
51,15,527.1116476
51,16,168.8537047
51,17,58.81143778
51,18,103.3985318
51,19,145.7912276
51,20,87.33245712
51,21,377.6069899
51,22,194.3091359
51,23,432.5612118
51,24,180.9214165
51,25,467.0884488
51,26,217.4305085
51,27,103.0266715
51,28,13.49737325
51,29,283.2384388
51,30,184.9461725
51,31,340.389416
51,32,28.28975525
51,33,225.6095632
51,34,19.05401934
51,35,665.8549958
51,36,331.2376602
51,37,366.379203
51,38,497.6553889
51,39,23.62540499
51,40,579.4693479
51,41,197.9660636
51,42,291.5836146
51,43,64.51788905
51,44,84.44906742
51,45,85.97140728
51,46,557.6351404
51,47,79.09656812
51,48,29.61939808
51,49,1.302205887
52,0,1.634686697
52,1,9.936187711
52,2,0.007433775
52,3,2.779970559
52,4,26.43060864
52,5,0.442719345
52,6,17.04982134
52,7,19.85890825
52,8,13.4776202
52,9,3.429532809
52,10,6.090136735
52,11,11.31706976
52,12,11.97804055
52,13,0.038639924
52,14,11.48272785
52,15,4.545001312
52,16,9.197455873
52,17,2.658843399
52,18,6.79330248
52,19,0.269057542
52,20,21.82976988
52,21,8.953974943
52,22,0.830034417
52,23,3.668863572
52,24,22.1749438
52,25,2.216109127
52,26,20.66804826
52,27,0.011255247
52,28,11.09947077
52,29,13.71715002
52,30,31.17779819
52,31,10.73164627
52,32,12.29534421
52,33,21.3261055
52,34,14.22775968
52,35,13.15892715
52,36,6.25461034
52,37,3.827192363
52,38,18.25465213
52,39,2.938824601
52,40,5.564481878
52,41,10.10831593
52,42,16.57427058
52,43,8.959095033
52,44,15.40560453
52,45,4.889991948
52,46,3.363849888
52,47,0.553697155
52,48,19.73141196
52,49,5.24901546
53,0,302.6378632
53,1,129.926372
53,2,202.9591225
53,3,55.11653706
53,4,3.928929413
53,5,97.78444435
53,6,38.76377562
53,7,98.83134176
53,8,91.71485183
53,9,72.68640126
53,10,87.4387668
53,11,251.0099738
53,12,258.8001513
53,13,280.5213037
53,14,222.8981826
53,15,41.87685402
53,16,76.23298908
53,17,83.68734522
53,18,248.1593581
53,19,45.58441607
53,20,62.17198323
53,21,20.44503503
53,22,43.004285
53,23,213.3282191
53,24,247.322526
53,25,638.106591
53,26,547.2458399
53,27,33.93240875
53,28,212.3111096
53,29,94.47537329
53,30,138.0833038
53,31,267.4609598
53,32,426.0409869
53,33,181.4361681
53,34,87.69359179
53,35,131.7138283
53,36,203.41223
53,37,9.355674494
53,38,134.8346169
53,39,196.349515
53,40,285.5639271
53,41,30.90046628
53,42,33.76178841
53,43,183.9488784
53,44,14.52236151
53,45,84.82475698
53,46,91.19979251
53,47,319.1157674
53,48,274.4968506
53,49,44.04966099
54,0,836.1238603
54,1,676.6649214
54,2,689.6683487
54,3,97.93917901
54,4,59.73860409
54,5,719.7220251
54,6,48.30871087
54,7,54.04894558
54,8,148.8462091
54,9,755.6028547
54,10,1211.462561
54,11,328.2928899
54,12,99.06896487
54,13,632.3220343
54,14,666.3184792
54,15,342.0999814
54,16,54.9756182
54,17,262.4454043
54,18,6.067635473
54,19,285.5517891
54,20,509.4147264
54,21,20.43461104
54,22,122.1981366
54,23,233.3198669
54,24,736.0124265
54,25,1247.870597
54,26,10.71547388
54,27,1277.998823
54,28,442.5639745
54,29,35.33635201
54,30,750.0676198
54,31,108.1956959
54,32,633.9405796
54,33,209.6782163
54,34,97.09461608
54,35,537.3094212
54,36,35.99908732
54,37,853.4309082
54,38,957.7775682
54,39,25.82171049
54,40,390.3126035
54,41,760.5230792
54,42,172.7117673
54,43,56.18141689
54,44,133.1062459
54,45,1056.049878
54,46,226.6488834
54,47,9.99351677
54,48,556.8686599
54,49,437.7143027
55,0,27.00342163
55,1,201.4306599
55,2,52.63593968
55,3,17.20698541
55,4,47.35736771
55,5,5.461786815
55,6,77.52089393
55,7,28.44830309
55,8,80.57895664
55,9,61.42020108
55,10,16.11522816
55,11,32.73696568
55,12,43.79701657
55,13,132.3182336
55,14,101.6955133
55,15,20.93168048
55,16,210.5616934
55,17,65.38828642
55,18,68.93501556
55,19,128.8615006
55,20,184.8075426
55,21,12.52405521
55,22,16.87330777
55,23,14.94672195
55,24,51.8268891
55,25,27.93285108
55,26,40.994368
55,27,0.397624072
55,28,1.435765423
55,29,22.53219941
55,30,22.74613366
55,31,48.45392738
55,32,4.958001027
55,33,73.58346525
55,34,6.238592811
55,35,85.29386344
55,36,1.599843685
55,37,205.8265498
55,38,68.23241359
55,39,170.5032508
55,40,54.53581257
55,41,8.307832679
55,42,28.67572796
55,43,58.73441433
55,44,28.82544937
55,45,78.11911736
55,46,9.271084151
55,47,105.3505083
55,48,231.6580673
55,49,108.6552218
56,0,22.27456163
56,1,8.803970458
56,2,13.85327696
56,3,1.732287828
56,4,13.38415141
56,5,7.433573409
56,6,37.9993501
56,7,41.13851047
56,8,12.97386117
56,9,7.6522983
56,10,25.04091831
56,11,19.5418424
56,12,2.691729232
56,13,11.91241544
56,14,9.048053865
56,15,8.309800993
56,16,6.189690967
56,17,3.326581697
56,18,20.91869468
56,19,5.74956694
56,20,3.475369255
56,21,0.474722295
56,22,10.7963775
56,23,2.89405507
56,24,33.3327034
56,25,0.343739305
56,26,51.57389952
56,27,13.0230732
56,28,1.410032596
56,29,11.41004033
56,30,16.74578808
56,31,16.01890772
56,32,60.74605865
56,33,15.79459559
56,34,12.62974499
56,35,10.29385056
56,36,3.576402706
56,37,43.26723801
56,38,12.08048024
56,39,16.47160317
56,40,37.86920679
56,41,5.978547977
56,42,15.10735717
56,43,32.75233627
56,44,20.07638082
56,45,25.02884849
56,46,67.000186
56,47,12.25374855
56,48,0.934242758
56,49,10.48169671
57,0,7.076927376
57,1,7.352898061
57,2,4.051809962
57,3,58.18771335
57,4,30.18301335
57,5,54.7792139
57,6,35.89734645
57,7,21.87736358
57,8,1.812712651
57,9,30.77316049
57,10,14.69655357
57,11,13.78388427
57,12,7.420044783
57,13,0.333226876
57,14,5.393642928
57,15,17.10214085
57,16,0.690434764
57,17,33.86719913
57,18,13.12022498
57,19,9.795185801
57,20,17.86023797
57,21,5.159641257
57,22,21.5835963
57,23,15.68842919
57,24,19.03838421
57,25,67.54008493
57,26,35.69177988
57,27,20.90974834
57,28,16.08341832
57,29,0.555223208
57,30,11.51892201
57,31,51.03164905
57,32,5.575847044
57,33,14.63902703
57,34,58.44931812
57,35,12.84632919
57,36,49.40854336
57,37,3.157458137
57,38,1.656916847
57,39,7.028344343
57,40,33.74287195
57,41,53.54933406
57,42,2.270168668
57,43,37.93607752
57,44,39.28185517
57,45,1.02635595
57,46,9.071747661
57,47,10.0839289
57,48,3.633341825
57,49,32.49366135
58,0,82.2143415
58,1,26.74747635
58,2,216.512556
58,3,121.6618493
58,4,10.58207278
58,5,361.471914
58,6,140.4078031
58,7,109.1756383
58,8,451.4600938
58,9,506.9478553
58,10,338.793889
58,11,115.3573485
58,12,6.617671003
58,13,213.6523946
58,14,127.0522279
58,15,264.1175031
58,16,241.8293968
58,17,13.26934605
58,18,132.9114773
58,19,19.71737541
58,20,38.59432906
58,21,34.36052384
58,22,163.7921078
58,23,197.5080776
58,24,151.1881046
58,25,148.8968893
58,26,389.2187581
58,27,68.37027316
58,28,75.22349347
58,29,293.8287821
58,30,390.71074
58,31,64.53685761
58,32,63.82596765
58,33,192.6310267
58,34,146.8184486
58,35,7.660296618
58,36,299.0767447
58,37,136.5609339
58,38,26.93934582
58,39,74.00713127
58,40,515.5613069
58,41,23.68076188
58,42,144.5878707
58,43,301.3180582
58,44,21.1123671
58,45,63.585464
58,46,137.7755663
58,47,20.02639554
58,48,74.64242093
58,49,59.03614242
59,0,47.40826379
59,1,230.8953968
59,2,483.8525826
59,3,425.7200184
59,4,538.0274284
59,5,251.1774897
59,6,86.42402133
59,7,268.9592768
59,8,419.5612324
59,9,185.832555
59,10,275.8108513
59,11,245.3691495
59,12,16.72959351
59,13,204.652309
59,14,175.0022433
59,15,757.8716383
59,16,581.8578274
59,17,0.995364637
59,18,222.1913688
59,19,5.493723585
59,20,1.671377946
59,21,223.2327356
59,22,184.5533258
59,23,231.1560338
59,24,362.9685897
59,25,3.190256071
59,26,8.499006475
59,27,282.5777967
59,28,184.1394062
59,29,367.9802322
59,30,219.7809967
59,31,414.5835455
59,32,133.4477953
59,33,300.1095376
59,34,356.8412924
59,35,382.596997
59,36,514.609265
59,37,223.6100025
59,38,491.260282
59,39,92.22377856
59,40,42.84545557
59,41,304.8792609
59,42,91.73083375
59,43,12.29946946
59,44,198.6120727
59,45,124.0204975
59,46,164.3630985
59,47,93.17653025
59,48,282.8482962
59,49,1.419151393
60,0,387.9392317
60,1,171.9998033
60,2,32.58445009
60,3,297.3533648
60,4,153.8928348
60,5,42.39434504
60,6,297.4669393
60,7,92.94766196
60,8,127.8416715
60,9,0.210922657
60,10,5.149910199
60,11,32.19512922
60,12,391.9596165
60,13,30.85146154
60,14,22.54897888
60,15,216.1213438
60,16,3.168417103
60,17,14.69470039
60,18,123.6095294
60,19,11.44138603
60,20,6.364906835
60,21,27.12369589
60,22,1.717480038
60,23,55.93720594
60,24,122.0606025
60,25,3.063847903
60,26,166.9929049
60,27,41.67106458
60,28,42.03593695
60,29,80.0756222
60,30,19.42346155
60,31,30.47283757
60,32,28.63551856
60,33,104.7412673
60,34,24.97780748
60,35,21.98975685
60,36,158.1922205
60,37,31.79301751
60,38,1.618099433
60,39,5.189357909
60,40,58.75568927
60,41,25.53925276
60,42,353.7713103
60,43,92.30539559
60,44,104.0551965
60,45,87.13944248
60,46,25.8253439
60,47,69.65401462
60,48,67.61732046
60,49,187.2665717
61,0,637.9857015
61,1,169.8903717
61,2,482.9287822
61,3,539.0217634
61,4,548.0491394
61,5,189.3708492
61,6,534.8144018
61,7,1.697560632
61,8,108.7816748
61,9,34.09095071
61,10,250.2616357
61,11,53.9548407
61,12,427.7327415
61,13,2.02763081
61,14,374.5255229
61,15,74.42563681
61,16,18.29957794
61,17,665.1896437
61,18,900.1389774
61,19,11.26275017
61,20,16.7594132
61,21,117.0494477
61,22,303.2880805
61,23,91.60316215
61,24,691.387484
61,25,134.5386496
61,26,1141.821137
61,27,1293.524216
61,28,183.1236606
61,29,1289.435998
61,30,63.32346247
61,31,205.3517038
61,32,711.6039276
61,33,549.119322
61,34,423.846402
61,35,248.9246463
61,36,1202.638343
61,37,335.1545691
61,38,40.73590305
61,39,0.306512862
61,40,233.3853668
61,41,339.7160631
61,42,735.1369625
61,43,371.9592076
61,44,115.0683256
61,45,406.5632459
61,46,9.514392011
61,47,7.029622092
61,48,66.77959088
61,49,346.6278361
62,0,71.72702303
62,1,102.3857727
62,2,173.0099536
62,3,48.26145194
62,4,197.5711694
62,5,102.9339798
62,6,119.486224
62,7,110.1067566
62,8,74.75830407
62,9,404.3020545
62,10,4.612292336
62,11,0.30164229
62,12,5.157263313
62,13,140.4531734
62,14,157.0114732
62,15,216.0699343
62,16,232.9256637
62,17,36.05087511
62,18,14.91556377
62,19,179.4556867
62,20,166.2044386
62,21,246.2556363
62,22,18.93111455
62,23,141.4800114
62,24,105.6396038
62,25,150.647
62,26,276.003389
62,27,205.5341847
62,28,215.5656992
62,29,16.32806822
62,30,302.2247958
62,31,4.692591852
62,32,6.282113912
62,33,298.6048609
62,34,1.673312055
62,35,23.00917409
62,36,194.1826347
62,37,163.9626416
62,38,52.80412243
62,39,65.30859162
62,40,237.4909622
62,41,21.18954755
62,42,20.5617348
62,43,41.53097244
62,44,57.99638447
62,45,347.9838654
62,46,212.5511862
62,47,58.7537281
62,48,6.364511034
62,49,67.33888167
63,0,18.9314875
63,1,27.60111149
63,2,154.9708289
63,3,299.9400062
63,4,142.9213386
63,5,708.7525587
63,6,62.63607867
63,7,1.039170479
63,8,97.26695682
63,9,6.965556454
63,10,183.0918299
63,11,218.1399603
63,12,451.1725134
63,13,90.07049445
63,14,419.7358271
63,15,25.8846274
63,16,437.2182915
63,17,69.04357162
63,18,135.6152716
63,19,8.333573762
63,20,99.37819944
63,21,922.1456919
63,22,51.10885731
63,23,82.59160211
63,24,596.7909432
63,25,449.8496505
63,26,69.94806641
63,27,254.3276397
63,28,829.6742611
63,29,24.965702
63,30,82.41079811
63,31,48.9240679
63,32,39.134843
63,33,388.6888257
63,34,652.2631958
63,35,49.13723028
63,36,454.2594557
63,37,65.53576138
63,38,25.76169492
63,39,261.243255
63,40,172.1625463
63,41,585.5100152
63,42,7.810962625
63,43,293.4660251
63,44,423.3149494
63,45,25.9985378
63,46,89.96654986
63,47,381.9310362
63,48,9.489208016
63,49,229.1232903
64,0,65.07446919
64,1,97.57537656
64,2,75.65625918
64,3,17.99876287
64,4,36.2414769
64,5,0.626312278
64,6,34.00102069
64,7,45.84441816
64,8,40.32083078
64,9,1.073646261
64,10,6.978046068
64,11,98.28592965
64,12,25.8037
64,13,44.16405878
64,14,2.811259217
64,15,0.687056679
64,16,54.63721177
64,17,0.056038559
64,18,8.385807576
64,19,48.61355876
64,20,2.079223533
64,21,10.81483569
64,22,64.80565258
64,23,28.25554765
64,24,11.14841206
64,25,10.29714949
64,26,37.33072274
64,27,7.175438157
64,28,10.22006209
64,29,18.04346268
64,30,19.78097313
64,31,87.68287702
64,32,28.99738977
64,33,100.7579699
64,34,47.56284377
64,35,24.5733439
64,36,144.5202537
64,37,8.4940469
64,38,26.003523
64,39,39.06549973
64,40,10.25033945
64,41,39.68795937
64,42,21.62921369
64,43,20.58617601
64,44,70.10937733
64,45,4.178709683
64,46,23.8705138
64,47,26.9068884
64,48,75.88461202
64,49,21.16559571
65,0,67.29240641
65,1,308.1932709
65,2,207.4122504
65,3,80.86197803
65,4,45.99963895
65,5,614.2031259
65,6,1288.795412
65,7,556.5394665
65,8,565.4083192
65,9,888.344863
65,10,6.782773963
65,11,32.00413987
65,12,109.7983119
65,13,790.9245113
65,14,348.4973936
65,15,144.8249782
65,16,137.6853548
65,17,571.2573177
65,18,582.1165353
65,19,321.4121226
65,20,548.1519777
65,21,453.2958621
65,22,538.9820385
65,23,1176.31067
65,24,758.532273
65,25,116.8159939
65,26,81.04172097
65,27,326.5285976
65,28,189.6637759
65,29,457.6887097
65,30,299.2675477
65,31,819.0997434
65,32,302.1993675
65,33,313.2261017
65,34,39.00617324
65,35,52.71468975
65,36,132.3720023
65,37,1076.64341
65,38,13.41681959
65,39,58.60616981
65,40,25.51350793
65,41,862.4879
65,42,561.5126354
65,43,1113.499768
65,44,1207.376331
65,45,33.97302096
65,46,23.41162264
65,47,1546.388836
65,48,498.2837125
65,49,297.3684043
66,0,9.200119764
66,1,1.59967935
66,2,80.38548552
66,3,19.31826715
66,4,151.8785594
66,5,12.50530664
66,6,129.7436815
66,7,79.28449986
66,8,48.32633527
66,9,25.03668268
66,10,19.3297317
66,11,41.40871501
66,12,4.66723265
66,13,18.10481942
66,14,16.90930939
66,15,81.3320047
66,16,47.1092063
66,17,111.7590659
66,18,20.90987805
66,19,109.635436
66,20,34.56105315
66,21,57.71336365
66,22,6.46594186
66,23,16.69496461
66,24,24.73837768
66,25,71.71840917
66,26,43.69257282
66,27,70.34164692
66,28,24.22078963
66,29,114.734884
66,30,99.60671991
66,31,67.66956086
66,32,19.09116221
66,33,45.16079242
66,34,4.633604819
66,35,75.16220155
66,36,28.65897711
66,37,53.3341594
66,38,1.138222258
66,39,3.737917152
66,40,89.57521043
66,41,39.01724598
66,42,4.028067165
66,43,9.299497208
66,44,153.1048839
66,45,137.0343362
66,46,104.8656759
66,47,0.248758091
66,48,27.11762783
66,49,16.40797012
67,0,707.0456953
67,1,998.6743108
67,2,463.9776721
67,3,672.6324279
67,4,640.6829276
67,5,180.8671891
67,6,24.00637811
67,7,674.8335252
67,8,48.78104859
67,9,245.021487
67,10,703.3666853
67,11,363.6344854
67,12,230.3178395
67,13,515.7781861
67,14,165.1536624
67,15,373.7193564
67,16,355.9302644
67,17,673.1514341
67,18,465.5075431
67,19,102.6036866
67,20,674.9289329
67,21,285.2355309
67,22,52.2398004
67,23,58.44780484
67,24,695.6106861
67,25,338.4844845
67,26,938.7287873
67,27,53.83779382
67,28,41.56016852
67,29,25.81266013
67,30,294.4160108
67,31,113.1566677
67,32,159.0167167
67,33,766.4419159
67,34,467.7737437
67,35,381.0953268
67,36,13.45474238
67,37,120.8663374
67,38,264.2883592
67,39,365.1448457
67,40,642.5929245
67,41,77.62077968
67,42,708.4806107
67,43,605.1124025
67,44,415.9626343
67,45,441.7733685
67,46,848.3107503
67,47,279.2646262
67,48,606.4549939
67,49,215.1681534
68,0,307.3259413
68,1,331.5890892
68,2,189.4124871
68,3,120.4886821
68,4,553.4431443
68,5,5.013096168
68,6,443.0520177
68,7,9.835538749
68,8,482.4973364
68,9,306.8122507
68,10,24.44974858
68,11,134.3604408
68,12,38.5508581
68,13,21.2733875
68,14,785.0255644
68,15,0.147833457
68,16,438.5981955
68,17,386.6360963
68,18,350.4718432
68,19,146.8366469
68,20,338.5287983
68,21,84.97866477
68,22,298.7802953
68,23,265.9080061
68,24,596.6317776
68,25,134.2567196
68,26,362.2137764
68,27,17.54666963
68,28,394.7874571
68,29,332.6218619
68,30,446.1859944
68,31,76.21374181
68,32,208.0282129
68,33,181.2891729
68,34,603.469006
68,35,11.02294186
68,36,12.40785676
68,37,475.8206494
68,38,338.6318303
68,39,89.2233504
68,40,1.601272458
68,41,417.8531889
68,42,367.4487639
68,43,543.8183895
68,44,301.9902776
68,45,133.1565708
68,46,188.9631377
68,47,58.99404581
68,48,111.910965
68,49,72.18791586
69,0,113.738077
69,1,383.9643462
69,2,252.5159206
69,3,89.79654108
69,4,57.28454891
69,5,5.841337714
69,6,107.6118532
69,7,328.274202
69,8,342.5597041
69,9,33.02742115
69,10,708.2120906
69,11,177.6823537
69,12,35.94121049
69,13,945.4106462
69,14,138.3456192
69,15,125.7530811
69,16,75.09754362
69,17,43.03144311
69,18,136.375121
69,19,479.7728346
69,20,521.210256
69,21,468.0059631
69,22,383.2125961
69,23,132.0245572
69,24,237.5304615
69,25,33.58193449
69,26,272.0982529
69,27,316.6192042
69,28,332.3367684
69,29,2.91210853
69,30,269.447155
69,31,438.6355638
69,32,43.97981951
69,33,45.8565187
69,34,78.38365299
69,35,67.92403076
69,36,463.8203015
69,37,57.10668568
69,38,349.377222
69,39,310.6605536
69,40,672.4767413
69,41,320.1407481
69,42,8.111371011
69,43,329.4591331
69,44,129.7720044
69,45,169.2040084
69,46,393.0312366
69,47,5.193061925
69,48,658.9552817
69,49,542.5885886
70,0,23.85606615
70,1,26.45858579
70,2,24.84970203
70,3,223.5218021
70,4,34.3794964
70,5,75.31461275
70,6,64.57960764
70,7,6.803924687
70,8,71.72698144
70,9,7.351594672
70,10,126.3686396
70,11,144.9293151
70,12,31.93230938
70,13,247.4326062
70,14,3.32306418
70,15,63.5672026
70,16,217.5853381
70,17,152.4941178
70,18,140.4740961
70,19,191.2740908
70,20,249.888803
70,21,108.8944588
70,22,290.270371
70,23,64.57139331
70,24,104.0317017
70,25,15.11870813
70,26,80.4541796
70,27,114.6687495
70,28,160.9026522
70,29,8.649366182
70,30,20.71773726
70,31,12.32829646
70,32,13.06019629
70,33,48.98852055
70,34,7.842502074
70,35,4.437818447
70,36,1.860800675
70,37,57.51253684
70,38,16.44658643
70,39,90.96386459
70,40,33.44882021
70,41,36.32597413
70,42,28.4292726
70,43,63.97503471
70,44,27.04261645
70,45,26.73113728
70,46,64.1813884
70,47,8.324931524
70,48,165.5275367
70,49,12.45911257
71,0,6.697960675
71,1,295.4618964
71,2,76.57799029
71,3,78.00699237
71,4,290.5971655
71,5,178.8455758
71,6,292.4264458
71,7,41.94370887
71,8,2.73716251
71,9,105.4743106
71,10,137.7435535
71,11,63.88539937
71,12,3.436615443
71,13,0.569689507
71,14,295.2462691
71,15,50.5857232
71,16,267.9705984
71,17,351.9212691
71,18,16.71135533
71,19,66.05843903
71,20,648.0617091
71,21,141.6405215
71,22,389.2777248
71,23,294.5129533
71,24,34.13447142
71,25,354.7215983
71,26,605.800966
71,27,318.5608177
71,28,191.7721743
71,29,192.9611261
71,30,154.8618514
71,31,177.3460318
71,32,154.4386009
71,33,112.1476064
71,34,378.6620565
71,35,519.7602532
71,36,280.014453
71,37,81.09224503
71,38,38.80970379
71,39,17.82123511
71,40,24.72528374
71,41,11.23164514
71,42,0.455448609
71,43,310.5891095
71,44,0.106141706
71,45,277.1420775
71,46,223.4384632
71,47,50.10376481
71,48,493.6083163
71,49,139.6521347
72,0,60.89261515
72,1,133.0304484
72,2,244.4287297
72,3,406.8548617
72,4,531.1251834
72,5,242.9573501
72,6,257.8833771
72,7,602.6051736
72,8,876.5878343
72,9,52.14127933
72,10,598.0421878
72,11,31.07356863
72,12,17.6986177
72,13,386.6172664
72,14,254.395262
72,15,117.9875744
72,16,97.75147815
72,17,22.82269906
72,18,114.2778812
72,19,7.204517364
72,20,82.79391398
72,21,201.02028
72,22,847.1795435
72,23,358.6588969
72,24,185.108146
72,25,229.9367368
72,26,554.1896721
72,27,93.45787321
72,28,797.5748031
72,29,459.5234314
72,30,624.8115722
72,31,7.872333214
72,32,1533.562148
72,33,1145.091981
72,34,387.3305751
72,35,275.9583367
72,36,187.371936
72,37,665.3963895
72,38,913.181054
72,39,150.4417771
72,40,466.6492809
72,41,179.3087703
72,42,221.2838716
72,43,137.6658011
72,44,894.7331528
72,45,821.8269317
72,46,4.262437089
72,47,54.80604977
72,48,14.21040383
72,49,198.3315286
73,0,585.9798457
73,1,203.419045
73,2,158.1373912
73,3,447.3454445
73,4,672.2108812
73,5,85.59096071
73,6,123.7225107
73,7,605.7148802
73,8,123.451254
73,9,44.2376653
73,10,623.823363
73,11,200.0825752
73,12,813.4613293
73,13,976.0846202
73,14,265.5941975
73,15,427.2163948
73,16,201.3154905
73,17,1127.048763
73,18,421.4905637
73,19,11.01231065
73,20,45.72783841
73,21,792.5968177
73,22,559.0056141
73,23,201.3915105
73,24,970.7355729
73,25,37.60263172
73,26,240.0477567
73,27,125.0769063
73,28,14.7667831
73,29,66.3818283
73,30,560.6051166
73,31,169.6775608
73,32,127.8816432
73,33,1189.21759
73,34,77.22202355
73,35,236.4362089
73,36,54.9534309
73,37,22.22167077
73,38,462.7940961
73,39,870.2874906
73,40,541.4609472
73,41,261.8436554
73,42,400.0714673
73,43,284.2643306
73,44,179.6813762
73,45,544.1194237
73,46,3.727785323
73,47,991.1430859
73,48,107.5280686
73,49,5.892127419
74,0,24.93156766
74,1,615.7734005
74,2,1075.022694
74,3,47.24015795
74,4,385.8827554
74,5,719.0705203
74,6,238.2660635
74,7,285.4098557
74,8,39.53382256
74,9,179.9020793
74,10,174.3633992
74,11,112.3594092
74,12,1098.058323
74,13,219.5226632
74,14,779.7182481
74,15,358.3206105
74,16,64.31133121
74,17,290.6623099
74,18,31.01563615
74,19,655.5956599
74,20,131.4914634
74,21,268.3433901
74,22,29.76936295
74,23,394.3968287
74,24,475.7778508
74,25,327.0939361
74,26,672.5951373
74,27,1137.917654
74,28,122.2316919
74,29,233.5573384
74,30,113.2573974
74,31,17.67613428
74,32,44.74672098
74,33,83.85900906
74,34,175.7205499
74,35,1152.63533
74,36,1270.111106
74,37,227.5865694
74,38,528.1779885
74,39,89.84662723
74,40,873.9645459
74,41,59.06287158
74,42,22.9809931
74,43,62.60431568
74,44,1.435348001
74,45,670.0099859
74,46,142.5887599
74,47,294.1096958
74,48,556.0481726
74,49,947.1541356
75,0,651.7225154
75,1,1768.226422
75,2,174.7730417
75,3,284.7370951
75,4,1452.073163
75,5,61.61441666
75,6,1065.688833
75,7,159.955368
75,8,1336.259377
75,9,459.608175
75,10,16.57318023
75,11,11.16932257
75,12,347.7173419
75,13,501.2617763
75,14,242.6601292
75,15,66.20686055
75,16,95.20318602
75,17,308.6910034
75,18,899.8470773
75,19,334.3357892
75,20,242.4298332
75,21,349.4464033
75,22,934.5630222
75,23,348.2409037
75,24,788.3129873
75,25,109.4446205
75,26,437.2596122
75,27,420.9393646
75,28,529.8901098
75,29,25.45635046
75,30,760.4472262
75,31,678.2851061
75,32,934.5868044
75,33,872.1890724
75,34,511.1084449
75,35,246.7614334
75,36,144.0468942
75,37,169.7934996
75,38,338.6237579
75,39,600.5606027
75,40,1332.018612
75,41,128.0040831
75,42,939.998876
75,43,836.7922303
75,44,458.6153665
75,45,416.756619
75,46,317.3070976
75,47,320.6404421
75,48,491.183714
75,49,469.2769388
76,0,99.10085267
76,1,51.9453012
76,2,50.2973869
76,3,84.09090836
76,4,40.02538484
76,5,52.93757437
76,6,166.0344083
76,7,5.479482163
76,8,153.3441802
76,9,20.11125616
76,10,3.56753791
76,11,48.90586377
76,12,17.92834331
76,13,106.083433
76,14,17.09358831
76,15,61.93382453
76,16,41.79389394
76,17,93.88243574
76,18,86.16895431
76,19,8.088153655
76,20,103.900667
76,21,1.428976431
76,22,97.34587462
76,23,118.5951488
76,24,82.80376042
76,25,122.6287978
76,26,13.67298466
76,27,215.1968083
76,28,53.61451866
76,29,24.48295838
76,30,64.42204491
76,31,120.0323548
76,32,225.6306803
76,33,46.17048873
76,34,15.89231482
76,35,131.4350711
76,36,54.48528005
76,37,87.37816462
76,38,84.33332217
76,39,189.6494567
76,40,83.1382976
76,41,29.80522212
76,42,238.181775
76,43,53.57316415
76,44,205.2989514
76,45,137.2321197
76,46,54.77726599
76,47,107.9491181
76,48,8.694976266
76,49,211.3510455
77,0,90.89918066
77,1,33.47090079
77,2,469.5865573
77,3,88.76487747
77,4,195.2342846
77,5,432.2072056
77,6,17.11293073
77,7,570.1825522
77,8,73.9756587
77,9,586.4272757
77,10,230.2266143
77,11,14.55362519
77,12,17.10938513
77,13,308.7112501
77,14,19.0644558
77,15,291.8810029
77,16,115.5969966
77,17,410.8659633
77,18,374.5679985
77,19,238.7091316
77,20,261.5667199
77,21,9.943686756
77,22,164.209723
77,23,43.47223266
77,24,89.80597317
77,25,5.752158034
77,26,526.8677748
77,27,109.3967425
77,28,30.3926077
77,29,368.5583984
77,30,839.4681567
77,31,382.9978468
77,32,160.7107069
77,33,113.3626397
77,34,44.12352223
77,35,100.000962
77,36,383.257957
77,37,31.70955805
77,38,230.6660979
77,39,114.3856979
77,40,384.5390634
77,41,88.79820352
77,42,116.2668713
77,43,387.2333932
77,44,103.4748988
77,45,123.6189586
77,46,208.3516008
77,47,31.86535776
77,48,268.2718865
77,49,2.938318127
78,0,317.8374325
78,1,10.57338432
78,2,325.3381276
78,3,11.88107471
78,4,390.8139266
78,5,420.8990897
78,6,384.3923779
78,7,111.0355937
78,8,119.021197
78,9,99.37244307
78,10,166.095343
78,11,57.23484966
78,12,201.8198408
78,13,465.7335851
78,14,458.4294088
78,15,278.9761797
78,16,27.82226865
78,17,124.0794282
78,18,597.2866468
78,19,81.18393157
78,20,106.5355796
78,21,727.6771678
78,22,71.75828638
78,23,422.7819192
78,24,621.0051647
78,25,167.8230409
78,26,4.079450568
78,27,6.864409431
78,28,21.49295531
78,29,1045.876863
78,30,633.473152
78,31,3.618370919
78,32,1111.537314
78,33,509.8310053
78,34,51.09565956
78,35,50.37759785
78,36,350.2170436
78,37,373.8790366
78,38,570.1520741
78,39,181.3155084
78,40,525.6157608
78,41,301.965073
78,42,756.2242398
78,43,18.50449069
78,44,247.8473855
78,45,11.04095836
78,46,218.4594216
78,47,89.6415022
78,48,356.5517816
78,49,349.2784843
79,0,1421.196268
79,1,492.2822626
79,2,458.0655267
79,3,42.63497028
79,4,6.965369107
79,5,176.5038526
79,6,470.7098403
79,7,287.2917242
79,8,3.803096447
79,9,638.0071388
79,10,56.30840529
79,11,130.7105617
79,12,139.5706305
79,13,107.1471955
79,14,158.9933599
79,15,600.8532554
79,16,852.3698316
79,17,6.24449795
79,18,173.6827484
79,19,230.3498335
79,20,156.6306205
79,21,367.1198342
79,22,25.37146303
79,23,207.1945645
79,24,907.1205708
79,25,820.1204611
79,26,612.3495263
79,27,26.92796957
79,28,325.2980383
79,29,406.0880221
79,30,59.63131796
79,31,205.6623547
79,32,963.0293374
79,33,39.26702376
79,34,235.4670564
79,35,435.2924914
79,36,277.5321106
79,37,215.8073807
79,38,500.184183
79,39,182.0060019
79,40,36.20544862
79,41,460.7337776
79,42,5.867680927
79,43,500.8586292
79,44,814.2688944
79,45,164.9678767
79,46,332.1459716
79,47,70.09071575
79,48,500.877195
79,49,56.85562579
80,0,34.94791897
80,1,285.6284119
80,2,581.4340113
80,3,447.5049598
80,4,477.2653145
80,5,683.2636377
80,6,40.66099158
80,7,205.1743065
80,8,211.7737778
80,9,363.8118947
80,10,144.1188462
80,11,162.9838176
80,12,75.62692454
80,13,366.9264539
80,14,728.210579
80,15,12.3117025
80,16,238.2305966
80,17,201.4926289
80,18,159.1014908
80,19,79.07168458
80,20,751.2752038
80,21,531.5927491
80,22,630.507785
80,23,517.610917
80,24,365.3615773
80,25,611.8649414
80,26,2.472495014
80,27,260.2081588
80,28,653.9762292
80,29,460.5032453
80,30,685.3848122
80,31,212.4582673
80,32,69.95302408
80,33,11.77672908
80,34,119.439622
80,35,369.278767
80,36,13.75154088
80,37,45.96790704
80,38,714.2973217
80,39,101.8523383
80,40,36.23202553
80,41,109.9150289
80,42,229.121852
80,43,670.0245102
80,44,58.91419628
80,45,349.5732854
80,46,202.8769434
80,47,433.0171515
80,48,147.7641405
80,49,49.79037542
81,0,95.2583462
81,1,36.24248921
81,2,401.3433557
81,3,397.2325159
81,4,209.802584
81,5,0.842257453
81,6,48.88164256
81,7,135.983826
81,8,470.06168
81,9,254.2014437
81,10,398.8427422
81,11,53.90256464
81,12,236.0293936
81,13,124.0715067
81,14,78.49971214
81,15,110.7536917
81,16,7.238590299
81,17,149.669519
81,18,106.2013152
81,19,12.93053148
81,20,351.8329941
81,21,34.79820247
81,22,15.63814125
81,23,43.02128966
81,24,27.51144883
81,25,111.8425123
81,26,298.4988804
81,27,221.0635015
81,28,0.328107502
81,29,257.4596435
81,30,40.0497591
81,31,160.7611394
81,32,16.61587647
81,33,278.2505563
81,34,100.5927663
81,35,12.74057513
81,36,284.4639523
81,37,406.9026468
81,38,388.8817504
81,39,209.8890739
81,40,45.09787157
81,41,120.6955368
81,42,126.9198235
81,43,160.3415344
81,44,107.4643313
81,45,344.1464756
81,46,262.8389195
81,47,5.695221559
81,48,144.6198204
81,49,150.172981
82,0,62.78137762
82,1,41.90788297
82,2,0.023867735
82,3,17.44710933
82,4,6.626990016
82,5,51.16884123
82,6,107.6424978
82,7,30.0412404
82,8,16.79851811
82,9,135.8559877
82,10,41.89748227
82,11,84.27948852
82,12,40.66463598
82,13,83.27724437
82,14,30.68956993
82,15,82.17923314
82,16,0.737091993
82,17,1.748028837
82,18,119.0317311
82,19,117.9789181
82,20,6.351596787
82,21,0.874397965
82,22,122.723099
82,23,13.6385791
82,24,8.730124392
82,25,60.07046954
82,26,10.78332373
82,27,89.60969971
82,28,54.29812264
82,29,59.14077693
82,30,34.11067743
82,31,107.8796725
82,32,11.20716072
82,33,148.0518124
82,34,24.9675869
82,35,94.31544011
82,36,85.76827795
82,37,5.084576747
82,38,1.593595508
82,39,31.92325574
82,40,0.795351457
82,41,10.07257778
82,42,38.73191796
82,43,18.12346564
82,44,16.95073996
82,45,5.433107322
82,46,36.09453432
82,47,55.79786247
82,48,65.09342359
82,49,50.3520377
83,0,871.6716806
83,1,587.8239877
83,2,95.52656682
83,3,385.6828497
83,4,330.0074067
83,5,697.6257752
83,6,1340.284876
83,7,127.0866431
83,8,229.2756797
83,9,1012.445201
83,10,4.754419975
83,11,114.1059728
83,12,1099.038574
83,13,421.8523707
83,14,1381.084612
83,15,353.2828025
83,16,487.0861923
83,17,278.6550978
83,18,691.6690316
83,19,213.6067452
83,20,98.61428307
83,21,682.0967678
83,22,714.1564615
83,23,38.57487388
83,24,86.48379012
83,25,682.6885979
83,26,326.4516077
83,27,202.8264546
83,28,650.3457734
83,29,685.0061972
83,30,48.22633023
83,31,451.9719975
83,32,686.7706585
83,33,103.9142306
83,34,182.7627494
83,35,853.1667459
83,36,1.887219191
83,37,712.2621394
83,38,141.719816
83,39,95.14756278
83,40,352.9870737
83,41,383.8513138
83,42,978.4515613
83,43,0.452152428
83,44,15.40921423
83,45,22.96332025
83,46,302.2908624
83,47,34.42000555
83,48,483.846265
83,49,704.2921725
84,0,153.6233101
84,1,1082.528825
84,2,356.1698556
84,3,351.9745744
84,4,525.6837203
84,5,581.1408254
84,6,0.160174379
84,7,354.080123
84,8,15.94488321
84,9,496.6616734
84,10,499.7861337
84,11,206.7096135
84,12,19.95480251
84,13,5.416683592
84,14,432.3264334
84,15,175.4717231
84,16,55.6274891
84,17,1226.167807
84,18,70.90432934
84,19,165.4207621
84,20,893.1513327
84,21,34.21081952
84,22,149.5204943
84,23,175.5512889
84,24,744.3291343
84,25,50.35845355
84,26,75.72418125
84,27,19.11118099
84,28,155.776455
84,29,343.3489711
84,30,78.16721106
84,31,484.6964645
84,32,336.0706798
84,33,451.6302494
84,34,294.6529523
84,35,25.7481306
84,36,58.34083102
84,37,87.5971649
84,38,227.0810003
84,39,237.6748357
84,40,11.01041323
84,41,16.70186579
84,42,574.4603094
84,43,614.0376159
84,44,1002.424745
84,45,1012.906199
84,46,797.6600228
84,47,35.39014267
84,48,667.1122989
84,49,6.0671199
85,0,4.647237375
85,1,2.019285969
85,2,35.52655196
85,3,0.933551734
85,4,2.212839699
85,5,17.67411541
85,6,16.06056871
85,7,14.8853781
85,8,23.25170744
85,9,2.888177373
85,10,0.269156352
85,11,25.28340871
85,12,5.895710665
85,13,1.792141189
85,14,29.57899594
85,15,31.87648816
85,16,10.74852728
85,17,7.187696683
85,18,9.650268562
85,19,1.85721621
85,20,39.56617704
85,21,0.963109751
85,22,13.64634071
85,23,0.025183987
85,24,5.378400121
85,25,0.134707888
85,26,6.500894827
85,27,10.94327883
85,28,0.584762657
85,29,20.86254746
85,30,0.984045871
85,31,6.037337628
85,32,7.872992019
85,33,0.572563764
85,34,14.63296647
85,35,32.07108643
85,36,12.95201678
85,37,25.81057988
85,38,7.48582101
85,39,25.67705037
85,40,5.179256726
85,41,2.353827693
85,42,11.539697
85,43,4.700981548
85,44,25.07323624
85,45,10.98624646
85,46,1.362847178
85,47,25.59803195
85,48,3.528744458
85,49,0.074027573
86,0,76.26051902
86,1,30.54591133
86,2,448.6277879
86,3,40.89885845
86,4,392.1296845
86,5,137.6757147
86,6,79.67335193
86,7,304.7887808
86,8,282.6647805
86,9,454.5352086
86,10,436.8509222
86,11,14.36770266
86,12,160.9952311
86,13,391.491523
86,14,187.7822583
86,15,90.05497656
86,16,202.972918
86,17,62.14659363
86,18,174.1583421
86,19,90.8881977
86,20,27.50404506
86,21,321.3739922
86,22,142.8852743
86,23,120.6009436
86,24,14.29465308
86,25,66.93590473
86,26,222.5393325
86,27,137.7909592
86,28,41.40272938
86,29,214.149184
86,30,90.6503498
86,31,4.891517148
86,32,16.77352929
86,33,504.9617579
86,34,21.78285536
86,35,75.9158792
86,36,2.44422122
86,37,98.25000967
86,38,55.98135065
86,39,95.40764286
86,40,122.6014875
86,41,554.6352139
86,42,8.480014595
86,43,151.6235609
86,44,103.9538832
86,45,288.5306799
86,46,60.62903248
86,47,24.54605171
86,48,162.3037315
86,49,17.30769714
87,0,218.9493269
87,1,161.0552082
87,2,59.95779529
87,3,62.78832166
87,4,4.127915872
87,5,15.51000227
87,6,41.8010583
87,7,0.112394735
87,8,29.12414821
87,9,108.5285491
87,10,134.2585404
87,11,319.3091697
87,12,48.97737083
87,13,4.36972601
87,14,25.09547669
87,15,41.12676908
87,16,12.03622359
87,17,59.12392071
87,18,45.02885013
87,19,246.8842586
87,20,18.34455702
87,21,121.0738157
87,22,23.85499783
87,23,10.83754217
87,24,2.794744667
87,25,76.46028059
87,26,45.11696843
87,27,157.5578216
87,28,62.99592995
87,29,160.4138211
87,30,303.5722483
87,31,53.77523514
87,32,255.4638786
87,33,135.6852398
87,34,253.8949501
87,35,121.8925273
87,36,203.722194
87,37,39.66364076
87,38,191.3913513
87,39,17.25632497
87,40,6.910460036
87,41,180.3661405
87,42,29.62636878
87,43,165.9774317
87,44,134.2945086
87,45,88.53710981
87,46,123.139085
87,47,198.4630233
87,48,74.24636849
87,49,95.61666373
88,0,146.1070022
88,1,35.77223879
88,2,166.5793502
88,3,34.20151025
88,4,110.8515121
88,5,100.8876533
88,6,87.68325106
88,7,83.4911799
88,8,77.31827853
88,9,80.07544108
88,10,3.316325196
88,11,71.4231254
88,12,33.21043258
88,13,257.8884853
88,14,21.52365751
88,15,127.2296266
88,16,4.444715103
88,17,21.24166203
88,18,261.057692
88,19,16.33241262
88,20,241.310607
88,21,117.678594
88,22,53.37861457
88,23,214.2802352
88,24,31.60859709
88,25,92.43734775
88,26,139.3269559
88,27,316.0528798
88,28,33.26173159
88,29,100.8267748
88,30,173.3992181
88,31,0.770063442
88,32,212.7447637
88,33,2.401789703
88,34,2.084825085
88,35,67.00370033
88,36,141.8426275
88,37,15.33867655
88,38,3.766574019
88,39,0.56207561
88,40,145.5425365
88,41,16.33554113
88,42,53.4158465
88,43,68.08071808
88,44,23.84837809
88,45,23.73980179
88,46,123.0325365
88,47,205.1582096
88,48,47.87482511
88,49,44.29806468
89,0,286.5945956
89,1,657.2202204
89,2,460.5879664
89,3,808.3364514
89,4,370.1802935
89,5,1090.215542
89,6,149.8828111
89,7,120.8971578
89,8,724.4816619
89,9,79.51589773
89,10,209.7124822
89,11,622.7335511
89,12,145.7237633
89,13,61.07021492
89,14,849.3827639
89,15,266.7138352
89,16,388.4834812
89,17,380.6440642
89,18,739.2360446
89,19,673.5911551
89,20,371.2808468
89,21,720.143408
89,22,1244.569555
89,23,17.26702797
89,24,29.34348585
89,25,474.4227381
89,26,266.0857259
89,27,523.7434369
89,28,178.9465541
89,29,461.0037944
89,30,105.9315031
89,31,88.70978212
89,32,0.279678404
89,33,375.5006674
89,34,303.5193338
89,35,151.8314719
89,36,1012.984144
89,37,168.5121127
89,38,173.154585
89,39,175.7889419
89,40,1234.576452
89,41,1222.610906
89,42,51.67372471
89,43,212.8991583
89,44,1183.13493
89,45,900.1275537
89,46,59.3987969
89,47,814.5276289
89,48,498.5371501
89,49,77.98538523
90,0,9.605376487
90,1,139.6455185
90,2,12.29795033
90,3,100.9681237
90,4,225.7887162
90,5,191.9644533
90,6,129.3278873
90,7,343.5643323
90,8,63.52813718
90,9,202.4065491
90,10,163.9121021
90,11,590.2784153
90,12,53.3748978
90,13,442.9926916
90,14,0.453923343
90,15,169.3884464
90,16,29.78818298
90,17,383.728575
90,18,63.31313049
90,19,216.3178546
90,20,49.29537863
90,21,472.6979709
90,22,393.9259909
90,23,17.25908682
90,24,21.75013017
90,25,177.5047701
90,26,395.9490746
90,27,109.5373304
90,28,44.29451112
90,29,172.0209717
90,30,234.0620122
90,31,50.71235652
90,32,68.0404728
90,33,8.93604129
90,34,465.6369718
90,35,26.06625662
90,36,1.117027565
90,37,305.6636126
90,38,405.7404137
90,39,408.8492764
90,40,47.20587106
90,41,112.5743376
90,42,314.9080923
90,43,30.8368658
90,44,168.8698629
90,45,293.598716
90,46,11.33738128
90,47,151.3183108
90,48,285.3073945
90,49,48.6576819
91,0,3.679418025
91,1,81.70418173
91,2,35.64228253
91,3,481.1846676
91,4,72.9784772
91,5,0.430442221
91,6,82.18689655
91,7,115.7478221
91,8,24.95603024
91,9,400.0289359
91,10,58.95845122
91,11,39.56193714
91,12,61.37821489
91,13,297.8097593
91,14,259.5783652
91,15,490.8501026
91,16,288.8387575
91,17,21.26898876
91,18,192.3654221
91,19,195.9503594
91,20,183.1116296
91,21,6.765263438
91,22,549.4526432
91,23,43.0758285
91,24,378.8319087
91,25,40.11996401
91,26,387.7954674
91,27,266.1692241
91,28,463.2324424
91,29,343.8261119
91,30,170.0050202
91,31,262.1762242
91,32,422.1669464
91,33,210.0140615
91,34,101.3141341
91,35,227.2012715
91,36,32.39079339
91,37,727.2246784
91,38,92.47207635
91,39,114.938318
91,40,832.7672309
91,41,359.9365912
91,42,305.7617483
91,43,36.78099293
91,44,79.55995125
91,45,1.579600439
91,46,16.72662748
91,47,100.476557
91,48,259.7171828
91,49,207.6237236
92,0,1037.725601
92,1,61.90579999
92,2,1280.130864
92,3,101.6078253
92,4,432.3742569
92,5,27.71220781
92,6,117.1903413
92,7,1011.057268
92,8,112.1061205
92,9,281.1381789
92,10,551.7270368
92,11,1.634928429
92,12,96.15581426
92,13,383.4198471
92,14,489.1848702
92,15,64.42238185
92,16,349.793291
92,17,996.278377
92,18,81.20786564
92,19,166.3195022
92,20,237.7519754
92,21,433.1067293
92,22,1318.674236
92,23,446.6890542
92,24,348.1859303
92,25,867.6742576
92,26,714.6025009
92,27,203.31093
92,28,615.5487139
92,29,611.1620892
92,30,798.4858432
92,31,181.8784209
92,32,31.66174507
92,33,413.1796019
92,34,575.9824285
92,35,1175.972021
92,36,244.8240692
92,37,292.9629247
92,38,144.7649831
92,39,1457.66778
92,40,121.849498
92,41,2.824431409
92,42,226.9083081
92,43,577.3397094
92,44,4.55414199
92,45,1126.734624
92,46,208.1862649
92,47,940.9933807
92,48,1444.154857
92,49,24.32838674
93,0,223.9689842
93,1,9.251087982
93,2,195.5400407
93,3,12.20336321
93,4,11.37685799
93,5,48.04207273
93,6,423.9499756
93,7,454.1523336
93,8,174.1201966
93,9,30.47148348
93,10,46.21506715
93,11,6.835597752
93,12,48.5805755
93,13,37.87469232
93,14,77.39916296
93,15,14.93083993
93,16,23.94753214
93,17,282.6413388
93,18,192.5014169
93,19,7.925413084
93,20,285.138647
93,21,275.2888717
93,22,44.88752281
93,23,319.1603298
93,24,511.3079872
93,25,271.2553535
93,26,401.9903095
93,27,175.7625609
93,28,20.50507634
93,29,415.1911825
93,30,63.40770792
93,31,138.5866596
93,32,274.9997868
93,33,17.40234611
93,34,357.2038869
93,35,205.1846493
93,36,61.67518777
93,37,338.4384798
93,38,53.16946515
93,39,140.4847809
93,40,42.38557772
93,41,73.56815853
93,42,110.640087
93,43,72.15953631
93,44,27.17183764
93,45,18.18433314
93,46,358.0598061
93,47,52.41435053
93,48,22.5701726
93,49,2.36350906
94,0,240.6764074
94,1,22.81721333
94,2,12.15087674
94,3,25.42770492
94,4,207.4778276
94,5,4.394640983
94,6,0.669613664
94,7,55.55404343
94,8,20.91513113
94,9,103.3090558
94,10,15.9765776
94,11,191.3657929
94,12,57.58107867
94,13,6.564896756
94,14,86.06123315
94,15,94.13488218
94,16,128.6386198
94,17,67.23941344
94,18,221.348895
94,19,4.60947813
94,20,22.94390811
94,21,51.25960241
94,22,5.282591293
94,23,20.55000344
94,24,20.76206729
94,25,23.46799618
94,26,65.1417203
94,27,13.82742216
94,28,69.57440234
94,29,103.4602866
94,30,20.43700354
94,31,136.5913121
94,32,120.8577485
94,33,57.0355847
94,34,81.53766652
94,35,94.06273079
94,36,150.9818334
94,37,25.76947728
94,38,40.91686252
94,39,113.1993756
94,40,32.09044227
94,41,48.38050336
94,42,122.0773995
94,43,97.525364
94,44,81.82334433
94,45,75.10659199
94,46,27.20740307
94,47,112.3793436
94,48,37.26559048
94,49,12.63026516
95,0,297.8153897
95,1,505.0337261
95,2,120.4935632
95,3,71.00690281
95,4,56.99981293
95,5,132.3480085
95,6,5.083505844
95,7,67.25682133
95,8,156.1596622
95,9,136.9748557
95,10,109.7928263
95,11,85.6304509
95,12,25.78829566
95,13,92.19327963
95,14,56.64605035
95,15,126.0365097
95,16,202.3004357
95,17,82.0904635
95,18,349.8808205
95,19,26.60429577
95,20,7.06318811
95,21,10.49177247
95,22,25.32867735
95,23,111.5901169
95,24,159.3082399
95,25,90.18710168
95,26,72.36581667
95,27,315.0165245
95,28,55.05600996
95,29,154.4792632
95,30,270.7415783
95,31,399.0844462
95,32,27.65260197
95,33,45.99799078
95,34,108.5903286
95,35,313.4256267
95,36,349.8128578
95,37,456.9407934
95,38,80.87449533
95,39,122.9491181
95,40,370.4336455
95,41,132.8066647
95,42,48.48828993
95,43,139.8003738
95,44,189.765069
95,45,84.27155576
95,46,25.09340694
95,47,82.56603169
95,48,125.15196
95,49,88.963635
96,0,512.4622647
96,1,503.3822367
96,2,492.6730951
96,3,45.27268908
96,4,144.7194115
96,5,40.69447705
96,6,17.23434121
96,7,743.7369103
96,8,309.2533573
96,9,1.916766308
96,10,711.3849996
96,11,239.7804642
96,12,15.14602889
96,13,610.8282783
96,14,340.4727335
96,15,463.9608324
96,16,766.0749043
96,17,71.12178561
96,18,126.9173739
96,19,17.32820328
96,20,200.2290178
96,21,154.7308698
96,22,365.4195146
96,23,20.75921079
96,24,488.4664288
96,25,96.00440461
96,26,657.6417248
96,27,287.4474846
96,28,573.9278417
96,29,760.0313878
96,30,103.1758904
96,31,310.3182708
96,32,205.7291804
96,33,30.48168731
96,34,142.2052063
96,35,134.1435591
96,36,110.8433364
96,37,4.692932918
96,38,41.12965199
96,39,43.68429932
96,40,235.5954049
96,41,46.81867126
96,42,10.55423847
96,43,681.1219063
96,44,79.10220777
96,45,138.1475509
96,46,478.3374839
96,47,155.8223156
96,48,112.8774304
96,49,52.66383629
97,0,21.64598744
97,1,49.28789588
97,2,46.26715744
97,3,97.2066961
97,4,29.91686135
97,5,53.19756272
97,6,149.8915733
97,7,136.5324453
97,8,14.57974174
97,9,85.37110281
97,10,61.63996917
97,11,74.9123416
97,12,1.133303962
97,13,48.5445426
97,14,42.0702642
97,15,31.15236865
97,16,23.98345737
97,17,109.1438042
97,18,49.45640699
97,19,18.696957
97,20,52.49300022
97,21,4.171707457
97,22,92.54228344
97,23,49.12398848
97,24,41.90997849
97,25,47.25471232
97,26,6.573530697
97,27,1.454176254
97,28,75.36361832
97,29,90.38724028
97,30,33.26012019
97,31,101.9608192
97,32,40.06183587
97,33,45.10447124
97,34,4.587805463
97,35,111.8220017
97,36,144.3788785
97,37,75.65050119
97,38,18.89381124
97,39,11.94023355
97,40,114.1337758
97,41,5.764365825
97,42,48.72777369
97,43,36.83319676
97,44,0.554260247
97,45,8.903634989
97,46,22.34776858
97,47,108.122583
97,48,25.67494718
97,49,20.85404018
98,0,14.23397684
98,1,607.2774746
98,2,41.61602515
98,3,7.49727962
98,4,685.8007811
98,5,93.3854085
98,6,895.2509971
98,7,419.4669394
98,8,22.68555238
98,9,40.47149979
98,10,288.6333384
98,11,68.49878893
98,12,143.2932954
98,13,133.8129266
98,14,152.0424207
98,15,205.2267946
98,16,702.7722397
98,17,174.8444077
98,18,115.5700229
98,19,1149.163863
98,20,4.570524801
98,21,22.76679158
98,22,240.7481716
98,23,165.5638191
98,24,4.816598612
98,25,16.34620059
98,26,312.1824299
98,27,32.77836639
98,28,41.35448186
98,29,357.1146439
98,30,380.9526421
98,31,235.5210759
98,32,452.7165522
98,33,10.67841675
98,34,727.5163524
98,35,279.0509606
98,36,122.9980884
98,37,5.836688153
98,38,282.9336199
98,39,599.4378541
98,40,483.5846535
98,41,208.8535399
98,42,511.9850331
98,43,75.35237888
98,44,650.7548724
98,45,222.8602151
98,46,85.48398627
98,47,10.28904191
98,48,8.081418701
98,49,752.2666637
99,0,7.272941713
99,1,185.8713708
99,2,225.955912
99,3,431.2256655
99,4,203.3208217
99,5,163.5923499
99,6,757.3234624
99,7,567.8911504
99,8,481.2780426
99,9,134.3995857
99,10,42.24229886
99,11,1046.093975
99,12,58.87001926
99,13,230.4853823
99,14,549.7832923
99,15,181.361212
99,16,344.3945757
99,17,1248.096371
99,18,74.1543251
99,19,93.62703376
99,20,681.8366996
99,21,993.0922396
99,22,34.48838734
99,23,24.23419725
99,24,513.8460691
99,25,136.9220809
99,26,934.1099577
99,27,545.221679
99,28,25.2241353
99,29,101.289433
99,30,0.05557082
99,31,220.9027499
99,32,698.2404165
99,33,113.3710905
99,34,218.2293377
99,35,554.9022785
99,36,235.9068163
99,37,260.1156527
99,38,1189.870799
99,39,190.6075599
99,40,606.3233037
99,41,905.028354
99,42,147.2594818
99,43,697.3210839
99,44,7.066886602
99,45,747.5877044
99,46,782.4609281
99,47,1072.448764
99,48,1215.206112
99,49,1271.255842
