0,0,1711.287417
0,1,1711.287417
0,2,1711.287417
0,3,1711.287417
0,4,1711.287417
0,5,1711.287417
0,6,1711.287417
0,7,1711.287417
0,8,1711.287417
0,9,1711.287417
0,10,1711.287417
0,11,1711.287417
0,12,1711.287417
0,13,1711.287417
0,14,1711.287417
0,15,1711.287417
0,16,1711.287417
0,17,1711.287417
0,18,1711.287417
0,19,1711.287417
0,20,1711.287417
0,21,1711.287417
0,22,1711.287417
0,23,1711.287417
0,24,1711.287417
0,25,1711.287417
0,26,1711.287417
0,27,1711.287417
0,28,1711.287417
0,29,1711.287417
0,30,1711.287417
0,31,1711.287417
0,32,1711.287417
0,33,1711.287417
0,34,1711.287417
0,35,1711.287417
0,36,1711.287417
0,37,1711.287417
0,38,1711.287417
0,39,1711.287417
0,40,1711.287417
0,41,1711.287417
0,42,1711.287417
0,43,1711.287417
0,44,1711.287417
0,45,1711.287417
0,46,1711.287417
0,47,1711.287417
0,48,1711.287417
0,49,1711.287417
1,0,1937.424427
1,1,1937.424427
1,2,1937.424427
1,3,1937.424427
1,4,1937.424427
1,5,1937.424427
1,6,1937.424427
1,7,1937.424427
1,8,1937.424427
1,9,1937.424427
1,10,1937.424427
1,11,1937.424427
1,12,1937.424427
1,13,1937.424427
1,14,1937.424427
1,15,1937.424427
1,16,1937.424427
1,17,1937.424427
1,18,1937.424427
1,19,1937.424427
1,20,1937.424427
1,21,1937.424427
1,22,1937.424427
1,23,1937.424427
1,24,1937.424427
1,25,1937.424427
1,26,1937.424427
1,27,1937.424427
1,28,1937.424427
1,29,1937.424427
1,30,1937.424427
1,31,1937.424427
1,32,1937.424427
1,33,1937.424427
1,34,1937.424427
1,35,1937.424427
1,36,1937.424427
1,37,1937.424427
1,38,1937.424427
1,39,1937.424427
1,40,1937.424427
1,41,1937.424427
1,42,1937.424427
1,43,1937.424427
1,44,1937.424427
1,45,1937.424427
1,46,1937.424427
1,47,1937.424427
1,48,1937.424427
1,49,1937.424427
2,0,1678.695173
2,1,1678.695173
2,2,1678.695173
2,3,1678.695173
2,4,1678.695173
2,5,1678.695173
2,6,1678.695173
2,7,1678.695173
2,8,1678.695173
2,9,1678.695173
2,10,1678.695173
2,11,1678.695173
2,12,1678.695173
2,13,1678.695173
2,14,1678.695173
2,15,1678.695173
2,16,1678.695173
2,17,1678.695173
2,18,1678.695173
2,19,1678.695173
2,20,1678.695173
2,21,1678.695173
2,22,1678.695173
2,23,1678.695173
2,24,1678.695173
2,25,1678.695173
2,26,1678.695173
2,27,1678.695173
2,28,1678.695173
2,29,1678.695173
2,30,1678.695173
2,31,1678.695173
2,32,1678.695173
2,33,1678.695173
2,34,1678.695173
2,35,1678.695173
2,36,1678.695173
2,37,1678.695173
2,38,1678.695173
2,39,1678.695173
2,40,1678.695173
2,41,1678.695173
2,42,1678.695173
2,43,1678.695173
2,44,1678.695173
2,45,1678.695173
2,46,1678.695173
2,47,1678.695173
2,48,1678.695173
2,49,1678.695173
3,0,1474.961687
3,1,1474.961687
3,2,1474.961687
3,3,1474.961687
3,4,1474.961687
3,5,1474.961687
3,6,1474.961687
3,7,1474.961687
3,8,1474.961687
3,9,1474.961687
3,10,1474.961687
3,11,1474.961687
3,12,1474.961687
3,13,1474.961687
3,14,1474.961687
3,15,1474.961687
3,16,1474.961687
3,17,1474.961687
3,18,1474.961687
3,19,1474.961687
3,20,1474.961687
3,21,1474.961687
3,22,1474.961687
3,23,1474.961687
3,24,1474.961687
3,25,1474.961687
3,26,1474.961687
3,27,1474.961687
3,28,1474.961687
3,29,1474.961687
3,30,1474.961687
3,31,1474.961687
3,32,1474.961687
3,33,1474.961687
3,34,1474.961687
3,35,1474.961687
3,36,1474.961687
3,37,1474.961687
3,38,1474.961687
3,39,1474.961687
3,40,1474.961687
3,41,1474.961687
3,42,1474.961687
3,43,1474.961687
3,44,1474.961687
3,45,1474.961687
3,46,1474.961687
3,47,1474.961687
3,48,1474.961687
3,49,1474.961687
4,0,1550.884798
4,1,1550.884798
4,2,1550.884798
4,3,1550.884798
4,4,1550.884798
4,5,1550.884798
4,6,1550.884798
4,7,1550.884798
4,8,1550.884798
4,9,1550.884798
4,10,1550.884798
4,11,1550.884798
4,12,1550.884798
4,13,1550.884798
4,14,1550.884798
4,15,1550.884798
4,16,1550.884798
4,17,1550.884798
4,18,1550.884798
4,19,1550.884798
4,20,1550.884798
4,21,1550.884798
4,22,1550.884798
4,23,1550.884798
4,24,1550.884798
4,25,1550.884798
4,26,1550.884798
4,27,1550.884798
4,28,1550.884798
4,29,1550.884798
4,30,1550.884798
4,31,1550.884798
4,32,1550.884798
4,33,1550.884798
4,34,1550.884798
4,35,1550.884798
4,36,1550.884798
4,37,1550.884798
4,38,1550.884798
4,39,1550.884798
4,40,1550.884798
4,41,1550.884798
4,42,1550.884798
4,43,1550.884798
4,44,1550.884798
4,45,1550.884798
4,46,1550.884798
4,47,1550.884798
4,48,1550.884798
4,49,1550.884798
5,0,1889.219611
5,1,1889.219611
5,2,1889.219611
5,3,1889.219611
5,4,1889.219611
5,5,1889.219611
5,6,1889.219611
5,7,1889.219611
5,8,1889.219611
5,9,1889.219611
5,10,1889.219611
5,11,1889.219611
5,12,1889.219611
5,13,1889.219611
5,14,1889.219611
5,15,1889.219611
5,16,1889.219611
5,17,1889.219611
5,18,1889.219611
5,19,1889.219611
5,20,1889.219611
5,21,1889.219611
5,22,1889.219611
5,23,1889.219611
5,24,1889.219611
5,25,1889.219611
5,26,1889.219611
5,27,1889.219611
5,28,1889.219611
5,29,1889.219611
5,30,1889.219611
5,31,1889.219611
5,32,1889.219611
5,33,1889.219611
5,34,1889.219611
5,35,1889.219611
5,36,1889.219611
5,37,1889.219611
5,38,1889.219611
5,39,1889.219611
5,40,1889.219611
5,41,1889.219611
5,42,1889.219611
5,43,1889.219611
5,44,1889.219611
5,45,1889.219611
5,46,1889.219611
5,47,1889.219611
5,48,1889.219611
5,49,1889.219611
6,0,1593.693595
6,1,1593.693595
6,2,1593.693595
6,3,1593.693595
6,4,1593.693595
6,5,1593.693595
6,6,1593.693595
6,7,1593.693595
6,8,1593.693595
6,9,1593.693595
6,10,1593.693595
6,11,1593.693595
6,12,1593.693595
6,13,1593.693595
6,14,1593.693595
6,15,1593.693595
6,16,1593.693595
6,17,1593.693595
6,18,1593.693595
6,19,1593.693595
6,20,1593.693595
6,21,1593.693595
6,22,1593.693595
6,23,1593.693595
6,24,1593.693595
6,25,1593.693595
6,26,1593.693595
6,27,1593.693595
6,28,1593.693595
6,29,1593.693595
6,30,1593.693595
6,31,1593.693595
6,32,1593.693595
6,33,1593.693595
6,34,1593.693595
6,35,1593.693595
6,36,1593.693595
6,37,1593.693595
6,38,1593.693595
6,39,1593.693595
6,40,1593.693595
6,41,1593.693595
6,42,1593.693595
6,43,1593.693595
6,44,1593.693595
6,45,1593.693595
6,46,1593.693595
6,47,1593.693595
6,48,1593.693595
6,49,1593.693595
7,0,1737.758799
7,1,1737.758799
7,2,1737.758799
7,3,1737.758799
7,4,1737.758799
7,5,1737.758799
7,6,1737.758799
7,7,1737.758799
7,8,1737.758799
7,9,1737.758799
7,10,1737.758799
7,11,1737.758799
7,12,1737.758799
7,13,1737.758799
7,14,1737.758799
7,15,1737.758799
7,16,1737.758799
7,17,1737.758799
7,18,1737.758799
7,19,1737.758799
7,20,1737.758799
7,21,1737.758799
7,22,1737.758799
7,23,1737.758799
7,24,1737.758799
7,25,1737.758799
7,26,1737.758799
7,27,1737.758799
7,28,1737.758799
7,29,1737.758799
7,30,1737.758799
7,31,1737.758799
7,32,1737.758799
7,33,1737.758799
7,34,1737.758799
7,35,1737.758799
7,36,1737.758799
7,37,1737.758799
7,38,1737.758799
7,39,1737.758799
7,40,1737.758799
7,41,1737.758799
7,42,1737.758799
7,43,1737.758799
7,44,1737.758799
7,45,1737.758799
7,46,1737.758799
7,47,1737.758799
7,48,1737.758799
7,49,1737.758799
8,0,1391.811564
8,1,1391.811564
8,2,1391.811564
8,3,1391.811564
8,4,1391.811564
8,5,1391.811564
8,6,1391.811564
8,7,1391.811564
8,8,1391.811564
8,9,1391.811564
8,10,1391.811564
8,11,1391.811564
8,12,1391.811564
8,13,1391.811564
8,14,1391.811564
8,15,1391.811564
8,16,1391.811564
8,17,1391.811564
8,18,1391.811564
8,19,1391.811564
8,20,1391.811564
8,21,1391.811564
8,22,1391.811564
8,23,1391.811564
8,24,1391.811564
8,25,1391.811564
8,26,1391.811564
8,27,1391.811564
8,28,1391.811564
8,29,1391.811564
8,30,1391.811564
8,31,1391.811564
8,32,1391.811564
8,33,1391.811564
8,34,1391.811564
8,35,1391.811564
8,36,1391.811564
8,37,1391.811564
8,38,1391.811564
8,39,1391.811564
8,40,1391.811564
8,41,1391.811564
8,42,1391.811564
8,43,1391.811564
8,44,1391.811564
8,45,1391.811564
8,46,1391.811564
8,47,1391.811564
8,48,1391.811564
8,49,1391.811564
9,0,1285.053236
9,1,1285.053236
9,2,1285.053236
9,3,1285.053236
9,4,1285.053236
9,5,1285.053236
9,6,1285.053236
9,7,1285.053236
9,8,1285.053236
9,9,1285.053236
9,10,1285.053236
9,11,1285.053236
9,12,1285.053236
9,13,1285.053236
9,14,1285.053236
9,15,1285.053236
9,16,1285.053236
9,17,1285.053236
9,18,1285.053236
9,19,1285.053236
9,20,1285.053236
9,21,1285.053236
9,22,1285.053236
9,23,1285.053236
9,24,1285.053236
9,25,1285.053236
9,26,1285.053236
9,27,1285.053236
9,28,1285.053236
9,29,1285.053236
9,30,1285.053236
9,31,1285.053236
9,32,1285.053236
9,33,1285.053236
9,34,1285.053236
9,35,1285.053236
9,36,1285.053236
9,37,1285.053236
9,38,1285.053236
9,39,1285.053236
9,40,1285.053236
9,41,1285.053236
9,42,1285.053236
9,43,1285.053236
9,44,1285.053236
9,45,1285.053236
9,46,1285.053236
9,47,1285.053236
9,48,1285.053236
9,49,1285.053236
10,0,1042.46264
10,1,1042.46264
10,2,1042.46264
10,3,1042.46264
10,4,1042.46264
10,5,1042.46264
10,6,1042.46264
10,7,1042.46264
10,8,1042.46264
10,9,1042.46264
10,10,1042.46264
10,11,1042.46264
10,12,1042.46264
10,13,1042.46264
10,14,1042.46264
10,15,1042.46264
10,16,1042.46264
10,17,1042.46264
10,18,1042.46264
10,19,1042.46264
10,20,1042.46264
10,21,1042.46264
10,22,1042.46264
10,23,1042.46264
10,24,1042.46264
10,25,1042.46264
10,26,1042.46264
10,27,1042.46264
10,28,1042.46264
10,29,1042.46264
10,30,1042.46264
10,31,1042.46264
10,32,1042.46264
10,33,1042.46264
10,34,1042.46264
10,35,1042.46264
10,36,1042.46264
10,37,1042.46264
10,38,1042.46264
10,39,1042.46264
10,40,1042.46264
10,41,1042.46264
10,42,1042.46264
10,43,1042.46264
10,44,1042.46264
10,45,1042.46264
10,46,1042.46264
10,47,1042.46264
10,48,1042.46264
10,49,1042.46264
11,0,1560.267776
11,1,1560.267776
11,2,1560.267776
11,3,1560.267776
11,4,1560.267776
11,5,1560.267776
11,6,1560.267776
11,7,1560.267776
11,8,1560.267776
11,9,1560.267776
11,10,1560.267776
11,11,1560.267776
11,12,1560.267776
11,13,1560.267776
11,14,1560.267776
11,15,1560.267776
11,16,1560.267776
11,17,1560.267776
11,18,1560.267776
11,19,1560.267776
11,20,1560.267776
11,21,1560.267776
11,22,1560.267776
11,23,1560.267776
11,24,1560.267776
11,25,1560.267776
11,26,1560.267776
11,27,1560.267776
11,28,1560.267776
11,29,1560.267776
11,30,1560.267776
11,31,1560.267776
11,32,1560.267776
11,33,1560.267776
11,34,1560.267776
11,35,1560.267776
11,36,1560.267776
11,37,1560.267776
11,38,1560.267776
11,39,1560.267776
11,40,1560.267776
11,41,1560.267776
11,42,1560.267776
11,43,1560.267776
11,44,1560.267776
11,45,1560.267776
11,46,1560.267776
11,47,1560.267776
11,48,1560.267776
11,49,1560.267776
12,0,1959.103316
12,1,1959.103316
12,2,1959.103316
12,3,1959.103316
12,4,1959.103316
12,5,1959.103316
12,6,1959.103316
12,7,1959.103316
12,8,1959.103316
12,9,1959.103316
12,10,1959.103316
12,11,1959.103316
12,12,1959.103316
12,13,1959.103316
12,14,1959.103316
12,15,1959.103316
12,16,1959.103316
12,17,1959.103316
12,18,1959.103316
12,19,1959.103316
12,20,1959.103316
12,21,1959.103316
12,22,1959.103316
12,23,1959.103316
12,24,1959.103316
12,25,1959.103316
12,26,1959.103316
12,27,1959.103316
12,28,1959.103316
12,29,1959.103316
12,30,1959.103316
12,31,1959.103316
12,32,1959.103316
12,33,1959.103316
12,34,1959.103316
12,35,1959.103316
12,36,1959.103316
12,37,1959.103316
12,38,1959.103316
12,39,1959.103316
12,40,1959.103316
12,41,1959.103316
12,42,1959.103316
12,43,1959.103316
12,44,1959.103316
12,45,1959.103316
12,46,1959.103316
12,47,1959.103316
12,48,1959.103316
12,49,1959.103316
13,0,1368.653008
13,1,1368.653008
13,2,1368.653008
13,3,1368.653008
13,4,1368.653008
13,5,1368.653008
13,6,1368.653008
13,7,1368.653008
13,8,1368.653008
13,9,1368.653008
13,10,1368.653008
13,11,1368.653008
13,12,1368.653008
13,13,1368.653008
13,14,1368.653008
13,15,1368.653008
13,16,1368.653008
13,17,1368.653008
13,18,1368.653008
13,19,1368.653008
13,20,1368.653008
13,21,1368.653008
13,22,1368.653008
13,23,1368.653008
13,24,1368.653008
13,25,1368.653008
13,26,1368.653008
13,27,1368.653008
13,28,1368.653008
13,29,1368.653008
13,30,1368.653008
13,31,1368.653008
13,32,1368.653008
13,33,1368.653008
13,34,1368.653008
13,35,1368.653008
13,36,1368.653008
13,37,1368.653008
13,38,1368.653008
13,39,1368.653008
13,40,1368.653008
13,41,1368.653008
13,42,1368.653008
13,43,1368.653008
13,44,1368.653008
13,45,1368.653008
13,46,1368.653008
13,47,1368.653008
13,48,1368.653008
13,49,1368.653008
14,0,1010.29137
14,1,1010.29137
14,2,1010.29137
14,3,1010.29137
14,4,1010.29137
14,5,1010.29137
14,6,1010.29137
14,7,1010.29137
14,8,1010.29137
14,9,1010.29137
14,10,1010.29137
14,11,1010.29137
14,12,1010.29137
14,13,1010.29137
14,14,1010.29137
14,15,1010.29137
14,16,1010.29137
14,17,1010.29137
14,18,1010.29137
14,19,1010.29137
14,20,1010.29137
14,21,1010.29137
14,22,1010.29137
14,23,1010.29137
14,24,1010.29137
14,25,1010.29137
14,26,1010.29137
14,27,1010.29137
14,28,1010.29137
14,29,1010.29137
14,30,1010.29137
14,31,1010.29137
14,32,1010.29137
14,33,1010.29137
14,34,1010.29137
14,35,1010.29137
14,36,1010.29137
14,37,1010.29137
14,38,1010.29137
14,39,1010.29137
14,40,1010.29137
14,41,1010.29137
14,42,1010.29137
14,43,1010.29137
14,44,1010.29137
14,45,1010.29137
14,46,1010.29137
14,47,1010.29137
14,48,1010.29137
14,49,1010.29137
15,0,1191.887409
15,1,1191.887409
15,2,1191.887409
15,3,1191.887409
15,4,1191.887409
15,5,1191.887409
15,6,1191.887409
15,7,1191.887409
15,8,1191.887409
15,9,1191.887409
15,10,1191.887409
15,11,1191.887409
15,12,1191.887409
15,13,1191.887409
15,14,1191.887409
15,15,1191.887409
15,16,1191.887409
15,17,1191.887409
15,18,1191.887409
15,19,1191.887409
15,20,1191.887409
15,21,1191.887409
15,22,1191.887409
15,23,1191.887409
15,24,1191.887409
15,25,1191.887409
15,26,1191.887409
15,27,1191.887409
15,28,1191.887409
15,29,1191.887409
15,30,1191.887409
15,31,1191.887409
15,32,1191.887409
15,33,1191.887409
15,34,1191.887409
15,35,1191.887409
15,36,1191.887409
15,37,1191.887409
15,38,1191.887409
15,39,1191.887409
15,40,1191.887409
15,41,1191.887409
15,42,1191.887409
15,43,1191.887409
15,44,1191.887409
15,45,1191.887409
15,46,1191.887409
15,47,1191.887409
15,48,1191.887409
15,49,1191.887409
16,0,1380.550707
16,1,1380.550707
16,2,1380.550707
16,3,1380.550707
16,4,1380.550707
16,5,1380.550707
16,6,1380.550707
16,7,1380.550707
16,8,1380.550707
16,9,1380.550707
16,10,1380.550707
16,11,1380.550707
16,12,1380.550707
16,13,1380.550707
16,14,1380.550707
16,15,1380.550707
16,16,1380.550707
16,17,1380.550707
16,18,1380.550707
16,19,1380.550707
16,20,1380.550707
16,21,1380.550707
16,22,1380.550707
16,23,1380.550707
16,24,1380.550707
16,25,1380.550707
16,26,1380.550707
16,27,1380.550707
16,28,1380.550707
16,29,1380.550707
16,30,1380.550707
16,31,1380.550707
16,32,1380.550707
16,33,1380.550707
16,34,1380.550707
16,35,1380.550707
16,36,1380.550707
16,37,1380.550707
16,38,1380.550707
16,39,1380.550707
16,40,1380.550707
16,41,1380.550707
16,42,1380.550707
16,43,1380.550707
16,44,1380.550707
16,45,1380.550707
16,46,1380.550707
16,47,1380.550707
16,48,1380.550707
16,49,1380.550707
17,0,1455.963306
17,1,1455.963306
17,2,1455.963306
17,3,1455.963306
17,4,1455.963306
17,5,1455.963306
17,6,1455.963306
17,7,1455.963306
17,8,1455.963306
17,9,1455.963306
17,10,1455.963306
17,11,1455.963306
17,12,1455.963306
17,13,1455.963306
17,14,1455.963306
17,15,1455.963306
17,16,1455.963306
17,17,1455.963306
17,18,1455.963306
17,19,1455.963306
17,20,1455.963306
17,21,1455.963306
17,22,1455.963306
17,23,1455.963306
17,24,1455.963306
17,25,1455.963306
17,26,1455.963306
17,27,1455.963306
17,28,1455.963306
17,29,1455.963306
17,30,1455.963306
17,31,1455.963306
17,32,1455.963306
17,33,1455.963306
17,34,1455.963306
17,35,1455.963306
17,36,1455.963306
17,37,1455.963306
17,38,1455.963306
17,39,1455.963306
17,40,1455.963306
17,41,1455.963306
17,42,1455.963306
17,43,1455.963306
17,44,1455.963306
17,45,1455.963306
17,46,1455.963306
17,47,1455.963306
17,48,1455.963306
17,49,1455.963306
18,0,1476.975025
18,1,1476.975025
18,2,1476.975025
18,3,1476.975025
18,4,1476.975025
18,5,1476.975025
18,6,1476.975025
18,7,1476.975025
18,8,1476.975025
18,9,1476.975025
18,10,1476.975025
18,11,1476.975025
18,12,1476.975025
18,13,1476.975025
18,14,1476.975025
18,15,1476.975025
18,16,1476.975025
18,17,1476.975025
18,18,1476.975025
18,19,1476.975025
18,20,1476.975025
18,21,1476.975025
18,22,1476.975025
18,23,1476.975025
18,24,1476.975025
18,25,1476.975025
18,26,1476.975025
18,27,1476.975025
18,28,1476.975025
18,29,1476.975025
18,30,1476.975025
18,31,1476.975025
18,32,1476.975025
18,33,1476.975025
18,34,1476.975025
18,35,1476.975025
18,36,1476.975025
18,37,1476.975025
18,38,1476.975025
18,39,1476.975025
18,40,1476.975025
18,41,1476.975025
18,42,1476.975025
18,43,1476.975025
18,44,1476.975025
18,45,1476.975025
18,46,1476.975025
18,47,1476.975025
18,48,1476.975025
18,49,1476.975025
19,0,1381.987741
19,1,1381.987741
19,2,1381.987741
19,3,1381.987741
19,4,1381.987741
19,5,1381.987741
19,6,1381.987741
19,7,1381.987741
19,8,1381.987741
19,9,1381.987741
19,10,1381.987741
19,11,1381.987741
19,12,1381.987741
19,13,1381.987741
19,14,1381.987741
19,15,1381.987741
19,16,1381.987741
19,17,1381.987741
19,18,1381.987741
19,19,1381.987741
19,20,1381.987741
19,21,1381.987741
19,22,1381.987741
19,23,1381.987741
19,24,1381.987741
19,25,1381.987741
19,26,1381.987741
19,27,1381.987741
19,28,1381.987741
19,29,1381.987741
19,30,1381.987741
19,31,1381.987741
19,32,1381.987741
19,33,1381.987741
19,34,1381.987741
19,35,1381.987741
19,36,1381.987741
19,37,1381.987741
19,38,1381.987741
19,39,1381.987741
19,40,1381.987741
19,41,1381.987741
19,42,1381.987741
19,43,1381.987741
19,44,1381.987741
19,45,1381.987741
19,46,1381.987741
19,47,1381.987741
19,48,1381.987741
19,49,1381.987741
20,0,1523.409168
20,1,1523.409168
20,2,1523.409168
20,3,1523.409168
20,4,1523.409168
20,5,1523.409168
20,6,1523.409168
20,7,1523.409168
20,8,1523.409168
20,9,1523.409168
20,10,1523.409168
20,11,1523.409168
20,12,1523.409168
20,13,1523.409168
20,14,1523.409168
20,15,1523.409168
20,16,1523.409168
20,17,1523.409168
20,18,1523.409168
20,19,1523.409168
20,20,1523.409168
20,21,1523.409168
20,22,1523.409168
20,23,1523.409168
20,24,1523.409168
20,25,1523.409168
20,26,1523.409168
20,27,1523.409168
20,28,1523.409168
20,29,1523.409168
20,30,1523.409168
20,31,1523.409168
20,32,1523.409168
20,33,1523.409168
20,34,1523.409168
20,35,1523.409168
20,36,1523.409168
20,37,1523.409168
20,38,1523.409168
20,39,1523.409168
20,40,1523.409168
20,41,1523.409168
20,42,1523.409168
20,43,1523.409168
20,44,1523.409168
20,45,1523.409168
20,46,1523.409168
20,47,1523.409168
20,48,1523.409168
20,49,1523.409168
21,0,1805.924663
21,1,1805.924663
21,2,1805.924663
21,3,1805.924663
21,4,1805.924663
21,5,1805.924663
21,6,1805.924663
21,7,1805.924663
21,8,1805.924663
21,9,1805.924663
21,10,1805.924663
21,11,1805.924663
21,12,1805.924663
21,13,1805.924663
21,14,1805.924663
21,15,1805.924663
21,16,1805.924663
21,17,1805.924663
21,18,1805.924663
21,19,1805.924663
21,20,1805.924663
21,21,1805.924663
21,22,1805.924663
21,23,1805.924663
21,24,1805.924663
21,25,1805.924663
21,26,1805.924663
21,27,1805.924663
21,28,1805.924663
21,29,1805.924663
21,30,1805.924663
21,31,1805.924663
21,32,1805.924663
21,33,1805.924663
21,34,1805.924663
21,35,1805.924663
21,36,1805.924663
21,37,1805.924663
21,38,1805.924663
21,39,1805.924663
21,40,1805.924663
21,41,1805.924663
21,42,1805.924663
21,43,1805.924663
21,44,1805.924663
21,45,1805.924663
21,46,1805.924663
21,47,1805.924663
21,48,1805.924663
21,49,1805.924663
22,0,1342.362154
22,1,1342.362154
22,2,1342.362154
22,3,1342.362154
22,4,1342.362154
22,5,1342.362154
22,6,1342.362154
22,7,1342.362154
22,8,1342.362154
22,9,1342.362154
22,10,1342.362154
22,11,1342.362154
22,12,1342.362154
22,13,1342.362154
22,14,1342.362154
22,15,1342.362154
22,16,1342.362154
22,17,1342.362154
22,18,1342.362154
22,19,1342.362154
22,20,1342.362154
22,21,1342.362154
22,22,1342.362154
22,23,1342.362154
22,24,1342.362154
22,25,1342.362154
22,26,1342.362154
22,27,1342.362154
22,28,1342.362154
22,29,1342.362154
22,30,1342.362154
22,31,1342.362154
22,32,1342.362154
22,33,1342.362154
22,34,1342.362154
22,35,1342.362154
22,36,1342.362154
22,37,1342.362154
22,38,1342.362154
22,39,1342.362154
22,40,1342.362154
22,41,1342.362154
22,42,1342.362154
22,43,1342.362154
22,44,1342.362154
22,45,1342.362154
22,46,1342.362154
22,47,1342.362154
22,48,1342.362154
22,49,1342.362154
23,0,1304.100225
23,1,1304.100225
23,2,1304.100225
23,3,1304.100225
23,4,1304.100225
23,5,1304.100225
23,6,1304.100225
23,7,1304.100225
23,8,1304.100225
23,9,1304.100225
23,10,1304.100225
23,11,1304.100225
23,12,1304.100225
23,13,1304.100225
23,14,1304.100225
23,15,1304.100225
23,16,1304.100225
23,17,1304.100225
23,18,1304.100225
23,19,1304.100225
23,20,1304.100225
23,21,1304.100225
23,22,1304.100225
23,23,1304.100225
23,24,1304.100225
23,25,1304.100225
23,26,1304.100225
23,27,1304.100225
23,28,1304.100225
23,29,1304.100225
23,30,1304.100225
23,31,1304.100225
23,32,1304.100225
23,33,1304.100225
23,34,1304.100225
23,35,1304.100225
23,36,1304.100225
23,37,1304.100225
23,38,1304.100225
23,39,1304.100225
23,40,1304.100225
23,41,1304.100225
23,42,1304.100225
23,43,1304.100225
23,44,1304.100225
23,45,1304.100225
23,46,1304.100225
23,47,1304.100225
23,48,1304.100225
23,49,1304.100225
24,0,1334.739439
24,1,1334.739439
24,2,1334.739439
24,3,1334.739439
24,4,1334.739439
24,5,1334.739439
24,6,1334.739439
24,7,1334.739439
24,8,1334.739439
24,9,1334.739439
24,10,1334.739439
24,11,1334.739439
24,12,1334.739439
24,13,1334.739439
24,14,1334.739439
24,15,1334.739439
24,16,1334.739439
24,17,1334.739439
24,18,1334.739439
24,19,1334.739439
24,20,1334.739439
24,21,1334.739439
24,22,1334.739439
24,23,1334.739439
24,24,1334.739439
24,25,1334.739439
24,26,1334.739439
24,27,1334.739439
24,28,1334.739439
24,29,1334.739439
24,30,1334.739439
24,31,1334.739439
24,32,1334.739439
24,33,1334.739439
24,34,1334.739439
24,35,1334.739439
24,36,1334.739439
24,37,1334.739439
24,38,1334.739439
24,39,1334.739439
24,40,1334.739439
24,41,1334.739439
24,42,1334.739439
24,43,1334.739439
24,44,1334.739439
24,45,1334.739439
24,46,1334.739439
24,47,1334.739439
24,48,1334.739439
24,49,1334.739439
25,0,1172.551558
25,1,1172.551558
25,2,1172.551558
25,3,1172.551558
25,4,1172.551558
25,5,1172.551558
25,6,1172.551558
25,7,1172.551558
25,8,1172.551558
25,9,1172.551558
25,10,1172.551558
25,11,1172.551558
25,12,1172.551558
25,13,1172.551558
25,14,1172.551558
25,15,1172.551558
25,16,1172.551558
25,17,1172.551558
25,18,1172.551558
25,19,1172.551558
25,20,1172.551558
25,21,1172.551558
25,22,1172.551558
25,23,1172.551558
25,24,1172.551558
25,25,1172.551558
25,26,1172.551558
25,27,1172.551558
25,28,1172.551558
25,29,1172.551558
25,30,1172.551558
25,31,1172.551558
25,32,1172.551558
25,33,1172.551558
25,34,1172.551558
25,35,1172.551558
25,36,1172.551558
25,37,1172.551558
25,38,1172.551558
25,39,1172.551558
25,40,1172.551558
25,41,1172.551558
25,42,1172.551558
25,43,1172.551558
25,44,1172.551558
25,45,1172.551558
25,46,1172.551558
25,47,1172.551558
25,48,1172.551558
25,49,1172.551558
26,0,1430.222014
26,1,1430.222014
26,2,1430.222014
26,3,1430.222014
26,4,1430.222014
26,5,1430.222014
26,6,1430.222014
26,7,1430.222014
26,8,1430.222014
26,9,1430.222014
26,10,1430.222014
26,11,1430.222014
26,12,1430.222014
26,13,1430.222014
26,14,1430.222014
26,15,1430.222014
26,16,1430.222014
26,17,1430.222014
26,18,1430.222014
26,19,1430.222014
26,20,1430.222014
26,21,1430.222014
26,22,1430.222014
26,23,1430.222014
26,24,1430.222014
26,25,1430.222014
26,26,1430.222014
26,27,1430.222014
26,28,1430.222014
26,29,1430.222014
26,30,1430.222014
26,31,1430.222014
26,32,1430.222014
26,33,1430.222014
26,34,1430.222014
26,35,1430.222014
26,36,1430.222014
26,37,1430.222014
26,38,1430.222014
26,39,1430.222014
26,40,1430.222014
26,41,1430.222014
26,42,1430.222014
26,43,1430.222014
26,44,1430.222014
26,45,1430.222014
26,46,1430.222014
26,47,1430.222014
26,48,1430.222014
26,49,1430.222014
27,0,1791.145304
27,1,1791.145304
27,2,1791.145304
27,3,1791.145304
27,4,1791.145304
27,5,1791.145304
27,6,1791.145304
27,7,1791.145304
27,8,1791.145304
27,9,1791.145304
27,10,1791.145304
27,11,1791.145304
27,12,1791.145304
27,13,1791.145304
27,14,1791.145304
27,15,1791.145304
27,16,1791.145304
27,17,1791.145304
27,18,1791.145304
27,19,1791.145304
27,20,1791.145304
27,21,1791.145304
27,22,1791.145304
27,23,1791.145304
27,24,1791.145304
27,25,1791.145304
27,26,1791.145304
27,27,1791.145304
27,28,1791.145304
27,29,1791.145304
27,30,1791.145304
27,31,1791.145304
27,32,1791.145304
27,33,1791.145304
27,34,1791.145304
27,35,1791.145304
27,36,1791.145304
27,37,1791.145304
27,38,1791.145304
27,39,1791.145304
27,40,1791.145304
27,41,1791.145304
27,42,1791.145304
27,43,1791.145304
27,44,1791.145304
27,45,1791.145304
27,46,1791.145304
27,47,1791.145304
27,48,1791.145304
27,49,1791.145304
28,0,1699.425618
28,1,1699.425618
28,2,1699.425618
28,3,1699.425618
28,4,1699.425618
28,5,1699.425618
28,6,1699.425618
28,7,1699.425618
28,8,1699.425618
28,9,1699.425618
28,10,1699.425618
28,11,1699.425618
28,12,1699.425618
28,13,1699.425618
28,14,1699.425618
28,15,1699.425618
28,16,1699.425618
28,17,1699.425618
28,18,1699.425618
28,19,1699.425618
28,20,1699.425618
28,21,1699.425618
28,22,1699.425618
28,23,1699.425618
28,24,1699.425618
28,25,1699.425618
28,26,1699.425618
28,27,1699.425618
28,28,1699.425618
28,29,1699.425618
28,30,1699.425618
28,31,1699.425618
28,32,1699.425618
28,33,1699.425618
28,34,1699.425618
28,35,1699.425618
28,36,1699.425618
28,37,1699.425618
28,38,1699.425618
28,39,1699.425618
28,40,1699.425618
28,41,1699.425618
28,42,1699.425618
28,43,1699.425618
28,44,1699.425618
28,45,1699.425618
28,46,1699.425618
28,47,1699.425618
28,48,1699.425618
28,49,1699.425618
29,0,1746.762245
29,1,1746.762245
29,2,1746.762245
29,3,1746.762245
29,4,1746.762245
29,5,1746.762245
29,6,1746.762245
29,7,1746.762245
29,8,1746.762245
29,9,1746.762245
29,10,1746.762245
29,11,1746.762245
29,12,1746.762245
29,13,1746.762245
29,14,1746.762245
29,15,1746.762245
29,16,1746.762245
29,17,1746.762245
29,18,1746.762245
29,19,1746.762245
29,20,1746.762245
29,21,1746.762245
29,22,1746.762245
29,23,1746.762245
29,24,1746.762245
29,25,1746.762245
29,26,1746.762245
29,27,1746.762245
29,28,1746.762245
29,29,1746.762245
29,30,1746.762245
29,31,1746.762245
29,32,1746.762245
29,33,1746.762245
29,34,1746.762245
29,35,1746.762245
29,36,1746.762245
29,37,1746.762245
29,38,1746.762245
29,39,1746.762245
29,40,1746.762245
29,41,1746.762245
29,42,1746.762245
29,43,1746.762245
29,44,1746.762245
29,45,1746.762245
29,46,1746.762245
29,47,1746.762245
29,48,1746.762245
29,49,1746.762245
30,0,1063.535646
30,1,1063.535646
30,2,1063.535646
30,3,1063.535646
30,4,1063.535646
30,5,1063.535646
30,6,1063.535646
30,7,1063.535646
30,8,1063.535646
30,9,1063.535646
30,10,1063.535646
30,11,1063.535646
30,12,1063.535646
30,13,1063.535646
30,14,1063.535646
30,15,1063.535646
30,16,1063.535646
30,17,1063.535646
30,18,1063.535646
30,19,1063.535646
30,20,1063.535646
30,21,1063.535646
30,22,1063.535646
30,23,1063.535646
30,24,1063.535646
30,25,1063.535646
30,26,1063.535646
30,27,1063.535646
30,28,1063.535646
30,29,1063.535646
30,30,1063.535646
30,31,1063.535646
30,32,1063.535646
30,33,1063.535646
30,34,1063.535646
30,35,1063.535646
30,36,1063.535646
30,37,1063.535646
30,38,1063.535646
30,39,1063.535646
30,40,1063.535646
30,41,1063.535646
30,42,1063.535646
30,43,1063.535646
30,44,1063.535646
30,45,1063.535646
30,46,1063.535646
30,47,1063.535646
30,48,1063.535646
30,49,1063.535646
31,0,1309.302287
31,1,1309.302287
31,2,1309.302287
31,3,1309.302287
31,4,1309.302287
31,5,1309.302287
31,6,1309.302287
31,7,1309.302287
31,8,1309.302287
31,9,1309.302287
31,10,1309.302287
31,11,1309.302287
31,12,1309.302287
31,13,1309.302287
31,14,1309.302287
31,15,1309.302287
31,16,1309.302287
31,17,1309.302287
31,18,1309.302287
31,19,1309.302287
31,20,1309.302287
31,21,1309.302287
31,22,1309.302287
31,23,1309.302287
31,24,1309.302287
31,25,1309.302287
31,26,1309.302287
31,27,1309.302287
31,28,1309.302287
31,29,1309.302287
31,30,1309.302287
31,31,1309.302287
31,32,1309.302287
31,33,1309.302287
31,34,1309.302287
31,35,1309.302287
31,36,1309.302287
31,37,1309.302287
31,38,1309.302287
31,39,1309.302287
31,40,1309.302287
31,41,1309.302287
31,42,1309.302287
31,43,1309.302287
31,44,1309.302287
31,45,1309.302287
31,46,1309.302287
31,47,1309.302287
31,48,1309.302287
31,49,1309.302287
32,0,1542.824395
32,1,1542.824395
32,2,1542.824395
32,3,1542.824395
32,4,1542.824395
32,5,1542.824395
32,6,1542.824395
32,7,1542.824395
32,8,1542.824395
32,9,1542.824395
32,10,1542.824395
32,11,1542.824395
32,12,1542.824395
32,13,1542.824395
32,14,1542.824395
32,15,1542.824395
32,16,1542.824395
32,17,1542.824395
32,18,1542.824395
32,19,1542.824395
32,20,1542.824395
32,21,1542.824395
32,22,1542.824395
32,23,1542.824395
32,24,1542.824395
32,25,1542.824395
32,26,1542.824395
32,27,1542.824395
32,28,1542.824395
32,29,1542.824395
32,30,1542.824395
32,31,1542.824395
32,32,1542.824395
32,33,1542.824395
32,34,1542.824395
32,35,1542.824395
32,36,1542.824395
32,37,1542.824395
32,38,1542.824395
32,39,1542.824395
32,40,1542.824395
32,41,1542.824395
32,42,1542.824395
32,43,1542.824395
32,44,1542.824395
32,45,1542.824395
32,46,1542.824395
32,47,1542.824395
32,48,1542.824395
32,49,1542.824395
33,0,1365.872878
33,1,1365.872878
33,2,1365.872878
33,3,1365.872878
33,4,1365.872878
33,5,1365.872878
33,6,1365.872878
33,7,1365.872878
33,8,1365.872878
33,9,1365.872878
33,10,1365.872878
33,11,1365.872878
33,12,1365.872878
33,13,1365.872878
33,14,1365.872878
33,15,1365.872878
33,16,1365.872878
33,17,1365.872878
33,18,1365.872878
33,19,1365.872878
33,20,1365.872878
33,21,1365.872878
33,22,1365.872878
33,23,1365.872878
33,24,1365.872878
33,25,1365.872878
33,26,1365.872878
33,27,1365.872878
33,28,1365.872878
33,29,1365.872878
33,30,1365.872878
33,31,1365.872878
33,32,1365.872878
33,33,1365.872878
33,34,1365.872878
33,35,1365.872878
33,36,1365.872878
33,37,1365.872878
33,38,1365.872878
33,39,1365.872878
33,40,1365.872878
33,41,1365.872878
33,42,1365.872878
33,43,1365.872878
33,44,1365.872878
33,45,1365.872878
33,46,1365.872878
33,47,1365.872878
33,48,1365.872878
33,49,1365.872878
34,0,1440.459301
34,1,1440.459301
34,2,1440.459301
34,3,1440.459301
34,4,1440.459301
34,5,1440.459301
34,6,1440.459301
34,7,1440.459301
34,8,1440.459301
34,9,1440.459301
34,10,1440.459301
34,11,1440.459301
34,12,1440.459301
34,13,1440.459301
34,14,1440.459301
34,15,1440.459301
34,16,1440.459301
34,17,1440.459301
34,18,1440.459301
34,19,1440.459301
34,20,1440.459301
34,21,1440.459301
34,22,1440.459301
34,23,1440.459301
34,24,1440.459301
34,25,1440.459301
34,26,1440.459301
34,27,1440.459301
34,28,1440.459301
34,29,1440.459301
34,30,1440.459301
34,31,1440.459301
34,32,1440.459301
34,33,1440.459301
34,34,1440.459301
34,35,1440.459301
34,36,1440.459301
34,37,1440.459301
34,38,1440.459301
34,39,1440.459301
34,40,1440.459301
34,41,1440.459301
34,42,1440.459301
34,43,1440.459301
34,44,1440.459301
34,45,1440.459301
34,46,1440.459301
34,47,1440.459301
34,48,1440.459301
34,49,1440.459301
35,0,1371.265416
35,1,1371.265416
35,2,1371.265416
35,3,1371.265416
35,4,1371.265416
35,5,1371.265416
35,6,1371.265416
35,7,1371.265416
35,8,1371.265416
35,9,1371.265416
35,10,1371.265416
35,11,1371.265416
35,12,1371.265416
35,13,1371.265416
35,14,1371.265416
35,15,1371.265416
35,16,1371.265416
35,17,1371.265416
35,18,1371.265416
35,19,1371.265416
35,20,1371.265416
35,21,1371.265416
35,22,1371.265416
35,23,1371.265416
35,24,1371.265416
35,25,1371.265416
35,26,1371.265416
35,27,1371.265416
35,28,1371.265416
35,29,1371.265416
35,30,1371.265416
35,31,1371.265416
35,32,1371.265416
35,33,1371.265416
35,34,1371.265416
35,35,1371.265416
35,36,1371.265416
35,37,1371.265416
35,38,1371.265416
35,39,1371.265416
35,40,1371.265416
35,41,1371.265416
35,42,1371.265416
35,43,1371.265416
35,44,1371.265416
35,45,1371.265416
35,46,1371.265416
35,47,1371.265416
35,48,1371.265416
35,49,1371.265416
36,0,1011.647572
36,1,1011.647572
36,2,1011.647572
36,3,1011.647572
36,4,1011.647572
36,5,1011.647572
36,6,1011.647572
36,7,1011.647572
36,8,1011.647572
36,9,1011.647572
36,10,1011.647572
36,11,1011.647572
36,12,1011.647572
36,13,1011.647572
36,14,1011.647572
36,15,1011.647572
36,16,1011.647572
36,17,1011.647572
36,18,1011.647572
36,19,1011.647572
36,20,1011.647572
36,21,1011.647572
36,22,1011.647572
36,23,1011.647572
36,24,1011.647572
36,25,1011.647572
36,26,1011.647572
36,27,1011.647572
36,28,1011.647572
36,29,1011.647572
36,30,1011.647572
36,31,1011.647572
36,32,1011.647572
36,33,1011.647572
36,34,1011.647572
36,35,1011.647572
36,36,1011.647572
36,37,1011.647572
36,38,1011.647572
36,39,1011.647572
36,40,1011.647572
36,41,1011.647572
36,42,1011.647572
36,43,1011.647572
36,44,1011.647572
36,45,1011.647572
36,46,1011.647572
36,47,1011.647572
36,48,1011.647572
36,49,1011.647572
37,0,1585.685869
37,1,1585.685869
37,2,1585.685869
37,3,1585.685869
37,4,1585.685869
37,5,1585.685869
37,6,1585.685869
37,7,1585.685869
37,8,1585.685869
37,9,1585.685869
37,10,1585.685869
37,11,1585.685869
37,12,1585.685869
37,13,1585.685869
37,14,1585.685869
37,15,1585.685869
37,16,1585.685869
37,17,1585.685869
37,18,1585.685869
37,19,1585.685869
37,20,1585.685869
37,21,1585.685869
37,22,1585.685869
37,23,1585.685869
37,24,1585.685869
37,25,1585.685869
37,26,1585.685869
37,27,1585.685869
37,28,1585.685869
37,29,1585.685869
37,30,1585.685869
37,31,1585.685869
37,32,1585.685869
37,33,1585.685869
37,34,1585.685869
37,35,1585.685869
37,36,1585.685869
37,37,1585.685869
37,38,1585.685869
37,39,1585.685869
37,40,1585.685869
37,41,1585.685869
37,42,1585.685869
37,43,1585.685869
37,44,1585.685869
37,45,1585.685869
37,46,1585.685869
37,47,1585.685869
37,48,1585.685869
37,49,1585.685869
38,0,1708.74486
38,1,1708.74486
38,2,1708.74486
38,3,1708.74486
38,4,1708.74486
38,5,1708.74486
38,6,1708.74486
38,7,1708.74486
38,8,1708.74486
38,9,1708.74486
38,10,1708.74486
38,11,1708.74486
38,12,1708.74486
38,13,1708.74486
38,14,1708.74486
38,15,1708.74486
38,16,1708.74486
38,17,1708.74486
38,18,1708.74486
38,19,1708.74486
38,20,1708.74486
38,21,1708.74486
38,22,1708.74486
38,23,1708.74486
38,24,1708.74486
38,25,1708.74486
38,26,1708.74486
38,27,1708.74486
38,28,1708.74486
38,29,1708.74486
38,30,1708.74486
38,31,1708.74486
38,32,1708.74486
38,33,1708.74486
38,34,1708.74486
38,35,1708.74486
38,36,1708.74486
38,37,1708.74486
38,38,1708.74486
38,39,1708.74486
38,40,1708.74486
38,41,1708.74486
38,42,1708.74486
38,43,1708.74486
38,44,1708.74486
38,45,1708.74486
38,46,1708.74486
38,47,1708.74486
38,48,1708.74486
38,49,1708.74486
39,0,1550.310854
39,1,1550.310854
39,2,1550.310854
39,3,1550.310854
39,4,1550.310854
39,5,1550.310854
39,6,1550.310854
39,7,1550.310854
39,8,1550.310854
39,9,1550.310854
39,10,1550.310854
39,11,1550.310854
39,12,1550.310854
39,13,1550.310854
39,14,1550.310854
39,15,1550.310854
39,16,1550.310854
39,17,1550.310854
39,18,1550.310854
39,19,1550.310854
39,20,1550.310854
39,21,1550.310854
39,22,1550.310854
39,23,1550.310854
39,24,1550.310854
39,25,1550.310854
39,26,1550.310854
39,27,1550.310854
39,28,1550.310854
39,29,1550.310854
39,30,1550.310854
39,31,1550.310854
39,32,1550.310854
39,33,1550.310854
39,34,1550.310854
39,35,1550.310854
39,36,1550.310854
39,37,1550.310854
39,38,1550.310854
39,39,1550.310854
39,40,1550.310854
39,41,1550.310854
39,42,1550.310854
39,43,1550.310854
39,44,1550.310854
39,45,1550.310854
39,46,1550.310854
39,47,1550.310854
39,48,1550.310854
39,49,1550.310854
40,0,1694.519543
40,1,1694.519543
40,2,1694.519543
40,3,1694.519543
40,4,1694.519543
40,5,1694.519543
40,6,1694.519543
40,7,1694.519543
40,8,1694.519543
40,9,1694.519543
40,10,1694.519543
40,11,1694.519543
40,12,1694.519543
40,13,1694.519543
40,14,1694.519543
40,15,1694.519543
40,16,1694.519543
40,17,1694.519543
40,18,1694.519543
40,19,1694.519543
40,20,1694.519543
40,21,1694.519543
40,22,1694.519543
40,23,1694.519543
40,24,1694.519543
40,25,1694.519543
40,26,1694.519543
40,27,1694.519543
40,28,1694.519543
40,29,1694.519543
40,30,1694.519543
40,31,1694.519543
40,32,1694.519543
40,33,1694.519543
40,34,1694.519543
40,35,1694.519543
40,36,1694.519543
40,37,1694.519543
40,38,1694.519543
40,39,1694.519543
40,40,1694.519543
40,41,1694.519543
40,42,1694.519543
40,43,1694.519543
40,44,1694.519543
40,45,1694.519543
40,46,1694.519543
40,47,1694.519543
40,48,1694.519543
40,49,1694.519543
41,0,1698.235906
41,1,1698.235906
41,2,1698.235906
41,3,1698.235906
41,4,1698.235906
41,5,1698.235906
41,6,1698.235906
41,7,1698.235906
41,8,1698.235906
41,9,1698.235906
41,10,1698.235906
41,11,1698.235906
41,12,1698.235906
41,13,1698.235906
41,14,1698.235906
41,15,1698.235906
41,16,1698.235906
41,17,1698.235906
41,18,1698.235906
41,19,1698.235906
41,20,1698.235906
41,21,1698.235906
41,22,1698.235906
41,23,1698.235906
41,24,1698.235906
41,25,1698.235906
41,26,1698.235906
41,27,1698.235906
41,28,1698.235906
41,29,1698.235906
41,30,1698.235906
41,31,1698.235906
41,32,1698.235906
41,33,1698.235906
41,34,1698.235906
41,35,1698.235906
41,36,1698.235906
41,37,1698.235906
41,38,1698.235906
41,39,1698.235906
41,40,1698.235906
41,41,1698.235906
41,42,1698.235906
41,43,1698.235906
41,44,1698.235906
41,45,1698.235906
41,46,1698.235906
41,47,1698.235906
41,48,1698.235906
41,49,1698.235906
42,0,1231.449316
42,1,1231.449316
42,2,1231.449316
42,3,1231.449316
42,4,1231.449316
42,5,1231.449316
42,6,1231.449316
42,7,1231.449316
42,8,1231.449316
42,9,1231.449316
42,10,1231.449316
42,11,1231.449316
42,12,1231.449316
42,13,1231.449316
42,14,1231.449316
42,15,1231.449316
42,16,1231.449316
42,17,1231.449316
42,18,1231.449316
42,19,1231.449316
42,20,1231.449316
42,21,1231.449316
42,22,1231.449316
42,23,1231.449316
42,24,1231.449316
42,25,1231.449316
42,26,1231.449316
42,27,1231.449316
42,28,1231.449316
42,29,1231.449316
42,30,1231.449316
42,31,1231.449316
42,32,1231.449316
42,33,1231.449316
42,34,1231.449316
42,35,1231.449316
42,36,1231.449316
42,37,1231.449316
42,38,1231.449316
42,39,1231.449316
42,40,1231.449316
42,41,1231.449316
42,42,1231.449316
42,43,1231.449316
42,44,1231.449316
42,45,1231.449316
42,46,1231.449316
42,47,1231.449316
42,48,1231.449316
42,49,1231.449316
43,0,1428.011502
43,1,1428.011502
43,2,1428.011502
43,3,1428.011502
43,4,1428.011502
43,5,1428.011502
43,6,1428.011502
43,7,1428.011502
43,8,1428.011502
43,9,1428.011502
43,10,1428.011502
43,11,1428.011502
43,12,1428.011502
43,13,1428.011502
43,14,1428.011502
43,15,1428.011502
43,16,1428.011502
43,17,1428.011502
43,18,1428.011502
43,19,1428.011502
43,20,1428.011502
43,21,1428.011502
43,22,1428.011502
43,23,1428.011502
43,24,1428.011502
43,25,1428.011502
43,26,1428.011502
43,27,1428.011502
43,28,1428.011502
43,29,1428.011502
43,30,1428.011502
43,31,1428.011502
43,32,1428.011502
43,33,1428.011502
43,34,1428.011502
43,35,1428.011502
43,36,1428.011502
43,37,1428.011502
43,38,1428.011502
43,39,1428.011502
43,40,1428.011502
43,41,1428.011502
43,42,1428.011502
43,43,1428.011502
43,44,1428.011502
43,45,1428.011502
43,46,1428.011502
43,47,1428.011502
43,48,1428.011502
43,49,1428.011502
44,0,1706.925208
44,1,1706.925208
44,2,1706.925208
44,3,1706.925208
44,4,1706.925208
44,5,1706.925208
44,6,1706.925208
44,7,1706.925208
44,8,1706.925208
44,9,1706.925208
44,10,1706.925208
44,11,1706.925208
44,12,1706.925208
44,13,1706.925208
44,14,1706.925208
44,15,1706.925208
44,16,1706.925208
44,17,1706.925208
44,18,1706.925208
44,19,1706.925208
44,20,1706.925208
44,21,1706.925208
44,22,1706.925208
44,23,1706.925208
44,24,1706.925208
44,25,1706.925208
44,26,1706.925208
44,27,1706.925208
44,28,1706.925208
44,29,1706.925208
44,30,1706.925208
44,31,1706.925208
44,32,1706.925208
44,33,1706.925208
44,34,1706.925208
44,35,1706.925208
44,36,1706.925208
44,37,1706.925208
44,38,1706.925208
44,39,1706.925208
44,40,1706.925208
44,41,1706.925208
44,42,1706.925208
44,43,1706.925208
44,44,1706.925208
44,45,1706.925208
44,46,1706.925208
44,47,1706.925208
44,48,1706.925208
44,49,1706.925208
45,0,1393.078668
45,1,1393.078668
45,2,1393.078668
45,3,1393.078668
45,4,1393.078668
45,5,1393.078668
45,6,1393.078668
45,7,1393.078668
45,8,1393.078668
45,9,1393.078668
45,10,1393.078668
45,11,1393.078668
45,12,1393.078668
45,13,1393.078668
45,14,1393.078668
45,15,1393.078668
45,16,1393.078668
45,17,1393.078668
45,18,1393.078668
45,19,1393.078668
45,20,1393.078668
45,21,1393.078668
45,22,1393.078668
45,23,1393.078668
45,24,1393.078668
45,25,1393.078668
45,26,1393.078668
45,27,1393.078668
45,28,1393.078668
45,29,1393.078668
45,30,1393.078668
45,31,1393.078668
45,32,1393.078668
45,33,1393.078668
45,34,1393.078668
45,35,1393.078668
45,36,1393.078668
45,37,1393.078668
45,38,1393.078668
45,39,1393.078668
45,40,1393.078668
45,41,1393.078668
45,42,1393.078668
45,43,1393.078668
45,44,1393.078668
45,45,1393.078668
45,46,1393.078668
45,47,1393.078668
45,48,1393.078668
45,49,1393.078668
46,0,1531.506053
46,1,1531.506053
46,2,1531.506053
46,3,1531.506053
46,4,1531.506053
46,5,1531.506053
46,6,1531.506053
46,7,1531.506053
46,8,1531.506053
46,9,1531.506053
46,10,1531.506053
46,11,1531.506053
46,12,1531.506053
46,13,1531.506053
46,14,1531.506053
46,15,1531.506053
46,16,1531.506053
46,17,1531.506053
46,18,1531.506053
46,19,1531.506053
46,20,1531.506053
46,21,1531.506053
46,22,1531.506053
46,23,1531.506053
46,24,1531.506053
46,25,1531.506053
46,26,1531.506053
46,27,1531.506053
46,28,1531.506053
46,29,1531.506053
46,30,1531.506053
46,31,1531.506053
46,32,1531.506053
46,33,1531.506053
46,34,1531.506053
46,35,1531.506053
46,36,1531.506053
46,37,1531.506053
46,38,1531.506053
46,39,1531.506053
46,40,1531.506053
46,41,1531.506053
46,42,1531.506053
46,43,1531.506053
46,44,1531.506053
46,45,1531.506053
46,46,1531.506053
46,47,1531.506053
46,48,1531.506053
46,49,1531.506053
47,0,1190.901657
47,1,1190.901657
47,2,1190.901657
47,3,1190.901657
47,4,1190.901657
47,5,1190.901657
47,6,1190.901657
47,7,1190.901657
47,8,1190.901657
47,9,1190.901657
47,10,1190.901657
47,11,1190.901657
47,12,1190.901657
47,13,1190.901657
47,14,1190.901657
47,15,1190.901657
47,16,1190.901657
47,17,1190.901657
47,18,1190.901657
47,19,1190.901657
47,20,1190.901657
47,21,1190.901657
47,22,1190.901657
47,23,1190.901657
47,24,1190.901657
47,25,1190.901657
47,26,1190.901657
47,27,1190.901657
47,28,1190.901657
47,29,1190.901657
47,30,1190.901657
47,31,1190.901657
47,32,1190.901657
47,33,1190.901657
47,34,1190.901657
47,35,1190.901657
47,36,1190.901657
47,37,1190.901657
47,38,1190.901657
47,39,1190.901657
47,40,1190.901657
47,41,1190.901657
47,42,1190.901657
47,43,1190.901657
47,44,1190.901657
47,45,1190.901657
47,46,1190.901657
47,47,1190.901657
47,48,1190.901657
47,49,1190.901657
48,0,1337.094591
48,1,1337.094591
48,2,1337.094591
48,3,1337.094591
48,4,1337.094591
48,5,1337.094591
48,6,1337.094591
48,7,1337.094591
48,8,1337.094591
48,9,1337.094591
48,10,1337.094591
48,11,1337.094591
48,12,1337.094591
48,13,1337.094591
48,14,1337.094591
48,15,1337.094591
48,16,1337.094591
48,17,1337.094591
48,18,1337.094591
48,19,1337.094591
48,20,1337.094591
48,21,1337.094591
48,22,1337.094591
48,23,1337.094591
48,24,1337.094591
48,25,1337.094591
48,26,1337.094591
48,27,1337.094591
48,28,1337.094591
48,29,1337.094591
48,30,1337.094591
48,31,1337.094591
48,32,1337.094591
48,33,1337.094591
48,34,1337.094591
48,35,1337.094591
48,36,1337.094591
48,37,1337.094591
48,38,1337.094591
48,39,1337.094591
48,40,1337.094591
48,41,1337.094591
48,42,1337.094591
48,43,1337.094591
48,44,1337.094591
48,45,1337.094591
48,46,1337.094591
48,47,1337.094591
48,48,1337.094591
48,49,1337.094591
49,0,1692.091472
49,1,1692.091472
49,2,1692.091472
49,3,1692.091472
49,4,1692.091472
49,5,1692.091472
49,6,1692.091472
49,7,1692.091472
49,8,1692.091472
49,9,1692.091472
49,10,1692.091472
49,11,1692.091472
49,12,1692.091472
49,13,1692.091472
49,14,1692.091472
49,15,1692.091472
49,16,1692.091472
49,17,1692.091472
49,18,1692.091472
49,19,1692.091472
49,20,1692.091472
49,21,1692.091472
49,22,1692.091472
49,23,1692.091472
49,24,1692.091472
49,25,1692.091472
49,26,1692.091472
49,27,1692.091472
49,28,1692.091472
49,29,1692.091472
49,30,1692.091472
49,31,1692.091472
49,32,1692.091472
49,33,1692.091472
49,34,1692.091472
49,35,1692.091472
49,36,1692.091472
49,37,1692.091472
49,38,1692.091472
49,39,1692.091472
49,40,1692.091472
49,41,1692.091472
49,42,1692.091472
49,43,1692.091472
49,44,1692.091472
49,45,1692.091472
49,46,1692.091472
49,47,1692.091472
49,48,1692.091472
49,49,1692.091472
50,0,1264.961486
50,1,1264.961486
50,2,1264.961486
50,3,1264.961486
50,4,1264.961486
50,5,1264.961486
50,6,1264.961486
50,7,1264.961486
50,8,1264.961486
50,9,1264.961486
50,10,1264.961486
50,11,1264.961486
50,12,1264.961486
50,13,1264.961486
50,14,1264.961486
50,15,1264.961486
50,16,1264.961486
50,17,1264.961486
50,18,1264.961486
50,19,1264.961486
50,20,1264.961486
50,21,1264.961486
50,22,1264.961486
50,23,1264.961486
50,24,1264.961486
50,25,1264.961486
50,26,1264.961486
50,27,1264.961486
50,28,1264.961486
50,29,1264.961486
50,30,1264.961486
50,31,1264.961486
50,32,1264.961486
50,33,1264.961486
50,34,1264.961486
50,35,1264.961486
50,36,1264.961486
50,37,1264.961486
50,38,1264.961486
50,39,1264.961486
50,40,1264.961486
50,41,1264.961486
50,42,1264.961486
50,43,1264.961486
50,44,1264.961486
50,45,1264.961486
50,46,1264.961486
50,47,1264.961486
50,48,1264.961486
50,49,1264.961486
51,0,1369.212658
51,1,1369.212658
51,2,1369.212658
51,3,1369.212658
51,4,1369.212658
51,5,1369.212658
51,6,1369.212658
51,7,1369.212658
51,8,1369.212658
51,9,1369.212658
51,10,1369.212658
51,11,1369.212658
51,12,1369.212658
51,13,1369.212658
51,14,1369.212658
51,15,1369.212658
51,16,1369.212658
51,17,1369.212658
51,18,1369.212658
51,19,1369.212658
51,20,1369.212658
51,21,1369.212658
51,22,1369.212658
51,23,1369.212658
51,24,1369.212658
51,25,1369.212658
51,26,1369.212658
51,27,1369.212658
51,28,1369.212658
51,29,1369.212658
51,30,1369.212658
51,31,1369.212658
51,32,1369.212658
51,33,1369.212658
51,34,1369.212658
51,35,1369.212658
51,36,1369.212658
51,37,1369.212658
51,38,1369.212658
51,39,1369.212658
51,40,1369.212658
51,41,1369.212658
51,42,1369.212658
51,43,1369.212658
51,44,1369.212658
51,45,1369.212658
51,46,1369.212658
51,47,1369.212658
51,48,1369.212658
51,49,1369.212658
52,0,1599.023847
52,1,1599.023847
52,2,1599.023847
52,3,1599.023847
52,4,1599.023847
52,5,1599.023847
52,6,1599.023847
52,7,1599.023847
52,8,1599.023847
52,9,1599.023847
52,10,1599.023847
52,11,1599.023847
52,12,1599.023847
52,13,1599.023847
52,14,1599.023847
52,15,1599.023847
52,16,1599.023847
52,17,1599.023847
52,18,1599.023847
52,19,1599.023847
52,20,1599.023847
52,21,1599.023847
52,22,1599.023847
52,23,1599.023847
52,24,1599.023847
52,25,1599.023847
52,26,1599.023847
52,27,1599.023847
52,28,1599.023847
52,29,1599.023847
52,30,1599.023847
52,31,1599.023847
52,32,1599.023847
52,33,1599.023847
52,34,1599.023847
52,35,1599.023847
52,36,1599.023847
52,37,1599.023847
52,38,1599.023847
52,39,1599.023847
52,40,1599.023847
52,41,1599.023847
52,42,1599.023847
52,43,1599.023847
52,44,1599.023847
52,45,1599.023847
52,46,1599.023847
52,47,1599.023847
52,48,1599.023847
52,49,1599.023847
53,0,1737.812599
53,1,1737.812599
53,2,1737.812599
53,3,1737.812599
53,4,1737.812599
53,5,1737.812599
53,6,1737.812599
53,7,1737.812599
53,8,1737.812599
53,9,1737.812599
53,10,1737.812599
53,11,1737.812599
53,12,1737.812599
53,13,1737.812599
53,14,1737.812599
53,15,1737.812599
53,16,1737.812599
53,17,1737.812599
53,18,1737.812599
53,19,1737.812599
53,20,1737.812599
53,21,1737.812599
53,22,1737.812599
53,23,1737.812599
53,24,1737.812599
53,25,1737.812599
53,26,1737.812599
53,27,1737.812599
53,28,1737.812599
53,29,1737.812599
53,30,1737.812599
53,31,1737.812599
53,32,1737.812599
53,33,1737.812599
53,34,1737.812599
53,35,1737.812599
53,36,1737.812599
53,37,1737.812599
53,38,1737.812599
53,39,1737.812599
53,40,1737.812599
53,41,1737.812599
53,42,1737.812599
53,43,1737.812599
53,44,1737.812599
53,45,1737.812599
53,46,1737.812599
53,47,1737.812599
53,48,1737.812599
53,49,1737.812599
54,0,1688.751892
54,1,1688.751892
54,2,1688.751892
54,3,1688.751892
54,4,1688.751892
54,5,1688.751892
54,6,1688.751892
54,7,1688.751892
54,8,1688.751892
54,9,1688.751892
54,10,1688.751892
54,11,1688.751892
54,12,1688.751892
54,13,1688.751892
54,14,1688.751892
54,15,1688.751892
54,16,1688.751892
54,17,1688.751892
54,18,1688.751892
54,19,1688.751892
54,20,1688.751892
54,21,1688.751892
54,22,1688.751892
54,23,1688.751892
54,24,1688.751892
54,25,1688.751892
54,26,1688.751892
54,27,1688.751892
54,28,1688.751892
54,29,1688.751892
54,30,1688.751892
54,31,1688.751892
54,32,1688.751892
54,33,1688.751892
54,34,1688.751892
54,35,1688.751892
54,36,1688.751892
54,37,1688.751892
54,38,1688.751892
54,39,1688.751892
54,40,1688.751892
54,41,1688.751892
54,42,1688.751892
54,43,1688.751892
54,44,1688.751892
54,45,1688.751892
54,46,1688.751892
54,47,1688.751892
54,48,1688.751892
54,49,1688.751892
55,0,1800.912861
55,1,1800.912861
55,2,1800.912861
55,3,1800.912861
55,4,1800.912861
55,5,1800.912861
55,6,1800.912861
55,7,1800.912861
55,8,1800.912861
55,9,1800.912861
55,10,1800.912861
55,11,1800.912861
55,12,1800.912861
55,13,1800.912861
55,14,1800.912861
55,15,1800.912861
55,16,1800.912861
55,17,1800.912861
55,18,1800.912861
55,19,1800.912861
55,20,1800.912861
55,21,1800.912861
55,22,1800.912861
55,23,1800.912861
55,24,1800.912861
55,25,1800.912861
55,26,1800.912861
55,27,1800.912861
55,28,1800.912861
55,29,1800.912861
55,30,1800.912861
55,31,1800.912861
55,32,1800.912861
55,33,1800.912861
55,34,1800.912861
55,35,1800.912861
55,36,1800.912861
55,37,1800.912861
55,38,1800.912861
55,39,1800.912861
55,40,1800.912861
55,41,1800.912861
55,42,1800.912861
55,43,1800.912861
55,44,1800.912861
55,45,1800.912861
55,46,1800.912861
55,47,1800.912861
55,48,1800.912861
55,49,1800.912861
56,0,1558.741708
56,1,1558.741708
56,2,1558.741708
56,3,1558.741708
56,4,1558.741708
56,5,1558.741708
56,6,1558.741708
56,7,1558.741708
56,8,1558.741708
56,9,1558.741708
56,10,1558.741708
56,11,1558.741708
56,12,1558.741708
56,13,1558.741708
56,14,1558.741708
56,15,1558.741708
56,16,1558.741708
56,17,1558.741708
56,18,1558.741708
56,19,1558.741708
56,20,1558.741708
56,21,1558.741708
56,22,1558.741708
56,23,1558.741708
56,24,1558.741708
56,25,1558.741708
56,26,1558.741708
56,27,1558.741708
56,28,1558.741708
56,29,1558.741708
56,30,1558.741708
56,31,1558.741708
56,32,1558.741708
56,33,1558.741708
56,34,1558.741708
56,35,1558.741708
56,36,1558.741708
56,37,1558.741708
56,38,1558.741708
56,39,1558.741708
56,40,1558.741708
56,41,1558.741708
56,42,1558.741708
56,43,1558.741708
56,44,1558.741708
56,45,1558.741708
56,46,1558.741708
56,47,1558.741708
56,48,1558.741708
56,49,1558.741708
57,0,1383.50445
57,1,1383.50445
57,2,1383.50445
57,3,1383.50445
57,4,1383.50445
57,5,1383.50445
57,6,1383.50445
57,7,1383.50445
57,8,1383.50445
57,9,1383.50445
57,10,1383.50445
57,11,1383.50445
57,12,1383.50445
57,13,1383.50445
57,14,1383.50445
57,15,1383.50445
57,16,1383.50445
57,17,1383.50445
57,18,1383.50445
57,19,1383.50445
57,20,1383.50445
57,21,1383.50445
57,22,1383.50445
57,23,1383.50445
57,24,1383.50445
57,25,1383.50445
57,26,1383.50445
57,27,1383.50445
57,28,1383.50445
57,29,1383.50445
57,30,1383.50445
57,31,1383.50445
57,32,1383.50445
57,33,1383.50445
57,34,1383.50445
57,35,1383.50445
57,36,1383.50445
57,37,1383.50445
57,38,1383.50445
57,39,1383.50445
57,40,1383.50445
57,41,1383.50445
57,42,1383.50445
57,43,1383.50445
57,44,1383.50445
57,45,1383.50445
57,46,1383.50445
57,47,1383.50445
57,48,1383.50445
57,49,1383.50445
58,0,1046.428043
58,1,1046.428043
58,2,1046.428043
58,3,1046.428043
58,4,1046.428043
58,5,1046.428043
58,6,1046.428043
58,7,1046.428043
58,8,1046.428043
58,9,1046.428043
58,10,1046.428043
58,11,1046.428043
58,12,1046.428043
58,13,1046.428043
58,14,1046.428043
58,15,1046.428043
58,16,1046.428043
58,17,1046.428043
58,18,1046.428043
58,19,1046.428043
58,20,1046.428043
58,21,1046.428043
58,22,1046.428043
58,23,1046.428043
58,24,1046.428043
58,25,1046.428043
58,26,1046.428043
58,27,1046.428043
58,28,1046.428043
58,29,1046.428043
58,30,1046.428043
58,31,1046.428043
58,32,1046.428043
58,33,1046.428043
58,34,1046.428043
58,35,1046.428043
58,36,1046.428043
58,37,1046.428043
58,38,1046.428043
58,39,1046.428043
58,40,1046.428043
58,41,1046.428043
58,42,1046.428043
58,43,1046.428043
58,44,1046.428043
58,45,1046.428043
58,46,1046.428043
58,47,1046.428043
58,48,1046.428043
58,49,1046.428043
59,0,1156.309131
59,1,1156.309131
59,2,1156.309131
59,3,1156.309131
59,4,1156.309131
59,5,1156.309131
59,6,1156.309131
59,7,1156.309131
59,8,1156.309131
59,9,1156.309131
59,10,1156.309131
59,11,1156.309131
59,12,1156.309131
59,13,1156.309131
59,14,1156.309131
59,15,1156.309131
59,16,1156.309131
59,17,1156.309131
59,18,1156.309131
59,19,1156.309131
59,20,1156.309131
59,21,1156.309131
59,22,1156.309131
59,23,1156.309131
59,24,1156.309131
59,25,1156.309131
59,26,1156.309131
59,27,1156.309131
59,28,1156.309131
59,29,1156.309131
59,30,1156.309131
59,31,1156.309131
59,32,1156.309131
59,33,1156.309131
59,34,1156.309131
59,35,1156.309131
59,36,1156.309131
59,37,1156.309131
59,38,1156.309131
59,39,1156.309131
59,40,1156.309131
59,41,1156.309131
59,42,1156.309131
59,43,1156.309131
59,44,1156.309131
59,45,1156.309131
59,46,1156.309131
59,47,1156.309131
59,48,1156.309131
59,49,1156.309131
60,0,1003.996524
60,1,1003.996524
60,2,1003.996524
60,3,1003.996524
60,4,1003.996524
60,5,1003.996524
60,6,1003.996524
60,7,1003.996524
60,8,1003.996524
60,9,1003.996524
60,10,1003.996524
60,11,1003.996524
60,12,1003.996524
60,13,1003.996524
60,14,1003.996524
60,15,1003.996524
60,16,1003.996524
60,17,1003.996524
60,18,1003.996524
60,19,1003.996524
60,20,1003.996524
60,21,1003.996524
60,22,1003.996524
60,23,1003.996524
60,24,1003.996524
60,25,1003.996524
60,26,1003.996524
60,27,1003.996524
60,28,1003.996524
60,29,1003.996524
60,30,1003.996524
60,31,1003.996524
60,32,1003.996524
60,33,1003.996524
60,34,1003.996524
60,35,1003.996524
60,36,1003.996524
60,37,1003.996524
60,38,1003.996524
60,39,1003.996524
60,40,1003.996524
60,41,1003.996524
60,42,1003.996524
60,43,1003.996524
60,44,1003.996524
60,45,1003.996524
60,46,1003.996524
60,47,1003.996524
60,48,1003.996524
60,49,1003.996524
61,0,1322.107062
61,1,1322.107062
61,2,1322.107062
61,3,1322.107062
61,4,1322.107062
61,5,1322.107062
61,6,1322.107062
61,7,1322.107062
61,8,1322.107062
61,9,1322.107062
61,10,1322.107062
61,11,1322.107062
61,12,1322.107062
61,13,1322.107062
61,14,1322.107062
61,15,1322.107062
61,16,1322.107062
61,17,1322.107062
61,18,1322.107062
61,19,1322.107062
61,20,1322.107062
61,21,1322.107062
61,22,1322.107062
61,23,1322.107062
61,24,1322.107062
61,25,1322.107062
61,26,1322.107062
61,27,1322.107062
61,28,1322.107062
61,29,1322.107062
61,30,1322.107062
61,31,1322.107062
61,32,1322.107062
61,33,1322.107062
61,34,1322.107062
61,35,1322.107062
61,36,1322.107062
61,37,1322.107062
61,38,1322.107062
61,39,1322.107062
61,40,1322.107062
61,41,1322.107062
61,42,1322.107062
61,43,1322.107062
61,44,1322.107062
61,45,1322.107062
61,46,1322.107062
61,47,1322.107062
61,48,1322.107062
61,49,1322.107062
62,0,1485.454265
62,1,1485.454265
62,2,1485.454265
62,3,1485.454265
62,4,1485.454265
62,5,1485.454265
62,6,1485.454265
62,7,1485.454265
62,8,1485.454265
62,9,1485.454265
62,10,1485.454265
62,11,1485.454265
62,12,1485.454265
62,13,1485.454265
62,14,1485.454265
62,15,1485.454265
62,16,1485.454265
62,17,1485.454265
62,18,1485.454265
62,19,1485.454265
62,20,1485.454265
62,21,1485.454265
62,22,1485.454265
62,23,1485.454265
62,24,1485.454265
62,25,1485.454265
62,26,1485.454265
62,27,1485.454265
62,28,1485.454265
62,29,1485.454265
62,30,1485.454265
62,31,1485.454265
62,32,1485.454265
62,33,1485.454265
62,34,1485.454265
62,35,1485.454265
62,36,1485.454265
62,37,1485.454265
62,38,1485.454265
62,39,1485.454265
62,40,1485.454265
62,41,1485.454265
62,42,1485.454265
62,43,1485.454265
62,44,1485.454265
62,45,1485.454265
62,46,1485.454265
62,47,1485.454265
62,48,1485.454265
62,49,1485.454265
63,0,1780.362255
63,1,1780.362255
63,2,1780.362255
63,3,1780.362255
63,4,1780.362255
63,5,1780.362255
63,6,1780.362255
63,7,1780.362255
63,8,1780.362255
63,9,1780.362255
63,10,1780.362255
63,11,1780.362255
63,12,1780.362255
63,13,1780.362255
63,14,1780.362255
63,15,1780.362255
63,16,1780.362255
63,17,1780.362255
63,18,1780.362255
63,19,1780.362255
63,20,1780.362255
63,21,1780.362255
63,22,1780.362255
63,23,1780.362255
63,24,1780.362255
63,25,1780.362255
63,26,1780.362255
63,27,1780.362255
63,28,1780.362255
63,29,1780.362255
63,30,1780.362255
63,31,1780.362255
63,32,1780.362255
63,33,1780.362255
63,34,1780.362255
63,35,1780.362255
63,36,1780.362255
63,37,1780.362255
63,38,1780.362255
63,39,1780.362255
63,40,1780.362255
63,41,1780.362255
63,42,1780.362255
63,43,1780.362255
63,44,1780.362255
63,45,1780.362255
63,46,1780.362255
63,47,1780.362255
63,48,1780.362255
63,49,1780.362255
64,0,1110.893597
64,1,1110.893597
64,2,1110.893597
64,3,1110.893597
64,4,1110.893597
64,5,1110.893597
64,6,1110.893597
64,7,1110.893597
64,8,1110.893597
64,9,1110.893597
64,10,1110.893597
64,11,1110.893597
64,12,1110.893597
64,13,1110.893597
64,14,1110.893597
64,15,1110.893597
64,16,1110.893597
64,17,1110.893597
64,18,1110.893597
64,19,1110.893597
64,20,1110.893597
64,21,1110.893597
64,22,1110.893597
64,23,1110.893597
64,24,1110.893597
64,25,1110.893597
64,26,1110.893597
64,27,1110.893597
64,28,1110.893597
64,29,1110.893597
64,30,1110.893597
64,31,1110.893597
64,32,1110.893597
64,33,1110.893597
64,34,1110.893597
64,35,1110.893597
64,36,1110.893597
64,37,1110.893597
64,38,1110.893597
64,39,1110.893597
64,40,1110.893597
64,41,1110.893597
64,42,1110.893597
64,43,1110.893597
64,44,1110.893597
64,45,1110.893597
64,46,1110.893597
64,47,1110.893597
64,48,1110.893597
64,49,1110.893597
65,0,1210.349957
65,1,1210.349957
65,2,1210.349957
65,3,1210.349957
65,4,1210.349957
65,5,1210.349957
65,6,1210.349957
65,7,1210.349957
65,8,1210.349957
65,9,1210.349957
65,10,1210.349957
65,11,1210.349957
65,12,1210.349957
65,13,1210.349957
65,14,1210.349957
65,15,1210.349957
65,16,1210.349957
65,17,1210.349957
65,18,1210.349957
65,19,1210.349957
65,20,1210.349957
65,21,1210.349957
65,22,1210.349957
65,23,1210.349957
65,24,1210.349957
65,25,1210.349957
65,26,1210.349957
65,27,1210.349957
65,28,1210.349957
65,29,1210.349957
65,30,1210.349957
65,31,1210.349957
65,32,1210.349957
65,33,1210.349957
65,34,1210.349957
65,35,1210.349957
65,36,1210.349957
65,37,1210.349957
65,38,1210.349957
65,39,1210.349957
65,40,1210.349957
65,41,1210.349957
65,42,1210.349957
65,43,1210.349957
65,44,1210.349957
65,45,1210.349957
65,46,1210.349957
65,47,1210.349957
65,48,1210.349957
65,49,1210.349957
66,0,1212.895335
66,1,1212.895335
66,2,1212.895335
66,3,1212.895335
66,4,1212.895335
66,5,1212.895335
66,6,1212.895335
66,7,1212.895335
66,8,1212.895335
66,9,1212.895335
66,10,1212.895335
66,11,1212.895335
66,12,1212.895335
66,13,1212.895335
66,14,1212.895335
66,15,1212.895335
66,16,1212.895335
66,17,1212.895335
66,18,1212.895335
66,19,1212.895335
66,20,1212.895335
66,21,1212.895335
66,22,1212.895335
66,23,1212.895335
66,24,1212.895335
66,25,1212.895335
66,26,1212.895335
66,27,1212.895335
66,28,1212.895335
66,29,1212.895335
66,30,1212.895335
66,31,1212.895335
66,32,1212.895335
66,33,1212.895335
66,34,1212.895335
66,35,1212.895335
66,36,1212.895335
66,37,1212.895335
66,38,1212.895335
66,39,1212.895335
66,40,1212.895335
66,41,1212.895335
66,42,1212.895335
66,43,1212.895335
66,44,1212.895335
66,45,1212.895335
66,46,1212.895335
66,47,1212.895335
66,48,1212.895335
66,49,1212.895335
67,0,1939.832444
67,1,1939.832444
67,2,1939.832444
67,3,1939.832444
67,4,1939.832444
67,5,1939.832444
67,6,1939.832444
67,7,1939.832444
67,8,1939.832444
67,9,1939.832444
67,10,1939.832444
67,11,1939.832444
67,12,1939.832444
67,13,1939.832444
67,14,1939.832444
67,15,1939.832444
67,16,1939.832444
67,17,1939.832444
67,18,1939.832444
67,19,1939.832444
67,20,1939.832444
67,21,1939.832444
67,22,1939.832444
67,23,1939.832444
67,24,1939.832444
67,25,1939.832444
67,26,1939.832444
67,27,1939.832444
67,28,1939.832444
67,29,1939.832444
67,30,1939.832444
67,31,1939.832444
67,32,1939.832444
67,33,1939.832444
67,34,1939.832444
67,35,1939.832444
67,36,1939.832444
67,37,1939.832444
67,38,1939.832444
67,39,1939.832444
67,40,1939.832444
67,41,1939.832444
67,42,1939.832444
67,43,1939.832444
67,44,1939.832444
67,45,1939.832444
67,46,1939.832444
67,47,1939.832444
67,48,1939.832444
67,49,1939.832444
68,0,1908.230338
68,1,1908.230338
68,2,1908.230338
68,3,1908.230338
68,4,1908.230338
68,5,1908.230338
68,6,1908.230338
68,7,1908.230338
68,8,1908.230338
68,9,1908.230338
68,10,1908.230338
68,11,1908.230338
68,12,1908.230338
68,13,1908.230338
68,14,1908.230338
68,15,1908.230338
68,16,1908.230338
68,17,1908.230338
68,18,1908.230338
68,19,1908.230338
68,20,1908.230338
68,21,1908.230338
68,22,1908.230338
68,23,1908.230338
68,24,1908.230338
68,25,1908.230338
68,26,1908.230338
68,27,1908.230338
68,28,1908.230338
68,29,1908.230338
68,30,1908.230338
68,31,1908.230338
68,32,1908.230338
68,33,1908.230338
68,34,1908.230338
68,35,1908.230338
68,36,1908.230338
68,37,1908.230338
68,38,1908.230338
68,39,1908.230338
68,40,1908.230338
68,41,1908.230338
68,42,1908.230338
68,43,1908.230338
68,44,1908.230338
68,45,1908.230338
68,46,1908.230338
68,47,1908.230338
68,48,1908.230338
68,49,1908.230338
69,0,1005.054258
69,1,1005.054258
69,2,1005.054258
69,3,1005.054258
69,4,1005.054258
69,5,1005.054258
69,6,1005.054258
69,7,1005.054258
69,8,1005.054258
69,9,1005.054258
69,10,1005.054258
69,11,1005.054258
69,12,1005.054258
69,13,1005.054258
69,14,1005.054258
69,15,1005.054258
69,16,1005.054258
69,17,1005.054258
69,18,1005.054258
69,19,1005.054258
69,20,1005.054258
69,21,1005.054258
69,22,1005.054258
69,23,1005.054258
69,24,1005.054258
69,25,1005.054258
69,26,1005.054258
69,27,1005.054258
69,28,1005.054258
69,29,1005.054258
69,30,1005.054258
69,31,1005.054258
69,32,1005.054258
69,33,1005.054258
69,34,1005.054258
69,35,1005.054258
69,36,1005.054258
69,37,1005.054258
69,38,1005.054258
69,39,1005.054258
69,40,1005.054258
69,41,1005.054258
69,42,1005.054258
69,43,1005.054258
69,44,1005.054258
69,45,1005.054258
69,46,1005.054258
69,47,1005.054258
69,48,1005.054258
69,49,1005.054258
70,0,1516.086591
70,1,1516.086591
70,2,1516.086591
70,3,1516.086591
70,4,1516.086591
70,5,1516.086591
70,6,1516.086591
70,7,1516.086591
70,8,1516.086591
70,9,1516.086591
70,10,1516.086591
70,11,1516.086591
70,12,1516.086591
70,13,1516.086591
70,14,1516.086591
70,15,1516.086591
70,16,1516.086591
70,17,1516.086591
70,18,1516.086591
70,19,1516.086591
70,20,1516.086591
70,21,1516.086591
70,22,1516.086591
70,23,1516.086591
70,24,1516.086591
70,25,1516.086591
70,26,1516.086591
70,27,1516.086591
70,28,1516.086591
70,29,1516.086591
70,30,1516.086591
70,31,1516.086591
70,32,1516.086591
70,33,1516.086591
70,34,1516.086591
70,35,1516.086591
70,36,1516.086591
70,37,1516.086591
70,38,1516.086591
70,39,1516.086591
70,40,1516.086591
70,41,1516.086591
70,42,1516.086591
70,43,1516.086591
70,44,1516.086591
70,45,1516.086591
70,46,1516.086591
70,47,1516.086591
70,48,1516.086591
70,49,1516.086591
71,0,1942.11114
71,1,1942.11114
71,2,1942.11114
71,3,1942.11114
71,4,1942.11114
71,5,1942.11114
71,6,1942.11114
71,7,1942.11114
71,8,1942.11114
71,9,1942.11114
71,10,1942.11114
71,11,1942.11114
71,12,1942.11114
71,13,1942.11114
71,14,1942.11114
71,15,1942.11114
71,16,1942.11114
71,17,1942.11114
71,18,1942.11114
71,19,1942.11114
71,20,1942.11114
71,21,1942.11114
71,22,1942.11114
71,23,1942.11114
71,24,1942.11114
71,25,1942.11114
71,26,1942.11114
71,27,1942.11114
71,28,1942.11114
71,29,1942.11114
71,30,1942.11114
71,31,1942.11114
71,32,1942.11114
71,33,1942.11114
71,34,1942.11114
71,35,1942.11114
71,36,1942.11114
71,37,1942.11114
71,38,1942.11114
71,39,1942.11114
71,40,1942.11114
71,41,1942.11114
71,42,1942.11114
71,43,1942.11114
71,44,1942.11114
71,45,1942.11114
71,46,1942.11114
71,47,1942.11114
71,48,1942.11114
71,49,1942.11114
72,0,1989.461898
72,1,1989.461898
72,2,1989.461898
72,3,1989.461898
72,4,1989.461898
72,5,1989.461898
72,6,1989.461898
72,7,1989.461898
72,8,1989.461898
72,9,1989.461898
72,10,1989.461898
72,11,1989.461898
72,12,1989.461898
72,13,1989.461898
72,14,1989.461898
72,15,1989.461898
72,16,1989.461898
72,17,1989.461898
72,18,1989.461898
72,19,1989.461898
72,20,1989.461898
72,21,1989.461898
72,22,1989.461898
72,23,1989.461898
72,24,1989.461898
72,25,1989.461898
72,26,1989.461898
72,27,1989.461898
72,28,1989.461898
72,29,1989.461898
72,30,1989.461898
72,31,1989.461898
72,32,1989.461898
72,33,1989.461898
72,34,1989.461898
72,35,1989.461898
72,36,1989.461898
72,37,1989.461898
72,38,1989.461898
72,39,1989.461898
72,40,1989.461898
72,41,1989.461898
72,42,1989.461898
72,43,1989.461898
72,44,1989.461898
72,45,1989.461898
72,46,1989.461898
72,47,1989.461898
72,48,1989.461898
72,49,1989.461898
73,0,1630.452367
73,1,1630.452367
73,2,1630.452367
73,3,1630.452367
73,4,1630.452367
73,5,1630.452367
73,6,1630.452367
73,7,1630.452367
73,8,1630.452367
73,9,1630.452367
73,10,1630.452367
73,11,1630.452367
73,12,1630.452367
73,13,1630.452367
73,14,1630.452367
73,15,1630.452367
73,16,1630.452367
73,17,1630.452367
73,18,1630.452367
73,19,1630.452367
73,20,1630.452367
73,21,1630.452367
73,22,1630.452367
73,23,1630.452367
73,24,1630.452367
73,25,1630.452367
73,26,1630.452367
73,27,1630.452367
73,28,1630.452367
73,29,1630.452367
73,30,1630.452367
73,31,1630.452367
73,32,1630.452367
73,33,1630.452367
73,34,1630.452367
73,35,1630.452367
73,36,1630.452367
73,37,1630.452367
73,38,1630.452367
73,39,1630.452367
73,40,1630.452367
73,41,1630.452367
73,42,1630.452367
73,43,1630.452367
73,44,1630.452367
73,45,1630.452367
73,46,1630.452367
73,47,1630.452367
73,48,1630.452367
73,49,1630.452367
74,0,1399.081231
74,1,1399.081231
74,2,1399.081231
74,3,1399.081231
74,4,1399.081231
74,5,1399.081231
74,6,1399.081231
74,7,1399.081231
74,8,1399.081231
74,9,1399.081231
74,10,1399.081231
74,11,1399.081231
74,12,1399.081231
74,13,1399.081231
74,14,1399.081231
74,15,1399.081231
74,16,1399.081231
74,17,1399.081231
74,18,1399.081231
74,19,1399.081231
74,20,1399.081231
74,21,1399.081231
74,22,1399.081231
74,23,1399.081231
74,24,1399.081231
74,25,1399.081231
74,26,1399.081231
74,27,1399.081231
74,28,1399.081231
74,29,1399.081231
74,30,1399.081231
74,31,1399.081231
74,32,1399.081231
74,33,1399.081231
74,34,1399.081231
74,35,1399.081231
74,36,1399.081231
74,37,1399.081231
74,38,1399.081231
74,39,1399.081231
74,40,1399.081231
74,41,1399.081231
74,42,1399.081231
74,43,1399.081231
74,44,1399.081231
74,45,1399.081231
74,46,1399.081231
74,47,1399.081231
74,48,1399.081231
74,49,1399.081231
75,0,1972.877452
75,1,1972.877452
75,2,1972.877452
75,3,1972.877452
75,4,1972.877452
75,5,1972.877452
75,6,1972.877452
75,7,1972.877452
75,8,1972.877452
75,9,1972.877452
75,10,1972.877452
75,11,1972.877452
75,12,1972.877452
75,13,1972.877452
75,14,1972.877452
75,15,1972.877452
75,16,1972.877452
75,17,1972.877452
75,18,1972.877452
75,19,1972.877452
75,20,1972.877452
75,21,1972.877452
75,22,1972.877452
75,23,1972.877452
75,24,1972.877452
75,25,1972.877452
75,26,1972.877452
75,27,1972.877452
75,28,1972.877452
75,29,1972.877452
75,30,1972.877452
75,31,1972.877452
75,32,1972.877452
75,33,1972.877452
75,34,1972.877452
75,35,1972.877452
75,36,1972.877452
75,37,1972.877452
75,38,1972.877452
75,39,1972.877452
75,40,1972.877452
75,41,1972.877452
75,42,1972.877452
75,43,1972.877452
75,44,1972.877452
75,45,1972.877452
75,46,1972.877452
75,47,1972.877452
75,48,1972.877452
75,49,1972.877452
76,0,1285.79678
76,1,1285.79678
76,2,1285.79678
76,3,1285.79678
76,4,1285.79678
76,5,1285.79678
76,6,1285.79678
76,7,1285.79678
76,8,1285.79678
76,9,1285.79678
76,10,1285.79678
76,11,1285.79678
76,12,1285.79678
76,13,1285.79678
76,14,1285.79678
76,15,1285.79678
76,16,1285.79678
76,17,1285.79678
76,18,1285.79678
76,19,1285.79678
76,20,1285.79678
76,21,1285.79678
76,22,1285.79678
76,23,1285.79678
76,24,1285.79678
76,25,1285.79678
76,26,1285.79678
76,27,1285.79678
76,28,1285.79678
76,29,1285.79678
76,30,1285.79678
76,31,1285.79678
76,32,1285.79678
76,33,1285.79678
76,34,1285.79678
76,35,1285.79678
76,36,1285.79678
76,37,1285.79678
76,38,1285.79678
76,39,1285.79678
76,40,1285.79678
76,41,1285.79678
76,42,1285.79678
76,43,1285.79678
76,44,1285.79678
76,45,1285.79678
76,46,1285.79678
76,47,1285.79678
76,48,1285.79678
76,49,1285.79678
77,0,1172.222204
77,1,1172.222204
77,2,1172.222204
77,3,1172.222204
77,4,1172.222204
77,5,1172.222204
77,6,1172.222204
77,7,1172.222204
77,8,1172.222204
77,9,1172.222204
77,10,1172.222204
77,11,1172.222204
77,12,1172.222204
77,13,1172.222204
77,14,1172.222204
77,15,1172.222204
77,16,1172.222204
77,17,1172.222204
77,18,1172.222204
77,19,1172.222204
77,20,1172.222204
77,21,1172.222204
77,22,1172.222204
77,23,1172.222204
77,24,1172.222204
77,25,1172.222204
77,26,1172.222204
77,27,1172.222204
77,28,1172.222204
77,29,1172.222204
77,30,1172.222204
77,31,1172.222204
77,32,1172.222204
77,33,1172.222204
77,34,1172.222204
77,35,1172.222204
77,36,1172.222204
77,37,1172.222204
77,38,1172.222204
77,39,1172.222204
77,40,1172.222204
77,41,1172.222204
77,42,1172.222204
77,43,1172.222204
77,44,1172.222204
77,45,1172.222204
77,46,1172.222204
77,47,1172.222204
77,48,1172.222204
77,49,1172.222204
78,0,1693.741586
78,1,1693.741586
78,2,1693.741586
78,3,1693.741586
78,4,1693.741586
78,5,1693.741586
78,6,1693.741586
78,7,1693.741586
78,8,1693.741586
78,9,1693.741586
78,10,1693.741586
78,11,1693.741586
78,12,1693.741586
78,13,1693.741586
78,14,1693.741586
78,15,1693.741586
78,16,1693.741586
78,17,1693.741586
78,18,1693.741586
78,19,1693.741586
78,20,1693.741586
78,21,1693.741586
78,22,1693.741586
78,23,1693.741586
78,24,1693.741586
78,25,1693.741586
78,26,1693.741586
78,27,1693.741586
78,28,1693.741586
78,29,1693.741586
78,30,1693.741586
78,31,1693.741586
78,32,1693.741586
78,33,1693.741586
78,34,1693.741586
78,35,1693.741586
78,36,1693.741586
78,37,1693.741586
78,38,1693.741586
78,39,1693.741586
78,40,1693.741586
78,41,1693.741586
78,42,1693.741586
78,43,1693.741586
78,44,1693.741586
78,45,1693.741586
78,46,1693.741586
78,47,1693.741586
78,48,1693.741586
78,49,1693.741586
79,0,1967.984048
79,1,1967.984048
79,2,1967.984048
79,3,1967.984048
79,4,1967.984048
79,5,1967.984048
79,6,1967.984048
79,7,1967.984048
79,8,1967.984048
79,9,1967.984048
79,10,1967.984048
79,11,1967.984048
79,12,1967.984048
79,13,1967.984048
79,14,1967.984048
79,15,1967.984048
79,16,1967.984048
79,17,1967.984048
79,18,1967.984048
79,19,1967.984048
79,20,1967.984048
79,21,1967.984048
79,22,1967.984048
79,23,1967.984048
79,24,1967.984048
79,25,1967.984048
79,26,1967.984048
79,27,1967.984048
79,28,1967.984048
79,29,1967.984048
79,30,1967.984048
79,31,1967.984048
79,32,1967.984048
79,33,1967.984048
79,34,1967.984048
79,35,1967.984048
79,36,1967.984048
79,37,1967.984048
79,38,1967.984048
79,39,1967.984048
79,40,1967.984048
79,41,1967.984048
79,42,1967.984048
79,43,1967.984048
79,44,1967.984048
79,45,1967.984048
79,46,1967.984048
79,47,1967.984048
79,48,1967.984048
79,49,1967.984048
80,0,1575.975538
80,1,1575.975538
80,2,1575.975538
80,3,1575.975538
80,4,1575.975538
80,5,1575.975538
80,6,1575.975538
80,7,1575.975538
80,8,1575.975538
80,9,1575.975538
80,10,1575.975538
80,11,1575.975538
80,12,1575.975538
80,13,1575.975538
80,14,1575.975538
80,15,1575.975538
80,16,1575.975538
80,17,1575.975538
80,18,1575.975538
80,19,1575.975538
80,20,1575.975538
80,21,1575.975538
80,22,1575.975538
80,23,1575.975538
80,24,1575.975538
80,25,1575.975538
80,26,1575.975538
80,27,1575.975538
80,28,1575.975538
80,29,1575.975538
80,30,1575.975538
80,31,1575.975538
80,32,1575.975538
80,33,1575.975538
80,34,1575.975538
80,35,1575.975538
80,36,1575.975538
80,37,1575.975538
80,38,1575.975538
80,39,1575.975538
80,40,1575.975538
80,41,1575.975538
80,42,1575.975538
80,43,1575.975538
80,44,1575.975538
80,45,1575.975538
80,46,1575.975538
80,47,1575.975538
80,48,1575.975538
80,49,1575.975538
81,0,1578.909712
81,1,1578.909712
81,2,1578.909712
81,3,1578.909712
81,4,1578.909712
81,5,1578.909712
81,6,1578.909712
81,7,1578.909712
81,8,1578.909712
81,9,1578.909712
81,10,1578.909712
81,11,1578.909712
81,12,1578.909712
81,13,1578.909712
81,14,1578.909712
81,15,1578.909712
81,16,1578.909712
81,17,1578.909712
81,18,1578.909712
81,19,1578.909712
81,20,1578.909712
81,21,1578.909712
81,22,1578.909712
81,23,1578.909712
81,24,1578.909712
81,25,1578.909712
81,26,1578.909712
81,27,1578.909712
81,28,1578.909712
81,29,1578.909712
81,30,1578.909712
81,31,1578.909712
81,32,1578.909712
81,33,1578.909712
81,34,1578.909712
81,35,1578.909712
81,36,1578.909712
81,37,1578.909712
81,38,1578.909712
81,39,1578.909712
81,40,1578.909712
81,41,1578.909712
81,42,1578.909712
81,43,1578.909712
81,44,1578.909712
81,45,1578.909712
81,46,1578.909712
81,47,1578.909712
81,48,1578.909712
81,49,1578.909712
82,0,1581.918659
82,1,1581.918659
82,2,1581.918659
82,3,1581.918659
82,4,1581.918659
82,5,1581.918659
82,6,1581.918659
82,7,1581.918659
82,8,1581.918659
82,9,1581.918659
82,10,1581.918659
82,11,1581.918659
82,12,1581.918659
82,13,1581.918659
82,14,1581.918659
82,15,1581.918659
82,16,1581.918659
82,17,1581.918659
82,18,1581.918659
82,19,1581.918659
82,20,1581.918659
82,21,1581.918659
82,22,1581.918659
82,23,1581.918659
82,24,1581.918659
82,25,1581.918659
82,26,1581.918659
82,27,1581.918659
82,28,1581.918659
82,29,1581.918659
82,30,1581.918659
82,31,1581.918659
82,32,1581.918659
82,33,1581.918659
82,34,1581.918659
82,35,1581.918659
82,36,1581.918659
82,37,1581.918659
82,38,1581.918659
82,39,1581.918659
82,40,1581.918659
82,41,1581.918659
82,42,1581.918659
82,43,1581.918659
82,44,1581.918659
82,45,1581.918659
82,46,1581.918659
82,47,1581.918659
82,48,1581.918659
82,49,1581.918659
83,0,1260.679837
83,1,1260.679837
83,2,1260.679837
83,3,1260.679837
83,4,1260.679837
83,5,1260.679837
83,6,1260.679837
83,7,1260.679837
83,8,1260.679837
83,9,1260.679837
83,10,1260.679837
83,11,1260.679837
83,12,1260.679837
83,13,1260.679837
83,14,1260.679837
83,15,1260.679837
83,16,1260.679837
83,17,1260.679837
83,18,1260.679837
83,19,1260.679837
83,20,1260.679837
83,21,1260.679837
83,22,1260.679837
83,23,1260.679837
83,24,1260.679837
83,25,1260.679837
83,26,1260.679837
83,27,1260.679837
83,28,1260.679837
83,29,1260.679837
83,30,1260.679837
83,31,1260.679837
83,32,1260.679837
83,33,1260.679837
83,34,1260.679837
83,35,1260.679837
83,36,1260.679837
83,37,1260.679837
83,38,1260.679837
83,39,1260.679837
83,40,1260.679837
83,41,1260.679837
83,42,1260.679837
83,43,1260.679837
83,44,1260.679837
83,45,1260.679837
83,46,1260.679837
83,47,1260.679837
83,48,1260.679837
83,49,1260.679837
84,0,1824.671168
84,1,1824.671168
84,2,1824.671168
84,3,1824.671168
84,4,1824.671168
84,5,1824.671168
84,6,1824.671168
84,7,1824.671168
84,8,1824.671168
84,9,1824.671168
84,10,1824.671168
84,11,1824.671168
84,12,1824.671168
84,13,1824.671168
84,14,1824.671168
84,15,1824.671168
84,16,1824.671168
84,17,1824.671168
84,18,1824.671168
84,19,1824.671168
84,20,1824.671168
84,21,1824.671168
84,22,1824.671168
84,23,1824.671168
84,24,1824.671168
84,25,1824.671168
84,26,1824.671168
84,27,1824.671168
84,28,1824.671168
84,29,1824.671168
84,30,1824.671168
84,31,1824.671168
84,32,1824.671168
84,33,1824.671168
84,34,1824.671168
84,35,1824.671168
84,36,1824.671168
84,37,1824.671168
84,38,1824.671168
84,39,1824.671168
84,40,1824.671168
84,41,1824.671168
84,42,1824.671168
84,43,1824.671168
84,44,1824.671168
84,45,1824.671168
84,46,1824.671168
84,47,1824.671168
84,48,1824.671168
84,49,1824.671168
85,0,1946.632368
85,1,1946.632368
85,2,1946.632368
85,3,1946.632368
85,4,1946.632368
85,5,1946.632368
85,6,1946.632368
85,7,1946.632368
85,8,1946.632368
85,9,1946.632368
85,10,1946.632368
85,11,1946.632368
85,12,1946.632368
85,13,1946.632368
85,14,1946.632368
85,15,1946.632368
85,16,1946.632368
85,17,1946.632368
85,18,1946.632368
85,19,1946.632368
85,20,1946.632368
85,21,1946.632368
85,22,1946.632368
85,23,1946.632368
85,24,1946.632368
85,25,1946.632368
85,26,1946.632368
85,27,1946.632368
85,28,1946.632368
85,29,1946.632368
85,30,1946.632368
85,31,1946.632368
85,32,1946.632368
85,33,1946.632368
85,34,1946.632368
85,35,1946.632368
85,36,1946.632368
85,37,1946.632368
85,38,1946.632368
85,39,1946.632368
85,40,1946.632368
85,41,1946.632368
85,42,1946.632368
85,43,1946.632368
85,44,1946.632368
85,45,1946.632368
85,46,1946.632368
85,47,1946.632368
85,48,1946.632368
85,49,1946.632368
86,0,1419.045095
86,1,1419.045095
86,2,1419.045095
86,3,1419.045095
86,4,1419.045095
86,5,1419.045095
86,6,1419.045095
86,7,1419.045095
86,8,1419.045095
86,9,1419.045095
86,10,1419.045095
86,11,1419.045095
86,12,1419.045095
86,13,1419.045095
86,14,1419.045095
86,15,1419.045095
86,16,1419.045095
86,17,1419.045095
86,18,1419.045095
86,19,1419.045095
86,20,1419.045095
86,21,1419.045095
86,22,1419.045095
86,23,1419.045095
86,24,1419.045095
86,25,1419.045095
86,26,1419.045095
86,27,1419.045095
86,28,1419.045095
86,29,1419.045095
86,30,1419.045095
86,31,1419.045095
86,32,1419.045095
86,33,1419.045095
86,34,1419.045095
86,35,1419.045095
86,36,1419.045095
86,37,1419.045095
86,38,1419.045095
86,39,1419.045095
86,40,1419.045095
86,41,1419.045095
86,42,1419.045095
86,43,1419.045095
86,44,1419.045095
86,45,1419.045095
86,46,1419.045095
86,47,1419.045095
86,48,1419.045095
86,49,1419.045095
87,0,1733.93206
87,1,1733.93206
87,2,1733.93206
87,3,1733.93206
87,4,1733.93206
87,5,1733.93206
87,6,1733.93206
87,7,1733.93206
87,8,1733.93206
87,9,1733.93206
87,10,1733.93206
87,11,1733.93206
87,12,1733.93206
87,13,1733.93206
87,14,1733.93206
87,15,1733.93206
87,16,1733.93206
87,17,1733.93206
87,18,1733.93206
87,19,1733.93206
87,20,1733.93206
87,21,1733.93206
87,22,1733.93206
87,23,1733.93206
87,24,1733.93206
87,25,1733.93206
87,26,1733.93206
87,27,1733.93206
87,28,1733.93206
87,29,1733.93206
87,30,1733.93206
87,31,1733.93206
87,32,1733.93206
87,33,1733.93206
87,34,1733.93206
87,35,1733.93206
87,36,1733.93206
87,37,1733.93206
87,38,1733.93206
87,39,1733.93206
87,40,1733.93206
87,41,1733.93206
87,42,1733.93206
87,43,1733.93206
87,44,1733.93206
87,45,1733.93206
87,46,1733.93206
87,47,1733.93206
87,48,1733.93206
87,49,1733.93206
88,0,1129.135231
88,1,1129.135231
88,2,1129.135231
88,3,1129.135231
88,4,1129.135231
88,5,1129.135231
88,6,1129.135231
88,7,1129.135231
88,8,1129.135231
88,9,1129.135231
88,10,1129.135231
88,11,1129.135231
88,12,1129.135231
88,13,1129.135231
88,14,1129.135231
88,15,1129.135231
88,16,1129.135231
88,17,1129.135231
88,18,1129.135231
88,19,1129.135231
88,20,1129.135231
88,21,1129.135231
88,22,1129.135231
88,23,1129.135231
88,24,1129.135231
88,25,1129.135231
88,26,1129.135231
88,27,1129.135231
88,28,1129.135231
88,29,1129.135231
88,30,1129.135231
88,31,1129.135231
88,32,1129.135231
88,33,1129.135231
88,34,1129.135231
88,35,1129.135231
88,36,1129.135231
88,37,1129.135231
88,38,1129.135231
88,39,1129.135231
88,40,1129.135231
88,41,1129.135231
88,42,1129.135231
88,43,1129.135231
88,44,1129.135231
88,45,1129.135231
88,46,1129.135231
88,47,1129.135231
88,48,1129.135231
88,49,1129.135231
89,0,1231.69854
89,1,1231.69854
89,2,1231.69854
89,3,1231.69854
89,4,1231.69854
89,5,1231.69854
89,6,1231.69854
89,7,1231.69854
89,8,1231.69854
89,9,1231.69854
89,10,1231.69854
89,11,1231.69854
89,12,1231.69854
89,13,1231.69854
89,14,1231.69854
89,15,1231.69854
89,16,1231.69854
89,17,1231.69854
89,18,1231.69854
89,19,1231.69854
89,20,1231.69854
89,21,1231.69854
89,22,1231.69854
89,23,1231.69854
89,24,1231.69854
89,25,1231.69854
89,26,1231.69854
89,27,1231.69854
89,28,1231.69854
89,29,1231.69854
89,30,1231.69854
89,31,1231.69854
89,32,1231.69854
89,33,1231.69854
89,34,1231.69854
89,35,1231.69854
89,36,1231.69854
89,37,1231.69854
89,38,1231.69854
89,39,1231.69854
89,40,1231.69854
89,41,1231.69854
89,42,1231.69854
89,43,1231.69854
89,44,1231.69854
89,45,1231.69854
89,46,1231.69854
89,47,1231.69854
89,48,1231.69854
89,49,1231.69854
90,0,1696.881216
90,1,1696.881216
90,2,1696.881216
90,3,1696.881216
90,4,1696.881216
90,5,1696.881216
90,6,1696.881216
90,7,1696.881216
90,8,1696.881216
90,9,1696.881216
90,10,1696.881216
90,11,1696.881216
90,12,1696.881216
90,13,1696.881216
90,14,1696.881216
90,15,1696.881216
90,16,1696.881216
90,17,1696.881216
90,18,1696.881216
90,19,1696.881216
90,20,1696.881216
90,21,1696.881216
90,22,1696.881216
90,23,1696.881216
90,24,1696.881216
90,25,1696.881216
90,26,1696.881216
90,27,1696.881216
90,28,1696.881216
90,29,1696.881216
90,30,1696.881216
90,31,1696.881216
90,32,1696.881216
90,33,1696.881216
90,34,1696.881216
90,35,1696.881216
90,36,1696.881216
90,37,1696.881216
90,38,1696.881216
90,39,1696.881216
90,40,1696.881216
90,41,1696.881216
90,42,1696.881216
90,43,1696.881216
90,44,1696.881216
90,45,1696.881216
90,46,1696.881216
90,47,1696.881216
90,48,1696.881216
90,49,1696.881216
91,0,1988.998793
91,1,1988.998793
91,2,1988.998793
91,3,1988.998793
91,4,1988.998793
91,5,1988.998793
91,6,1988.998793
91,7,1988.998793
91,8,1988.998793
91,9,1988.998793
91,10,1988.998793
91,11,1988.998793
91,12,1988.998793
91,13,1988.998793
91,14,1988.998793
91,15,1988.998793
91,16,1988.998793
91,17,1988.998793
91,18,1988.998793
91,19,1988.998793
91,20,1988.998793
91,21,1988.998793
91,22,1988.998793
91,23,1988.998793
91,24,1988.998793
91,25,1988.998793
91,26,1988.998793
91,27,1988.998793
91,28,1988.998793
91,29,1988.998793
91,30,1988.998793
91,31,1988.998793
91,32,1988.998793
91,33,1988.998793
91,34,1988.998793
91,35,1988.998793
91,36,1988.998793
91,37,1988.998793
91,38,1988.998793
91,39,1988.998793
91,40,1988.998793
91,41,1988.998793
91,42,1988.998793
91,43,1988.998793
91,44,1988.998793
91,45,1988.998793
91,46,1988.998793
91,47,1988.998793
91,48,1988.998793
91,49,1988.998793
92,0,1653.148297
92,1,1653.148297
92,2,1653.148297
92,3,1653.148297
92,4,1653.148297
92,5,1653.148297
92,6,1653.148297
92,7,1653.148297
92,8,1653.148297
92,9,1653.148297
92,10,1653.148297
92,11,1653.148297
92,12,1653.148297
92,13,1653.148297
92,14,1653.148297
92,15,1653.148297
92,16,1653.148297
92,17,1653.148297
92,18,1653.148297
92,19,1653.148297
92,20,1653.148297
92,21,1653.148297
92,22,1653.148297
92,23,1653.148297
92,24,1653.148297
92,25,1653.148297
92,26,1653.148297
92,27,1653.148297
92,28,1653.148297
92,29,1653.148297
92,30,1653.148297
92,31,1653.148297
92,32,1653.148297
92,33,1653.148297
92,34,1653.148297
92,35,1653.148297
92,36,1653.148297
92,37,1653.148297
92,38,1653.148297
92,39,1653.148297
92,40,1653.148297
92,41,1653.148297
92,42,1653.148297
92,43,1653.148297
92,44,1653.148297
92,45,1653.148297
92,46,1653.148297
92,47,1653.148297
92,48,1653.148297
92,49,1653.148297
93,0,1950.312757
93,1,1950.312757
93,2,1950.312757
93,3,1950.312757
93,4,1950.312757
93,5,1950.312757
93,6,1950.312757
93,7,1950.312757
93,8,1950.312757
93,9,1950.312757
93,10,1950.312757
93,11,1950.312757
93,12,1950.312757
93,13,1950.312757
93,14,1950.312757
93,15,1950.312757
93,16,1950.312757
93,17,1950.312757
93,18,1950.312757
93,19,1950.312757
93,20,1950.312757
93,21,1950.312757
93,22,1950.312757
93,23,1950.312757
93,24,1950.312757
93,25,1950.312757
93,26,1950.312757
93,27,1950.312757
93,28,1950.312757
93,29,1950.312757
93,30,1950.312757
93,31,1950.312757
93,32,1950.312757
93,33,1950.312757
93,34,1950.312757
93,35,1950.312757
93,36,1950.312757
93,37,1950.312757
93,38,1950.312757
93,39,1950.312757
93,40,1950.312757
93,41,1950.312757
93,42,1950.312757
93,43,1950.312757
93,44,1950.312757
93,45,1950.312757
93,46,1950.312757
93,47,1950.312757
93,48,1950.312757
93,49,1950.312757
94,0,1111.772446
94,1,1111.772446
94,2,1111.772446
94,3,1111.772446
94,4,1111.772446
94,5,1111.772446
94,6,1111.772446
94,7,1111.772446
94,8,1111.772446
94,9,1111.772446
94,10,1111.772446
94,11,1111.772446
94,12,1111.772446
94,13,1111.772446
94,14,1111.772446
94,15,1111.772446
94,16,1111.772446
94,17,1111.772446
94,18,1111.772446
94,19,1111.772446
94,20,1111.772446
94,21,1111.772446
94,22,1111.772446
94,23,1111.772446
94,24,1111.772446
94,25,1111.772446
94,26,1111.772446
94,27,1111.772446
94,28,1111.772446
94,29,1111.772446
94,30,1111.772446
94,31,1111.772446
94,32,1111.772446
94,33,1111.772446
94,34,1111.772446
94,35,1111.772446
94,36,1111.772446
94,37,1111.772446
94,38,1111.772446
94,39,1111.772446
94,40,1111.772446
94,41,1111.772446
94,42,1111.772446
94,43,1111.772446
94,44,1111.772446
94,45,1111.772446
94,46,1111.772446
94,47,1111.772446
94,48,1111.772446
94,49,1111.772446
95,0,1196.624
95,1,1196.624
95,2,1196.624
95,3,1196.624
95,4,1196.624
95,5,1196.624
95,6,1196.624
95,7,1196.624
95,8,1196.624
95,9,1196.624
95,10,1196.624
95,11,1196.624
95,12,1196.624
95,13,1196.624
95,14,1196.624
95,15,1196.624
95,16,1196.624
95,17,1196.624
95,18,1196.624
95,19,1196.624
95,20,1196.624
95,21,1196.624
95,22,1196.624
95,23,1196.624
95,24,1196.624
95,25,1196.624
95,26,1196.624
95,27,1196.624
95,28,1196.624
95,29,1196.624
95,30,1196.624
95,31,1196.624
95,32,1196.624
95,33,1196.624
95,34,1196.624
95,35,1196.624
95,36,1196.624
95,37,1196.624
95,38,1196.624
95,39,1196.624
95,40,1196.624
95,41,1196.624
95,42,1196.624
95,43,1196.624
95,44,1196.624
95,45,1196.624
95,46,1196.624
95,47,1196.624
95,48,1196.624
95,49,1196.624
96,0,1712.616597
96,1,1712.616597
96,2,1712.616597
96,3,1712.616597
96,4,1712.616597
96,5,1712.616597
96,6,1712.616597
96,7,1712.616597
96,8,1712.616597
96,9,1712.616597
96,10,1712.616597
96,11,1712.616597
96,12,1712.616597
96,13,1712.616597
96,14,1712.616597
96,15,1712.616597
96,16,1712.616597
96,17,1712.616597
96,18,1712.616597
96,19,1712.616597
96,20,1712.616597
96,21,1712.616597
96,22,1712.616597
96,23,1712.616597
96,24,1712.616597
96,25,1712.616597
96,26,1712.616597
96,27,1712.616597
96,28,1712.616597
96,29,1712.616597
96,30,1712.616597
96,31,1712.616597
96,32,1712.616597
96,33,1712.616597
96,34,1712.616597
96,35,1712.616597
96,36,1712.616597
96,37,1712.616597
96,38,1712.616597
96,39,1712.616597
96,40,1712.616597
96,41,1712.616597
96,42,1712.616597
96,43,1712.616597
96,44,1712.616597
96,45,1712.616597
96,46,1712.616597
96,47,1712.616597
96,48,1712.616597
96,49,1712.616597
97,0,1720.348413
97,1,1720.348413
97,2,1720.348413
97,3,1720.348413
97,4,1720.348413
97,5,1720.348413
97,6,1720.348413
97,7,1720.348413
97,8,1720.348413
97,9,1720.348413
97,10,1720.348413
97,11,1720.348413
97,12,1720.348413
97,13,1720.348413
97,14,1720.348413
97,15,1720.348413
97,16,1720.348413
97,17,1720.348413
97,18,1720.348413
97,19,1720.348413
97,20,1720.348413
97,21,1720.348413
97,22,1720.348413
97,23,1720.348413
97,24,1720.348413
97,25,1720.348413
97,26,1720.348413
97,27,1720.348413
97,28,1720.348413
97,29,1720.348413
97,30,1720.348413
97,31,1720.348413
97,32,1720.348413
97,33,1720.348413
97,34,1720.348413
97,35,1720.348413
97,36,1720.348413
97,37,1720.348413
97,38,1720.348413
97,39,1720.348413
97,40,1720.348413
97,41,1720.348413
97,42,1720.348413
97,43,1720.348413
97,44,1720.348413
97,45,1720.348413
97,46,1720.348413
97,47,1720.348413
97,48,1720.348413
97,49,1720.348413
98,0,1449.363012
98,1,1449.363012
98,2,1449.363012
98,3,1449.363012
98,4,1449.363012
98,5,1449.363012
98,6,1449.363012
98,7,1449.363012
98,8,1449.363012
98,9,1449.363012
98,10,1449.363012
98,11,1449.363012
98,12,1449.363012
98,13,1449.363012
98,14,1449.363012
98,15,1449.363012
98,16,1449.363012
98,17,1449.363012
98,18,1449.363012
98,19,1449.363012
98,20,1449.363012
98,21,1449.363012
98,22,1449.363012
98,23,1449.363012
98,24,1449.363012
98,25,1449.363012
98,26,1449.363012
98,27,1449.363012
98,28,1449.363012
98,29,1449.363012
98,30,1449.363012
98,31,1449.363012
98,32,1449.363012
98,33,1449.363012
98,34,1449.363012
98,35,1449.363012
98,36,1449.363012
98,37,1449.363012
98,38,1449.363012
98,39,1449.363012
98,40,1449.363012
98,41,1449.363012
98,42,1449.363012
98,43,1449.363012
98,44,1449.363012
98,45,1449.363012
98,46,1449.363012
98,47,1449.363012
98,48,1449.363012
98,49,1449.363012
99,0,1541.391944
99,1,1541.391944
99,2,1541.391944
99,3,1541.391944
99,4,1541.391944
99,5,1541.391944
99,6,1541.391944
99,7,1541.391944
99,8,1541.391944
99,9,1541.391944
99,10,1541.391944
99,11,1541.391944
99,12,1541.391944
99,13,1541.391944
99,14,1541.391944
99,15,1541.391944
99,16,1541.391944
99,17,1541.391944
99,18,1541.391944
99,19,1541.391944
99,20,1541.391944
99,21,1541.391944
99,22,1541.391944
99,23,1541.391944
99,24,1541.391944
99,25,1541.391944
99,26,1541.391944
99,27,1541.391944
99,28,1541.391944
99,29,1541.391944
99,30,1541.391944
99,31,1541.391944
99,32,1541.391944
99,33,1541.391944
99,34,1541.391944
99,35,1541.391944
99,36,1541.391944
99,37,1541.391944
99,38,1541.391944
99,39,1541.391944
99,40,1541.391944
99,41,1541.391944
99,42,1541.391944
99,43,1541.391944
99,44,1541.391944
99,45,1541.391944
99,46,1541.391944
99,47,1541.391944
99,48,1541.391944
99,49,1541.391944
