0,0,100000
0,1,100000
0,2,100000
0,3,100000
0,4,100000
0,5,100000
0,6,100000
0,7,100000
0,8,100000
0,9,100000
0,10,100000
0,11,100000
0,12,100000
0,13,100000
0,14,100000
0,15,100000
0,16,100000
0,17,100000
0,18,100000
0,19,100000
0,20,100000
0,21,100000
0,22,100000
0,23,100000
0,24,100000
0,25,100000
0,26,100000
0,27,100000
0,28,100000
0,29,100000
0,30,100000
0,31,100000
0,32,100000
0,33,100000
0,34,100000
0,35,100000
0,36,100000
0,37,100000
0,38,100000
0,39,100000
0,40,100000
0,41,100000
0,42,100000
0,43,100000
0,44,100000
0,45,100000
0,46,100000
0,47,100000
0,48,100000
0,49,100000
1,0,49500
1,1,49500
1,2,49500
1,3,49500
1,4,49500
1,5,49500
1,6,49500
1,7,49500
1,8,49500
1,9,49500
1,10,49500
1,11,49500
1,12,49500
1,13,49500
1,14,49500
1,15,49500
1,16,49500
1,17,49500
1,18,49500
1,19,49500
1,20,49500
1,21,49500
1,22,49500
1,23,49500
1,24,49500
1,25,49500
1,26,49500
1,27,49500
1,28,49500
1,29,49500
1,30,49500
1,31,49500
1,32,49500
1,33,49500
1,34,49500
1,35,49500
1,36,49500
1,37,49500
1,38,49500
1,39,49500
1,40,49500
1,41,49500
1,42,49500
1,43,49500
1,44,49500
1,45,49500
1,46,49500
1,47,49500
1,48,49500
1,49,49500
2,0,32666.66667
2,1,32666.66667
2,2,32666.66667
2,3,32666.66667
2,4,32666.66667
2,5,32666.66667
2,6,32666.66667
2,7,32666.66667
2,8,32666.66667
2,9,32666.66667
2,10,32666.66667
2,11,32666.66667
2,12,32666.66667
2,13,32666.66667
2,14,32666.66667
2,15,32666.66667
2,16,32666.66667
2,17,32666.66667
2,18,32666.66667
2,19,32666.66667
2,20,32666.66667
2,21,32666.66667
2,22,32666.66667
2,23,32666.66667
2,24,32666.66667
2,25,32666.66667
2,26,32666.66667
2,27,32666.66667
2,28,32666.66667
2,29,32666.66667
2,30,32666.66667
2,31,32666.66667
2,32,32666.66667
2,33,32666.66667
2,34,32666.66667
2,35,32666.66667
2,36,32666.66667
2,37,32666.66667
2,38,32666.66667
2,39,32666.66667
2,40,32666.66667
2,41,32666.66667
2,42,32666.66667
2,43,32666.66667
2,44,32666.66667
2,45,32666.66667
2,46,32666.66667
2,47,32666.66667
2,48,32666.66667
2,49,32666.66667
3,0,24250
3,1,24250
3,2,24250
3,3,24250
3,4,24250
3,5,24250
3,6,24250
3,7,24250
3,8,24250
3,9,24250
3,10,24250
3,11,24250
3,12,24250
3,13,24250
3,14,24250
3,15,24250
3,16,24250
3,17,24250
3,18,24250
3,19,24250
3,20,24250
3,21,24250
3,22,24250
3,23,24250
3,24,24250
3,25,24250
3,26,24250
3,27,24250
3,28,24250
3,29,24250
3,30,24250
3,31,24250
3,32,24250
3,33,24250
3,34,24250
3,35,24250
3,36,24250
3,37,24250
3,38,24250
3,39,24250
3,40,24250
3,41,24250
3,42,24250
3,43,24250
3,44,24250
3,45,24250
3,46,24250
3,47,24250
3,48,24250
3,49,24250
4,0,19200
4,1,19200
4,2,19200
4,3,19200
4,4,19200
4,5,19200
4,6,19200
4,7,19200
4,8,19200
4,9,19200
4,10,19200
4,11,19200
4,12,19200
4,13,19200
4,14,19200
4,15,19200
4,16,19200
4,17,19200
4,18,19200
4,19,19200
4,20,19200
4,21,19200
4,22,19200
4,23,19200
4,24,19200
4,25,19200
4,26,19200
4,27,19200
4,28,19200
4,29,19200
4,30,19200
4,31,19200
4,32,19200
4,33,19200
4,34,19200
4,35,19200
4,36,19200
4,37,19200
4,38,19200
4,39,19200
4,40,19200
4,41,19200
4,42,19200
4,43,19200
4,44,19200
4,45,19200
4,46,19200
4,47,19200
4,48,19200
4,49,19200
5,0,15833.33333
5,1,15833.33333
5,2,15833.33333
5,3,15833.33333
5,4,15833.33333
5,5,15833.33333
5,6,15833.33333
5,7,15833.33333
5,8,15833.33333
5,9,15833.33333
5,10,15833.33333
5,11,15833.33333
5,12,15833.33333
5,13,15833.33333
5,14,15833.33333
5,15,15833.33333
5,16,15833.33333
5,17,15833.33333
5,18,15833.33333
5,19,15833.33333
5,20,15833.33333
5,21,15833.33333
5,22,15833.33333
5,23,15833.33333
5,24,15833.33333
5,25,15833.33333
5,26,15833.33333
5,27,15833.33333
5,28,15833.33333
5,29,15833.33333
5,30,15833.33333
5,31,15833.33333
5,32,15833.33333
5,33,15833.33333
5,34,15833.33333
5,35,15833.33333
5,36,15833.33333
5,37,15833.33333
5,38,15833.33333
5,39,15833.33333
5,40,15833.33333
5,41,15833.33333
5,42,15833.33333
5,43,15833.33333
5,44,15833.33333
5,45,15833.33333
5,46,15833.33333
5,47,15833.33333
5,48,15833.33333
5,49,15833.33333
6,0,13428.57143
6,1,13428.57143
6,2,13428.57143
6,3,13428.57143
6,4,13428.57143
6,5,13428.57143
6,6,13428.57143
6,7,13428.57143
6,8,13428.57143
6,9,13428.57143
6,10,13428.57143
6,11,13428.57143
6,12,13428.57143
6,13,13428.57143
6,14,13428.57143
6,15,13428.57143
6,16,13428.57143
6,17,13428.57143
6,18,13428.57143
6,19,13428.57143
6,20,13428.57143
6,21,13428.57143
6,22,13428.57143
6,23,13428.57143
6,24,13428.57143
6,25,13428.57143
6,26,13428.57143
6,27,13428.57143
6,28,13428.57143
6,29,13428.57143
6,30,13428.57143
6,31,13428.57143
6,32,13428.57143
6,33,13428.57143
6,34,13428.57143
6,35,13428.57143
6,36,13428.57143
6,37,13428.57143
6,38,13428.57143
6,39,13428.57143
6,40,13428.57143
6,41,13428.57143
6,42,13428.57143
6,43,13428.57143
6,44,13428.57143
6,45,13428.57143
6,46,13428.57143
6,47,13428.57143
6,48,13428.57143
6,49,13428.57143
7,0,11625
7,1,11625
7,2,11625
7,3,11625
7,4,11625
7,5,11625
7,6,11625
7,7,11625
7,8,11625
7,9,11625
7,10,11625
7,11,11625
7,12,11625
7,13,11625
7,14,11625
7,15,11625
7,16,11625
7,17,11625
7,18,11625
7,19,11625
7,20,11625
7,21,11625
7,22,11625
7,23,11625
7,24,11625
7,25,11625
7,26,11625
7,27,11625
7,28,11625
7,29,11625
7,30,11625
7,31,11625
7,32,11625
7,33,11625
7,34,11625
7,35,11625
7,36,11625
7,37,11625
7,38,11625
7,39,11625
7,40,11625
7,41,11625
7,42,11625
7,43,11625
7,44,11625
7,45,11625
7,46,11625
7,47,11625
7,48,11625
7,49,11625
8,0,10222.22222
8,1,10222.22222
8,2,10222.22222
8,3,10222.22222
8,4,10222.22222
8,5,10222.22222
8,6,10222.22222
8,7,10222.22222
8,8,10222.22222
8,9,10222.22222
8,10,10222.22222
8,11,10222.22222
8,12,10222.22222
8,13,10222.22222
8,14,10222.22222
8,15,10222.22222
8,16,10222.22222
8,17,10222.22222
8,18,10222.22222
8,19,10222.22222
8,20,10222.22222
8,21,10222.22222
8,22,10222.22222
8,23,10222.22222
8,24,10222.22222
8,25,10222.22222
8,26,10222.22222
8,27,10222.22222
8,28,10222.22222
8,29,10222.22222
8,30,10222.22222
8,31,10222.22222
8,32,10222.22222
8,33,10222.22222
8,34,10222.22222
8,35,10222.22222
8,36,10222.22222
8,37,10222.22222
8,38,10222.22222
8,39,10222.22222
8,40,10222.22222
8,41,10222.22222
8,42,10222.22222
8,43,10222.22222
8,44,10222.22222
8,45,10222.22222
8,46,10222.22222
8,47,10222.22222
8,48,10222.22222
8,49,10222.22222
9,0,9100
9,1,9100
9,2,9100
9,3,9100
9,4,9100
9,5,9100
9,6,9100
9,7,9100
9,8,9100
9,9,9100
9,10,9100
9,11,9100
9,12,9100
9,13,9100
9,14,9100
9,15,9100
9,16,9100
9,17,9100
9,18,9100
9,19,9100
9,20,9100
9,21,9100
9,22,9100
9,23,9100
9,24,9100
9,25,9100
9,26,9100
9,27,9100
9,28,9100
9,29,9100
9,30,9100
9,31,9100
9,32,9100
9,33,9100
9,34,9100
9,35,9100
9,36,9100
9,37,9100
9,38,9100
9,39,9100
9,40,9100
9,41,9100
9,42,9100
9,43,9100
9,44,9100
9,45,9100
9,46,9100
9,47,9100
9,48,9100
9,49,9100
10,0,8181.818182
10,1,8181.818182
10,2,8181.818182
10,3,8181.818182
10,4,8181.818182
10,5,8181.818182
10,6,8181.818182
10,7,8181.818182
10,8,8181.818182
10,9,8181.818182
10,10,8181.818182
10,11,8181.818182
10,12,8181.818182
10,13,8181.818182
10,14,8181.818182
10,15,8181.818182
10,16,8181.818182
10,17,8181.818182
10,18,8181.818182
10,19,8181.818182
10,20,8181.818182
10,21,8181.818182
10,22,8181.818182
10,23,8181.818182
10,24,8181.818182
10,25,8181.818182
10,26,8181.818182
10,27,8181.818182
10,28,8181.818182
10,29,8181.818182
10,30,8181.818182
10,31,8181.818182
10,32,8181.818182
10,33,8181.818182
10,34,8181.818182
10,35,8181.818182
10,36,8181.818182
10,37,8181.818182
10,38,8181.818182
10,39,8181.818182
10,40,8181.818182
10,41,8181.818182
10,42,8181.818182
10,43,8181.818182
10,44,8181.818182
10,45,8181.818182
10,46,8181.818182
10,47,8181.818182
10,48,8181.818182
10,49,8181.818182
11,0,7416.666667
11,1,7416.666667
11,2,7416.666667
11,3,7416.666667
11,4,7416.666667
11,5,7416.666667
11,6,7416.666667
11,7,7416.666667
11,8,7416.666667
11,9,7416.666667
11,10,7416.666667
11,11,7416.666667
11,12,7416.666667
11,13,7416.666667
11,14,7416.666667
11,15,7416.666667
11,16,7416.666667
11,17,7416.666667
11,18,7416.666667
11,19,7416.666667
11,20,7416.666667
11,21,7416.666667
11,22,7416.666667
11,23,7416.666667
11,24,7416.666667
11,25,7416.666667
11,26,7416.666667
11,27,7416.666667
11,28,7416.666667
11,29,7416.666667
11,30,7416.666667
11,31,7416.666667
11,32,7416.666667
11,33,7416.666667
11,34,7416.666667
11,35,7416.666667
11,36,7416.666667
11,37,7416.666667
11,38,7416.666667
11,39,7416.666667
11,40,7416.666667
11,41,7416.666667
11,42,7416.666667
11,43,7416.666667
11,44,7416.666667
11,45,7416.666667
11,46,7416.666667
11,47,7416.666667
11,48,7416.666667
11,49,7416.666667
12,0,6769.230769
12,1,6769.230769
12,2,6769.230769
12,3,6769.230769
12,4,6769.230769
12,5,6769.230769
12,6,6769.230769
12,7,6769.230769
12,8,6769.230769
12,9,6769.230769
12,10,6769.230769
12,11,6769.230769
12,12,6769.230769
12,13,6769.230769
12,14,6769.230769
12,15,6769.230769
12,16,6769.230769
12,17,6769.230769
12,18,6769.230769
12,19,6769.230769
12,20,6769.230769
12,21,6769.230769
12,22,6769.230769
12,23,6769.230769
12,24,6769.230769
12,25,6769.230769
12,26,6769.230769
12,27,6769.230769
12,28,6769.230769
12,29,6769.230769
12,30,6769.230769
12,31,6769.230769
12,32,6769.230769
12,33,6769.230769
12,34,6769.230769
12,35,6769.230769
12,36,6769.230769
12,37,6769.230769
12,38,6769.230769
12,39,6769.230769
12,40,6769.230769
12,41,6769.230769
12,42,6769.230769
12,43,6769.230769
12,44,6769.230769
12,45,6769.230769
12,46,6769.230769
12,47,6769.230769
12,48,6769.230769
12,49,6769.230769
13,0,6214.285714
13,1,6214.285714
13,2,6214.285714
13,3,6214.285714
13,4,6214.285714
13,5,6214.285714
13,6,6214.285714
13,7,6214.285714
13,8,6214.285714
13,9,6214.285714
13,10,6214.285714
13,11,6214.285714
13,12,6214.285714
13,13,6214.285714
13,14,6214.285714
13,15,6214.285714
13,16,6214.285714
13,17,6214.285714
13,18,6214.285714
13,19,6214.285714
13,20,6214.285714
13,21,6214.285714
13,22,6214.285714
13,23,6214.285714
13,24,6214.285714
13,25,6214.285714
13,26,6214.285714
13,27,6214.285714
13,28,6214.285714
13,29,6214.285714
13,30,6214.285714
13,31,6214.285714
13,32,6214.285714
13,33,6214.285714
13,34,6214.285714
13,35,6214.285714
13,36,6214.285714
13,37,6214.285714
13,38,6214.285714
13,39,6214.285714
13,40,6214.285714
13,41,6214.285714
13,42,6214.285714
13,43,6214.285714
13,44,6214.285714
13,45,6214.285714
13,46,6214.285714
13,47,6214.285714
13,48,6214.285714
13,49,6214.285714
14,0,5733.333333
14,1,5733.333333
14,2,5733.333333
14,3,5733.333333
14,4,5733.333333
14,5,5733.333333
14,6,5733.333333
14,7,5733.333333
14,8,5733.333333
14,9,5733.333333
14,10,5733.333333
14,11,5733.333333
14,12,5733.333333
14,13,5733.333333
14,14,5733.333333
14,15,5733.333333
14,16,5733.333333
14,17,5733.333333
14,18,5733.333333
14,19,5733.333333
14,20,5733.333333
14,21,5733.333333
14,22,5733.333333
14,23,5733.333333
14,24,5733.333333
14,25,5733.333333
14,26,5733.333333
14,27,5733.333333
14,28,5733.333333
14,29,5733.333333
14,30,5733.333333
14,31,5733.333333
14,32,5733.333333
14,33,5733.333333
14,34,5733.333333
14,35,5733.333333
14,36,5733.333333
14,37,5733.333333
14,38,5733.333333
14,39,5733.333333
14,40,5733.333333
14,41,5733.333333
14,42,5733.333333
14,43,5733.333333
14,44,5733.333333
14,45,5733.333333
14,46,5733.333333
14,47,5733.333333
14,48,5733.333333
14,49,5733.333333
15,0,5312.5
15,1,5312.5
15,2,5312.5
15,3,5312.5
15,4,5312.5
15,5,5312.5
15,6,5312.5
15,7,5312.5
15,8,5312.5
15,9,5312.5
15,10,5312.5
15,11,5312.5
15,12,5312.5
15,13,5312.5
15,14,5312.5
15,15,5312.5
15,16,5312.5
15,17,5312.5
15,18,5312.5
15,19,5312.5
15,20,5312.5
15,21,5312.5
15,22,5312.5
15,23,5312.5
15,24,5312.5
15,25,5312.5
15,26,5312.5
15,27,5312.5
15,28,5312.5
15,29,5312.5
15,30,5312.5
15,31,5312.5
15,32,5312.5
15,33,5312.5
15,34,5312.5
15,35,5312.5
15,36,5312.5
15,37,5312.5
15,38,5312.5
15,39,5312.5
15,40,5312.5
15,41,5312.5
15,42,5312.5
15,43,5312.5
15,44,5312.5
15,45,5312.5
15,46,5312.5
15,47,5312.5
15,48,5312.5
15,49,5312.5
16,0,4941.176471
16,1,4941.176471
16,2,4941.176471
16,3,4941.176471
16,4,4941.176471
16,5,4941.176471
16,6,4941.176471
16,7,4941.176471
16,8,4941.176471
16,9,4941.176471
16,10,4941.176471
16,11,4941.176471
16,12,4941.176471
16,13,4941.176471
16,14,4941.176471
16,15,4941.176471
16,16,4941.176471
16,17,4941.176471
16,18,4941.176471
16,19,4941.176471
16,20,4941.176471
16,21,4941.176471
16,22,4941.176471
16,23,4941.176471
16,24,4941.176471
16,25,4941.176471
16,26,4941.176471
16,27,4941.176471
16,28,4941.176471
16,29,4941.176471
16,30,4941.176471
16,31,4941.176471
16,32,4941.176471
16,33,4941.176471
16,34,4941.176471
16,35,4941.176471
16,36,4941.176471
16,37,4941.176471
16,38,4941.176471
16,39,4941.176471
16,40,4941.176471
16,41,4941.176471
16,42,4941.176471
16,43,4941.176471
16,44,4941.176471
16,45,4941.176471
16,46,4941.176471
16,47,4941.176471
16,48,4941.176471
16,49,4941.176471
17,0,4611.111111
17,1,4611.111111
17,2,4611.111111
17,3,4611.111111
17,4,4611.111111
17,5,4611.111111
17,6,4611.111111
17,7,4611.111111
17,8,4611.111111
17,9,4611.111111
17,10,4611.111111
17,11,4611.111111
17,12,4611.111111
17,13,4611.111111
17,14,4611.111111
17,15,4611.111111
17,16,4611.111111
17,17,4611.111111
17,18,4611.111111
17,19,4611.111111
17,20,4611.111111
17,21,4611.111111
17,22,4611.111111
17,23,4611.111111
17,24,4611.111111
17,25,4611.111111
17,26,4611.111111
17,27,4611.111111
17,28,4611.111111
17,29,4611.111111
17,30,4611.111111
17,31,4611.111111
17,32,4611.111111
17,33,4611.111111
17,34,4611.111111
17,35,4611.111111
17,36,4611.111111
17,37,4611.111111
17,38,4611.111111
17,39,4611.111111
17,40,4611.111111
17,41,4611.111111
17,42,4611.111111
17,43,4611.111111
17,44,4611.111111
17,45,4611.111111
17,46,4611.111111
17,47,4611.111111
17,48,4611.111111
17,49,4611.111111
18,0,4315.789474
18,1,4315.789474
18,2,4315.789474
18,3,4315.789474
18,4,4315.789474
18,5,4315.789474
18,6,4315.789474
18,7,4315.789474
18,8,4315.789474
18,9,4315.789474
18,10,4315.789474
18,11,4315.789474
18,12,4315.789474
18,13,4315.789474
18,14,4315.789474
18,15,4315.789474
18,16,4315.789474
18,17,4315.789474
18,18,4315.789474
18,19,4315.789474
18,20,4315.789474
18,21,4315.789474
18,22,4315.789474
18,23,4315.789474
18,24,4315.789474
18,25,4315.789474
18,26,4315.789474
18,27,4315.789474
18,28,4315.789474
18,29,4315.789474
18,30,4315.789474
18,31,4315.789474
18,32,4315.789474
18,33,4315.789474
18,34,4315.789474
18,35,4315.789474
18,36,4315.789474
18,37,4315.789474
18,38,4315.789474
18,39,4315.789474
18,40,4315.789474
18,41,4315.789474
18,42,4315.789474
18,43,4315.789474
18,44,4315.789474
18,45,4315.789474
18,46,4315.789474
18,47,4315.789474
18,48,4315.789474
18,49,4315.789474
19,0,4050
19,1,4050
19,2,4050
19,3,4050
19,4,4050
19,5,4050
19,6,4050
19,7,4050
19,8,4050
19,9,4050
19,10,4050
19,11,4050
19,12,4050
19,13,4050
19,14,4050
19,15,4050
19,16,4050
19,17,4050
19,18,4050
19,19,4050
19,20,4050
19,21,4050
19,22,4050
19,23,4050
19,24,4050
19,25,4050
19,26,4050
19,27,4050
19,28,4050
19,29,4050
19,30,4050
19,31,4050
19,32,4050
19,33,4050
19,34,4050
19,35,4050
19,36,4050
19,37,4050
19,38,4050
19,39,4050
19,40,4050
19,41,4050
19,42,4050
19,43,4050
19,44,4050
19,45,4050
19,46,4050
19,47,4050
19,48,4050
19,49,4050
20,0,3809.52381
20,1,3809.52381
20,2,3809.52381
20,3,3809.52381
20,4,3809.52381
20,5,3809.52381
20,6,3809.52381
20,7,3809.52381
20,8,3809.52381
20,9,3809.52381
20,10,3809.52381
20,11,3809.52381
20,12,3809.52381
20,13,3809.52381
20,14,3809.52381
20,15,3809.52381
20,16,3809.52381
20,17,3809.52381
20,18,3809.52381
20,19,3809.52381
20,20,3809.52381
20,21,3809.52381
20,22,3809.52381
20,23,3809.52381
20,24,3809.52381
20,25,3809.52381
20,26,3809.52381
20,27,3809.52381
20,28,3809.52381
20,29,3809.52381
20,30,3809.52381
20,31,3809.52381
20,32,3809.52381
20,33,3809.52381
20,34,3809.52381
20,35,3809.52381
20,36,3809.52381
20,37,3809.52381
20,38,3809.52381
20,39,3809.52381
20,40,3809.52381
20,41,3809.52381
20,42,3809.52381
20,43,3809.52381
20,44,3809.52381
20,45,3809.52381
20,46,3809.52381
20,47,3809.52381
20,48,3809.52381
20,49,3809.52381
21,0,3590.909091
21,1,3590.909091
21,2,3590.909091
21,3,3590.909091
21,4,3590.909091
21,5,3590.909091
21,6,3590.909091
21,7,3590.909091
21,8,3590.909091
21,9,3590.909091
21,10,3590.909091
21,11,3590.909091
21,12,3590.909091
21,13,3590.909091
21,14,3590.909091
21,15,3590.909091
21,16,3590.909091
21,17,3590.909091
21,18,3590.909091
21,19,3590.909091
21,20,3590.909091
21,21,3590.909091
21,22,3590.909091
21,23,3590.909091
21,24,3590.909091
21,25,3590.909091
21,26,3590.909091
21,27,3590.909091
21,28,3590.909091
21,29,3590.909091
21,30,3590.909091
21,31,3590.909091
21,32,3590.909091
21,33,3590.909091
21,34,3590.909091
21,35,3590.909091
21,36,3590.909091
21,37,3590.909091
21,38,3590.909091
21,39,3590.909091
21,40,3590.909091
21,41,3590.909091
21,42,3590.909091
21,43,3590.909091
21,44,3590.909091
21,45,3590.909091
21,46,3590.909091
21,47,3590.909091
21,48,3590.909091
21,49,3590.909091
22,0,3391.304348
22,1,3391.304348
22,2,3391.304348
22,3,3391.304348
22,4,3391.304348
22,5,3391.304348
22,6,3391.304348
22,7,3391.304348
22,8,3391.304348
22,9,3391.304348
22,10,3391.304348
22,11,3391.304348
22,12,3391.304348
22,13,3391.304348
22,14,3391.304348
22,15,3391.304348
22,16,3391.304348
22,17,3391.304348
22,18,3391.304348
22,19,3391.304348
22,20,3391.304348
22,21,3391.304348
22,22,3391.304348
22,23,3391.304348
22,24,3391.304348
22,25,3391.304348
22,26,3391.304348
22,27,3391.304348
22,28,3391.304348
22,29,3391.304348
22,30,3391.304348
22,31,3391.304348
22,32,3391.304348
22,33,3391.304348
22,34,3391.304348
22,35,3391.304348
22,36,3391.304348
22,37,3391.304348
22,38,3391.304348
22,39,3391.304348
22,40,3391.304348
22,41,3391.304348
22,42,3391.304348
22,43,3391.304348
22,44,3391.304348
22,45,3391.304348
22,46,3391.304348
22,47,3391.304348
22,48,3391.304348
22,49,3391.304348
23,0,3208.333333
23,1,3208.333333
23,2,3208.333333
23,3,3208.333333
23,4,3208.333333
23,5,3208.333333
23,6,3208.333333
23,7,3208.333333
23,8,3208.333333
23,9,3208.333333
23,10,3208.333333
23,11,3208.333333
23,12,3208.333333
23,13,3208.333333
23,14,3208.333333
23,15,3208.333333
23,16,3208.333333
23,17,3208.333333
23,18,3208.333333
23,19,3208.333333
23,20,3208.333333
23,21,3208.333333
23,22,3208.333333
23,23,3208.333333
23,24,3208.333333
23,25,3208.333333
23,26,3208.333333
23,27,3208.333333
23,28,3208.333333
23,29,3208.333333
23,30,3208.333333
23,31,3208.333333
23,32,3208.333333
23,33,3208.333333
23,34,3208.333333
23,35,3208.333333
23,36,3208.333333
23,37,3208.333333
23,38,3208.333333
23,39,3208.333333
23,40,3208.333333
23,41,3208.333333
23,42,3208.333333
23,43,3208.333333
23,44,3208.333333
23,45,3208.333333
23,46,3208.333333
23,47,3208.333333
23,48,3208.333333
23,49,3208.333333
24,0,3040
24,1,3040
24,2,3040
24,3,3040
24,4,3040
24,5,3040
24,6,3040
24,7,3040
24,8,3040
24,9,3040
24,10,3040
24,11,3040
24,12,3040
24,13,3040
24,14,3040
24,15,3040
24,16,3040
24,17,3040
24,18,3040
24,19,3040
24,20,3040
24,21,3040
24,22,3040
24,23,3040
24,24,3040
24,25,3040
24,26,3040
24,27,3040
24,28,3040
24,29,3040
24,30,3040
24,31,3040
24,32,3040
24,33,3040
24,34,3040
24,35,3040
24,36,3040
24,37,3040
24,38,3040
24,39,3040
24,40,3040
24,41,3040
24,42,3040
24,43,3040
24,44,3040
24,45,3040
24,46,3040
24,47,3040
24,48,3040
24,49,3040
25,0,2884.615385
25,1,2884.615385
25,2,2884.615385
25,3,2884.615385
25,4,2884.615385
25,5,2884.615385
25,6,2884.615385
25,7,2884.615385
25,8,2884.615385
25,9,2884.615385
25,10,2884.615385
25,11,2884.615385
25,12,2884.615385
25,13,2884.615385
25,14,2884.615385
25,15,2884.615385
25,16,2884.615385
25,17,2884.615385
25,18,2884.615385
25,19,2884.615385
25,20,2884.615385
25,21,2884.615385
25,22,2884.615385
25,23,2884.615385
25,24,2884.615385
25,25,2884.615385
25,26,2884.615385
25,27,2884.615385
25,28,2884.615385
25,29,2884.615385
25,30,2884.615385
25,31,2884.615385
25,32,2884.615385
25,33,2884.615385
25,34,2884.615385
25,35,2884.615385
25,36,2884.615385
25,37,2884.615385
25,38,2884.615385
25,39,2884.615385
25,40,2884.615385
25,41,2884.615385
25,42,2884.615385
25,43,2884.615385
25,44,2884.615385
25,45,2884.615385
25,46,2884.615385
25,47,2884.615385
25,48,2884.615385
25,49,2884.615385
26,0,2740.740741
26,1,2740.740741
26,2,2740.740741
26,3,2740.740741
26,4,2740.740741
26,5,2740.740741
26,6,2740.740741
26,7,2740.740741
26,8,2740.740741
26,9,2740.740741
26,10,2740.740741
26,11,2740.740741
26,12,2740.740741
26,13,2740.740741
26,14,2740.740741
26,15,2740.740741
26,16,2740.740741
26,17,2740.740741
26,18,2740.740741
26,19,2740.740741
26,20,2740.740741
26,21,2740.740741
26,22,2740.740741
26,23,2740.740741
26,24,2740.740741
26,25,2740.740741
26,26,2740.740741
26,27,2740.740741
26,28,2740.740741
26,29,2740.740741
26,30,2740.740741
26,31,2740.740741
26,32,2740.740741
26,33,2740.740741
26,34,2740.740741
26,35,2740.740741
26,36,2740.740741
26,37,2740.740741
26,38,2740.740741
26,39,2740.740741
26,40,2740.740741
26,41,2740.740741
26,42,2740.740741
26,43,2740.740741
26,44,2740.740741
26,45,2740.740741
26,46,2740.740741
26,47,2740.740741
26,48,2740.740741
26,49,2740.740741
27,0,2607.142857
27,1,2607.142857
27,2,2607.142857
27,3,2607.142857
27,4,2607.142857
27,5,2607.142857
27,6,2607.142857
27,7,2607.142857
27,8,2607.142857
27,9,2607.142857
27,10,2607.142857
27,11,2607.142857
27,12,2607.142857
27,13,2607.142857
27,14,2607.142857
27,15,2607.142857
27,16,2607.142857
27,17,2607.142857
27,18,2607.142857
27,19,2607.142857
27,20,2607.142857
27,21,2607.142857
27,22,2607.142857
27,23,2607.142857
27,24,2607.142857
27,25,2607.142857
27,26,2607.142857
27,27,2607.142857
27,28,2607.142857
27,29,2607.142857
27,30,2607.142857
27,31,2607.142857
27,32,2607.142857
27,33,2607.142857
27,34,2607.142857
27,35,2607.142857
27,36,2607.142857
27,37,2607.142857
27,38,2607.142857
27,39,2607.142857
27,40,2607.142857
27,41,2607.142857
27,42,2607.142857
27,43,2607.142857
27,44,2607.142857
27,45,2607.142857
27,46,2607.142857
27,47,2607.142857
27,48,2607.142857
27,49,2607.142857
28,0,2482.758621
28,1,2482.758621
28,2,2482.758621
28,3,2482.758621
28,4,2482.758621
28,5,2482.758621
28,6,2482.758621
28,7,2482.758621
28,8,2482.758621
28,9,2482.758621
28,10,2482.758621
28,11,2482.758621
28,12,2482.758621
28,13,2482.758621
28,14,2482.758621
28,15,2482.758621
28,16,2482.758621
28,17,2482.758621
28,18,2482.758621
28,19,2482.758621
28,20,2482.758621
28,21,2482.758621
28,22,2482.758621
28,23,2482.758621
28,24,2482.758621
28,25,2482.758621
28,26,2482.758621
28,27,2482.758621
28,28,2482.758621
28,29,2482.758621
28,30,2482.758621
28,31,2482.758621
28,32,2482.758621
28,33,2482.758621
28,34,2482.758621
28,35,2482.758621
28,36,2482.758621
28,37,2482.758621
28,38,2482.758621
28,39,2482.758621
28,40,2482.758621
28,41,2482.758621
28,42,2482.758621
28,43,2482.758621
28,44,2482.758621
28,45,2482.758621
28,46,2482.758621
28,47,2482.758621
28,48,2482.758621
28,49,2482.758621
29,0,2366.666667
29,1,2366.666667
29,2,2366.666667
29,3,2366.666667
29,4,2366.666667
29,5,2366.666667
29,6,2366.666667
29,7,2366.666667
29,8,2366.666667
29,9,2366.666667
29,10,2366.666667
29,11,2366.666667
29,12,2366.666667
29,13,2366.666667
29,14,2366.666667
29,15,2366.666667
29,16,2366.666667
29,17,2366.666667
29,18,2366.666667
29,19,2366.666667
29,20,2366.666667
29,21,2366.666667
29,22,2366.666667
29,23,2366.666667
29,24,2366.666667
29,25,2366.666667
29,26,2366.666667
29,27,2366.666667
29,28,2366.666667
29,29,2366.666667
29,30,2366.666667
29,31,2366.666667
29,32,2366.666667
29,33,2366.666667
29,34,2366.666667
29,35,2366.666667
29,36,2366.666667
29,37,2366.666667
29,38,2366.666667
29,39,2366.666667
29,40,2366.666667
29,41,2366.666667
29,42,2366.666667
29,43,2366.666667
29,44,2366.666667
29,45,2366.666667
29,46,2366.666667
29,47,2366.666667
29,48,2366.666667
29,49,2366.666667
30,0,2258.064516
30,1,2258.064516
30,2,2258.064516
30,3,2258.064516
30,4,2258.064516
30,5,2258.064516
30,6,2258.064516
30,7,2258.064516
30,8,2258.064516
30,9,2258.064516
30,10,2258.064516
30,11,2258.064516
30,12,2258.064516
30,13,2258.064516
30,14,2258.064516
30,15,2258.064516
30,16,2258.064516
30,17,2258.064516
30,18,2258.064516
30,19,2258.064516
30,20,2258.064516
30,21,2258.064516
30,22,2258.064516
30,23,2258.064516
30,24,2258.064516
30,25,2258.064516
30,26,2258.064516
30,27,2258.064516
30,28,2258.064516
30,29,2258.064516
30,30,2258.064516
30,31,2258.064516
30,32,2258.064516
30,33,2258.064516
30,34,2258.064516
30,35,2258.064516
30,36,2258.064516
30,37,2258.064516
30,38,2258.064516
30,39,2258.064516
30,40,2258.064516
30,41,2258.064516
30,42,2258.064516
30,43,2258.064516
30,44,2258.064516
30,45,2258.064516
30,46,2258.064516
30,47,2258.064516
30,48,2258.064516
30,49,2258.064516
31,0,2156.25
31,1,2156.25
31,2,2156.25
31,3,2156.25
31,4,2156.25
31,5,2156.25
31,6,2156.25
31,7,2156.25
31,8,2156.25
31,9,2156.25
31,10,2156.25
31,11,2156.25
31,12,2156.25
31,13,2156.25
31,14,2156.25
31,15,2156.25
31,16,2156.25
31,17,2156.25
31,18,2156.25
31,19,2156.25
31,20,2156.25
31,21,2156.25
31,22,2156.25
31,23,2156.25
31,24,2156.25
31,25,2156.25
31,26,2156.25
31,27,2156.25
31,28,2156.25
31,29,2156.25
31,30,2156.25
31,31,2156.25
31,32,2156.25
31,33,2156.25
31,34,2156.25
31,35,2156.25
31,36,2156.25
31,37,2156.25
31,38,2156.25
31,39,2156.25
31,40,2156.25
31,41,2156.25
31,42,2156.25
31,43,2156.25
31,44,2156.25
31,45,2156.25
31,46,2156.25
31,47,2156.25
31,48,2156.25
31,49,2156.25
32,0,2060.606061
32,1,2060.606061
32,2,2060.606061
32,3,2060.606061
32,4,2060.606061
32,5,2060.606061
32,6,2060.606061
32,7,2060.606061
32,8,2060.606061
32,9,2060.606061
32,10,2060.606061
32,11,2060.606061
32,12,2060.606061
32,13,2060.606061
32,14,2060.606061
32,15,2060.606061
32,16,2060.606061
32,17,2060.606061
32,18,2060.606061
32,19,2060.606061
32,20,2060.606061
32,21,2060.606061
32,22,2060.606061
32,23,2060.606061
32,24,2060.606061
32,25,2060.606061
32,26,2060.606061
32,27,2060.606061
32,28,2060.606061
32,29,2060.606061
32,30,2060.606061
32,31,2060.606061
32,32,2060.606061
32,33,2060.606061
32,34,2060.606061
32,35,2060.606061
32,36,2060.606061
32,37,2060.606061
32,38,2060.606061
32,39,2060.606061
32,40,2060.606061
32,41,2060.606061
32,42,2060.606061
32,43,2060.606061
32,44,2060.606061
32,45,2060.606061
32,46,2060.606061
32,47,2060.606061
32,48,2060.606061
32,49,2060.606061
33,0,1970.588235
33,1,1970.588235
33,2,1970.588235
33,3,1970.588235
33,4,1970.588235
33,5,1970.588235
33,6,1970.588235
33,7,1970.588235
33,8,1970.588235
33,9,1970.588235
33,10,1970.588235
33,11,1970.588235
33,12,1970.588235
33,13,1970.588235
33,14,1970.588235
33,15,1970.588235
33,16,1970.588235
33,17,1970.588235
33,18,1970.588235
33,19,1970.588235
33,20,1970.588235
33,21,1970.588235
33,22,1970.588235
33,23,1970.588235
33,24,1970.588235
33,25,1970.588235
33,26,1970.588235
33,27,1970.588235
33,28,1970.588235
33,29,1970.588235
33,30,1970.588235
33,31,1970.588235
33,32,1970.588235
33,33,1970.588235
33,34,1970.588235
33,35,1970.588235
33,36,1970.588235
33,37,1970.588235
33,38,1970.588235
33,39,1970.588235
33,40,1970.588235
33,41,1970.588235
33,42,1970.588235
33,43,1970.588235
33,44,1970.588235
33,45,1970.588235
33,46,1970.588235
33,47,1970.588235
33,48,1970.588235
33,49,1970.588235
34,0,1885.714286
34,1,1885.714286
34,2,1885.714286
34,3,1885.714286
34,4,1885.714286
34,5,1885.714286
34,6,1885.714286
34,7,1885.714286
34,8,1885.714286
34,9,1885.714286
34,10,1885.714286
34,11,1885.714286
34,12,1885.714286
34,13,1885.714286
34,14,1885.714286
34,15,1885.714286
34,16,1885.714286
34,17,1885.714286
34,18,1885.714286
34,19,1885.714286
34,20,1885.714286
34,21,1885.714286
34,22,1885.714286
34,23,1885.714286
34,24,1885.714286
34,25,1885.714286
34,26,1885.714286
34,27,1885.714286
34,28,1885.714286
34,29,1885.714286
34,30,1885.714286
34,31,1885.714286
34,32,1885.714286
34,33,1885.714286
34,34,1885.714286
34,35,1885.714286
34,36,1885.714286
34,37,1885.714286
34,38,1885.714286
34,39,1885.714286
34,40,1885.714286
34,41,1885.714286
34,42,1885.714286
34,43,1885.714286
34,44,1885.714286
34,45,1885.714286
34,46,1885.714286
34,47,1885.714286
34,48,1885.714286
34,49,1885.714286
35,0,1805.555556
35,1,1805.555556
35,2,1805.555556
35,3,1805.555556
35,4,1805.555556
35,5,1805.555556
35,6,1805.555556
35,7,1805.555556
35,8,1805.555556
35,9,1805.555556
35,10,1805.555556
35,11,1805.555556
35,12,1805.555556
35,13,1805.555556
35,14,1805.555556
35,15,1805.555556
35,16,1805.555556
35,17,1805.555556
35,18,1805.555556
35,19,1805.555556
35,20,1805.555556
35,21,1805.555556
35,22,1805.555556
35,23,1805.555556
35,24,1805.555556
35,25,1805.555556
35,26,1805.555556
35,27,1805.555556
35,28,1805.555556
35,29,1805.555556
35,30,1805.555556
35,31,1805.555556
35,32,1805.555556
35,33,1805.555556
35,34,1805.555556
35,35,1805.555556
35,36,1805.555556
35,37,1805.555556
35,38,1805.555556
35,39,1805.555556
35,40,1805.555556
35,41,1805.555556
35,42,1805.555556
35,43,1805.555556
35,44,1805.555556
35,45,1805.555556
35,46,1805.555556
35,47,1805.555556
35,48,1805.555556
35,49,1805.555556
36,0,1729.72973
36,1,1729.72973
36,2,1729.72973
36,3,1729.72973
36,4,1729.72973
36,5,1729.72973
36,6,1729.72973
36,7,1729.72973
36,8,1729.72973
36,9,1729.72973
36,10,1729.72973
36,11,1729.72973
36,12,1729.72973
36,13,1729.72973
36,14,1729.72973
36,15,1729.72973
36,16,1729.72973
36,17,1729.72973
36,18,1729.72973
36,19,1729.72973
36,20,1729.72973
36,21,1729.72973
36,22,1729.72973
36,23,1729.72973
36,24,1729.72973
36,25,1729.72973
36,26,1729.72973
36,27,1729.72973
36,28,1729.72973
36,29,1729.72973
36,30,1729.72973
36,31,1729.72973
36,32,1729.72973
36,33,1729.72973
36,34,1729.72973
36,35,1729.72973
36,36,1729.72973
36,37,1729.72973
36,38,1729.72973
36,39,1729.72973
36,40,1729.72973
36,41,1729.72973
36,42,1729.72973
36,43,1729.72973
36,44,1729.72973
36,45,1729.72973
36,46,1729.72973
36,47,1729.72973
36,48,1729.72973
36,49,1729.72973
37,0,1657.894737
37,1,1657.894737
37,2,1657.894737
37,3,1657.894737
37,4,1657.894737
37,5,1657.894737
37,6,1657.894737
37,7,1657.894737
37,8,1657.894737
37,9,1657.894737
37,10,1657.894737
37,11,1657.894737
37,12,1657.894737
37,13,1657.894737
37,14,1657.894737
37,15,1657.894737
37,16,1657.894737
37,17,1657.894737
37,18,1657.894737
37,19,1657.894737
37,20,1657.894737
37,21,1657.894737
37,22,1657.894737
37,23,1657.894737
37,24,1657.894737
37,25,1657.894737
37,26,1657.894737
37,27,1657.894737
37,28,1657.894737
37,29,1657.894737
37,30,1657.894737
37,31,1657.894737
37,32,1657.894737
37,33,1657.894737
37,34,1657.894737
37,35,1657.894737
37,36,1657.894737
37,37,1657.894737
37,38,1657.894737
37,39,1657.894737
37,40,1657.894737
37,41,1657.894737
37,42,1657.894737
37,43,1657.894737
37,44,1657.894737
37,45,1657.894737
37,46,1657.894737
37,47,1657.894737
37,48,1657.894737
37,49,1657.894737
38,0,1589.74359
38,1,1589.74359
38,2,1589.74359
38,3,1589.74359
38,4,1589.74359
38,5,1589.74359
38,6,1589.74359
38,7,1589.74359
38,8,1589.74359
38,9,1589.74359
38,10,1589.74359
38,11,1589.74359
38,12,1589.74359
38,13,1589.74359
38,14,1589.74359
38,15,1589.74359
38,16,1589.74359
38,17,1589.74359
38,18,1589.74359
38,19,1589.74359
38,20,1589.74359
38,21,1589.74359
38,22,1589.74359
38,23,1589.74359
38,24,1589.74359
38,25,1589.74359
38,26,1589.74359
38,27,1589.74359
38,28,1589.74359
38,29,1589.74359
38,30,1589.74359
38,31,1589.74359
38,32,1589.74359
38,33,1589.74359
38,34,1589.74359
38,35,1589.74359
38,36,1589.74359
38,37,1589.74359
38,38,1589.74359
38,39,1589.74359
38,40,1589.74359
38,41,1589.74359
38,42,1589.74359
38,43,1589.74359
38,44,1589.74359
38,45,1589.74359
38,46,1589.74359
38,47,1589.74359
38,48,1589.74359
38,49,1589.74359
39,0,1525
39,1,1525
39,2,1525
39,3,1525
39,4,1525
39,5,1525
39,6,1525
39,7,1525
39,8,1525
39,9,1525
39,10,1525
39,11,1525
39,12,1525
39,13,1525
39,14,1525
39,15,1525
39,16,1525
39,17,1525
39,18,1525
39,19,1525
39,20,1525
39,21,1525
39,22,1525
39,23,1525
39,24,1525
39,25,1525
39,26,1525
39,27,1525
39,28,1525
39,29,1525
39,30,1525
39,31,1525
39,32,1525
39,33,1525
39,34,1525
39,35,1525
39,36,1525
39,37,1525
39,38,1525
39,39,1525
39,40,1525
39,41,1525
39,42,1525
39,43,1525
39,44,1525
39,45,1525
39,46,1525
39,47,1525
39,48,1525
39,49,1525
40,0,1463.414634
40,1,1463.414634
40,2,1463.414634
40,3,1463.414634
40,4,1463.414634
40,5,1463.414634
40,6,1463.414634
40,7,1463.414634
40,8,1463.414634
40,9,1463.414634
40,10,1463.414634
40,11,1463.414634
40,12,1463.414634
40,13,1463.414634
40,14,1463.414634
40,15,1463.414634
40,16,1463.414634
40,17,1463.414634
40,18,1463.414634
40,19,1463.414634
40,20,1463.414634
40,21,1463.414634
40,22,1463.414634
40,23,1463.414634
40,24,1463.414634
40,25,1463.414634
40,26,1463.414634
40,27,1463.414634
40,28,1463.414634
40,29,1463.414634
40,30,1463.414634
40,31,1463.414634
40,32,1463.414634
40,33,1463.414634
40,34,1463.414634
40,35,1463.414634
40,36,1463.414634
40,37,1463.414634
40,38,1463.414634
40,39,1463.414634
40,40,1463.414634
40,41,1463.414634
40,42,1463.414634
40,43,1463.414634
40,44,1463.414634
40,45,1463.414634
40,46,1463.414634
40,47,1463.414634
40,48,1463.414634
40,49,1463.414634
41,0,1404.761905
41,1,1404.761905
41,2,1404.761905
41,3,1404.761905
41,4,1404.761905
41,5,1404.761905
41,6,1404.761905
41,7,1404.761905
41,8,1404.761905
41,9,1404.761905
41,10,1404.761905
41,11,1404.761905
41,12,1404.761905
41,13,1404.761905
41,14,1404.761905
41,15,1404.761905
41,16,1404.761905
41,17,1404.761905
41,18,1404.761905
41,19,1404.761905
41,20,1404.761905
41,21,1404.761905
41,22,1404.761905
41,23,1404.761905
41,24,1404.761905
41,25,1404.761905
41,26,1404.761905
41,27,1404.761905
41,28,1404.761905
41,29,1404.761905
41,30,1404.761905
41,31,1404.761905
41,32,1404.761905
41,33,1404.761905
41,34,1404.761905
41,35,1404.761905
41,36,1404.761905
41,37,1404.761905
41,38,1404.761905
41,39,1404.761905
41,40,1404.761905
41,41,1404.761905
41,42,1404.761905
41,43,1404.761905
41,44,1404.761905
41,45,1404.761905
41,46,1404.761905
41,47,1404.761905
41,48,1404.761905
41,49,1404.761905
42,0,1348.837209
42,1,1348.837209
42,2,1348.837209
42,3,1348.837209
42,4,1348.837209
42,5,1348.837209
42,6,1348.837209
42,7,1348.837209
42,8,1348.837209
42,9,1348.837209
42,10,1348.837209
42,11,1348.837209
42,12,1348.837209
42,13,1348.837209
42,14,1348.837209
42,15,1348.837209
42,16,1348.837209
42,17,1348.837209
42,18,1348.837209
42,19,1348.837209
42,20,1348.837209
42,21,1348.837209
42,22,1348.837209
42,23,1348.837209
42,24,1348.837209
42,25,1348.837209
42,26,1348.837209
42,27,1348.837209
42,28,1348.837209
42,29,1348.837209
42,30,1348.837209
42,31,1348.837209
42,32,1348.837209
42,33,1348.837209
42,34,1348.837209
42,35,1348.837209
42,36,1348.837209
42,37,1348.837209
42,38,1348.837209
42,39,1348.837209
42,40,1348.837209
42,41,1348.837209
42,42,1348.837209
42,43,1348.837209
42,44,1348.837209
42,45,1348.837209
42,46,1348.837209
42,47,1348.837209
42,48,1348.837209
42,49,1348.837209
43,0,1295.454545
43,1,1295.454545
43,2,1295.454545
43,3,1295.454545
43,4,1295.454545
43,5,1295.454545
43,6,1295.454545
43,7,1295.454545
43,8,1295.454545
43,9,1295.454545
43,10,1295.454545
43,11,1295.454545
43,12,1295.454545
43,13,1295.454545
43,14,1295.454545
43,15,1295.454545
43,16,1295.454545
43,17,1295.454545
43,18,1295.454545
43,19,1295.454545
43,20,1295.454545
43,21,1295.454545
43,22,1295.454545
43,23,1295.454545
43,24,1295.454545
43,25,1295.454545
43,26,1295.454545
43,27,1295.454545
43,28,1295.454545
43,29,1295.454545
43,30,1295.454545
43,31,1295.454545
43,32,1295.454545
43,33,1295.454545
43,34,1295.454545
43,35,1295.454545
43,36,1295.454545
43,37,1295.454545
43,38,1295.454545
43,39,1295.454545
43,40,1295.454545
43,41,1295.454545
43,42,1295.454545
43,43,1295.454545
43,44,1295.454545
43,45,1295.454545
43,46,1295.454545
43,47,1295.454545
43,48,1295.454545
43,49,1295.454545
44,0,1244.444444
44,1,1244.444444
44,2,1244.444444
44,3,1244.444444
44,4,1244.444444
44,5,1244.444444
44,6,1244.444444
44,7,1244.444444
44,8,1244.444444
44,9,1244.444444
44,10,1244.444444
44,11,1244.444444
44,12,1244.444444
44,13,1244.444444
44,14,1244.444444
44,15,1244.444444
44,16,1244.444444
44,17,1244.444444
44,18,1244.444444
44,19,1244.444444
44,20,1244.444444
44,21,1244.444444
44,22,1244.444444
44,23,1244.444444
44,24,1244.444444
44,25,1244.444444
44,26,1244.444444
44,27,1244.444444
44,28,1244.444444
44,29,1244.444444
44,30,1244.444444
44,31,1244.444444
44,32,1244.444444
44,33,1244.444444
44,34,1244.444444
44,35,1244.444444
44,36,1244.444444
44,37,1244.444444
44,38,1244.444444
44,39,1244.444444
44,40,1244.444444
44,41,1244.444444
44,42,1244.444444
44,43,1244.444444
44,44,1244.444444
44,45,1244.444444
44,46,1244.444444
44,47,1244.444444
44,48,1244.444444
44,49,1244.444444
45,0,1195.652174
45,1,1195.652174
45,2,1195.652174
45,3,1195.652174
45,4,1195.652174
45,5,1195.652174
45,6,1195.652174
45,7,1195.652174
45,8,1195.652174
45,9,1195.652174
45,10,1195.652174
45,11,1195.652174
45,12,1195.652174
45,13,1195.652174
45,14,1195.652174
45,15,1195.652174
45,16,1195.652174
45,17,1195.652174
45,18,1195.652174
45,19,1195.652174
45,20,1195.652174
45,21,1195.652174
45,22,1195.652174
45,23,1195.652174
45,24,1195.652174
45,25,1195.652174
45,26,1195.652174
45,27,1195.652174
45,28,1195.652174
45,29,1195.652174
45,30,1195.652174
45,31,1195.652174
45,32,1195.652174
45,33,1195.652174
45,34,1195.652174
45,35,1195.652174
45,36,1195.652174
45,37,1195.652174
45,38,1195.652174
45,39,1195.652174
45,40,1195.652174
45,41,1195.652174
45,42,1195.652174
45,43,1195.652174
45,44,1195.652174
45,45,1195.652174
45,46,1195.652174
45,47,1195.652174
45,48,1195.652174
45,49,1195.652174
46,0,1148.93617
46,1,1148.93617
46,2,1148.93617
46,3,1148.93617
46,4,1148.93617
46,5,1148.93617
46,6,1148.93617
46,7,1148.93617
46,8,1148.93617
46,9,1148.93617
46,10,1148.93617
46,11,1148.93617
46,12,1148.93617
46,13,1148.93617
46,14,1148.93617
46,15,1148.93617
46,16,1148.93617
46,17,1148.93617
46,18,1148.93617
46,19,1148.93617
46,20,1148.93617
46,21,1148.93617
46,22,1148.93617
46,23,1148.93617
46,24,1148.93617
46,25,1148.93617
46,26,1148.93617
46,27,1148.93617
46,28,1148.93617
46,29,1148.93617
46,30,1148.93617
46,31,1148.93617
46,32,1148.93617
46,33,1148.93617
46,34,1148.93617
46,35,1148.93617
46,36,1148.93617
46,37,1148.93617
46,38,1148.93617
46,39,1148.93617
46,40,1148.93617
46,41,1148.93617
46,42,1148.93617
46,43,1148.93617
46,44,1148.93617
46,45,1148.93617
46,46,1148.93617
46,47,1148.93617
46,48,1148.93617
46,49,1148.93617
47,0,1104.166667
47,1,1104.166667
47,2,1104.166667
47,3,1104.166667
47,4,1104.166667
47,5,1104.166667
47,6,1104.166667
47,7,1104.166667
47,8,1104.166667
47,9,1104.166667
47,10,1104.166667
47,11,1104.166667
47,12,1104.166667
47,13,1104.166667
47,14,1104.166667
47,15,1104.166667
47,16,1104.166667
47,17,1104.166667
47,18,1104.166667
47,19,1104.166667
47,20,1104.166667
47,21,1104.166667
47,22,1104.166667
47,23,1104.166667
47,24,1104.166667
47,25,1104.166667
47,26,1104.166667
47,27,1104.166667
47,28,1104.166667
47,29,1104.166667
47,30,1104.166667
47,31,1104.166667
47,32,1104.166667
47,33,1104.166667
47,34,1104.166667
47,35,1104.166667
47,36,1104.166667
47,37,1104.166667
47,38,1104.166667
47,39,1104.166667
47,40,1104.166667
47,41,1104.166667
47,42,1104.166667
47,43,1104.166667
47,44,1104.166667
47,45,1104.166667
47,46,1104.166667
47,47,1104.166667
47,48,1104.166667
47,49,1104.166667
48,0,1061.22449
48,1,1061.22449
48,2,1061.22449
48,3,1061.22449
48,4,1061.22449
48,5,1061.22449
48,6,1061.22449
48,7,1061.22449
48,8,1061.22449
48,9,1061.22449
48,10,1061.22449
48,11,1061.22449
48,12,1061.22449
48,13,1061.22449
48,14,1061.22449
48,15,1061.22449
48,16,1061.22449
48,17,1061.22449
48,18,1061.22449
48,19,1061.22449
48,20,1061.22449
48,21,1061.22449
48,22,1061.22449
48,23,1061.22449
48,24,1061.22449
48,25,1061.22449
48,26,1061.22449
48,27,1061.22449
48,28,1061.22449
48,29,1061.22449
48,30,1061.22449
48,31,1061.22449
48,32,1061.22449
48,33,1061.22449
48,34,1061.22449
48,35,1061.22449
48,36,1061.22449
48,37,1061.22449
48,38,1061.22449
48,39,1061.22449
48,40,1061.22449
48,41,1061.22449
48,42,1061.22449
48,43,1061.22449
48,44,1061.22449
48,45,1061.22449
48,46,1061.22449
48,47,1061.22449
48,48,1061.22449
48,49,1061.22449
49,0,1020
49,1,1020
49,2,1020
49,3,1020
49,4,1020
49,5,1020
49,6,1020
49,7,1020
49,8,1020
49,9,1020
49,10,1020
49,11,1020
49,12,1020
49,13,1020
49,14,1020
49,15,1020
49,16,1020
49,17,1020
49,18,1020
49,19,1020
49,20,1020
49,21,1020
49,22,1020
49,23,1020
49,24,1020
49,25,1020
49,26,1020
49,27,1020
49,28,1020
49,29,1020
49,30,1020
49,31,1020
49,32,1020
49,33,1020
49,34,1020
49,35,1020
49,36,1020
49,37,1020
49,38,1020
49,39,1020
49,40,1020
49,41,1020
49,42,1020
49,43,1020
49,44,1020
49,45,1020
49,46,1020
49,47,1020
49,48,1020
49,49,1020
50,0,980.3921569
50,1,980.3921569
50,2,980.3921569
50,3,980.3921569
50,4,980.3921569
50,5,980.3921569
50,6,980.3921569
50,7,980.3921569
50,8,980.3921569
50,9,980.3921569
50,10,980.3921569
50,11,980.3921569
50,12,980.3921569
50,13,980.3921569
50,14,980.3921569
50,15,980.3921569
50,16,980.3921569
50,17,980.3921569
50,18,980.3921569
50,19,980.3921569
50,20,980.3921569
50,21,980.3921569
50,22,980.3921569
50,23,980.3921569
50,24,980.3921569
50,25,980.3921569
50,26,980.3921569
50,27,980.3921569
50,28,980.3921569
50,29,980.3921569
50,30,980.3921569
50,31,980.3921569
50,32,980.3921569
50,33,980.3921569
50,34,980.3921569
50,35,980.3921569
50,36,980.3921569
50,37,980.3921569
50,38,980.3921569
50,39,980.3921569
50,40,980.3921569
50,41,980.3921569
50,42,980.3921569
50,43,980.3921569
50,44,980.3921569
50,45,980.3921569
50,46,980.3921569
50,47,980.3921569
50,48,980.3921569
50,49,980.3921569
51,0,942.3076923
51,1,942.3076923
51,2,942.3076923
51,3,942.3076923
51,4,942.3076923
51,5,942.3076923
51,6,942.3076923
51,7,942.3076923
51,8,942.3076923
51,9,942.3076923
51,10,942.3076923
51,11,942.3076923
51,12,942.3076923
51,13,942.3076923
51,14,942.3076923
51,15,942.3076923
51,16,942.3076923
51,17,942.3076923
51,18,942.3076923
51,19,942.3076923
51,20,942.3076923
51,21,942.3076923
51,22,942.3076923
51,23,942.3076923
51,24,942.3076923
51,25,942.3076923
51,26,942.3076923
51,27,942.3076923
51,28,942.3076923
51,29,942.3076923
51,30,942.3076923
51,31,942.3076923
51,32,942.3076923
51,33,942.3076923
51,34,942.3076923
51,35,942.3076923
51,36,942.3076923
51,37,942.3076923
51,38,942.3076923
51,39,942.3076923
51,40,942.3076923
51,41,942.3076923
51,42,942.3076923
51,43,942.3076923
51,44,942.3076923
51,45,942.3076923
51,46,942.3076923
51,47,942.3076923
51,48,942.3076923
51,49,942.3076923
52,0,905.6603774
52,1,905.6603774
52,2,905.6603774
52,3,905.6603774
52,4,905.6603774
52,5,905.6603774
52,6,905.6603774
52,7,905.6603774
52,8,905.6603774
52,9,905.6603774
52,10,905.6603774
52,11,905.6603774
52,12,905.6603774
52,13,905.6603774
52,14,905.6603774
52,15,905.6603774
52,16,905.6603774
52,17,905.6603774
52,18,905.6603774
52,19,905.6603774
52,20,905.6603774
52,21,905.6603774
52,22,905.6603774
52,23,905.6603774
52,24,905.6603774
52,25,905.6603774
52,26,905.6603774
52,27,905.6603774
52,28,905.6603774
52,29,905.6603774
52,30,905.6603774
52,31,905.6603774
52,32,905.6603774
52,33,905.6603774
52,34,905.6603774
52,35,905.6603774
52,36,905.6603774
52,37,905.6603774
52,38,905.6603774
52,39,905.6603774
52,40,905.6603774
52,41,905.6603774
52,42,905.6603774
52,43,905.6603774
52,44,905.6603774
52,45,905.6603774
52,46,905.6603774
52,47,905.6603774
52,48,905.6603774
52,49,905.6603774
53,0,870.3703704
53,1,870.3703704
53,2,870.3703704
53,3,870.3703704
53,4,870.3703704
53,5,870.3703704
53,6,870.3703704
53,7,870.3703704
53,8,870.3703704
53,9,870.3703704
53,10,870.3703704
53,11,870.3703704
53,12,870.3703704
53,13,870.3703704
53,14,870.3703704
53,15,870.3703704
53,16,870.3703704
53,17,870.3703704
53,18,870.3703704
53,19,870.3703704
53,20,870.3703704
53,21,870.3703704
53,22,870.3703704
53,23,870.3703704
53,24,870.3703704
53,25,870.3703704
53,26,870.3703704
53,27,870.3703704
53,28,870.3703704
53,29,870.3703704
53,30,870.3703704
53,31,870.3703704
53,32,870.3703704
53,33,870.3703704
53,34,870.3703704
53,35,870.3703704
53,36,870.3703704
53,37,870.3703704
53,38,870.3703704
53,39,870.3703704
53,40,870.3703704
53,41,870.3703704
53,42,870.3703704
53,43,870.3703704
53,44,870.3703704
53,45,870.3703704
53,46,870.3703704
53,47,870.3703704
53,48,870.3703704
53,49,870.3703704
54,0,836.3636364
54,1,836.3636364
54,2,836.3636364
54,3,836.3636364
54,4,836.3636364
54,5,836.3636364
54,6,836.3636364
54,7,836.3636364
54,8,836.3636364
54,9,836.3636364
54,10,836.3636364
54,11,836.3636364
54,12,836.3636364
54,13,836.3636364
54,14,836.3636364
54,15,836.3636364
54,16,836.3636364
54,17,836.3636364
54,18,836.3636364
54,19,836.3636364
54,20,836.3636364
54,21,836.3636364
54,22,836.3636364
54,23,836.3636364
54,24,836.3636364
54,25,836.3636364
54,26,836.3636364
54,27,836.3636364
54,28,836.3636364
54,29,836.3636364
54,30,836.3636364
54,31,836.3636364
54,32,836.3636364
54,33,836.3636364
54,34,836.3636364
54,35,836.3636364
54,36,836.3636364
54,37,836.3636364
54,38,836.3636364
54,39,836.3636364
54,40,836.3636364
54,41,836.3636364
54,42,836.3636364
54,43,836.3636364
54,44,836.3636364
54,45,836.3636364
54,46,836.3636364
54,47,836.3636364
54,48,836.3636364
54,49,836.3636364
55,0,803.5714286
55,1,803.5714286
55,2,803.5714286
55,3,803.5714286
55,4,803.5714286
55,5,803.5714286
55,6,803.5714286
55,7,803.5714286
55,8,803.5714286
55,9,803.5714286
55,10,803.5714286
55,11,803.5714286
55,12,803.5714286
55,13,803.5714286
55,14,803.5714286
55,15,803.5714286
55,16,803.5714286
55,17,803.5714286
55,18,803.5714286
55,19,803.5714286
55,20,803.5714286
55,21,803.5714286
55,22,803.5714286
55,23,803.5714286
55,24,803.5714286
55,25,803.5714286
55,26,803.5714286
55,27,803.5714286
55,28,803.5714286
55,29,803.5714286
55,30,803.5714286
55,31,803.5714286
55,32,803.5714286
55,33,803.5714286
55,34,803.5714286
55,35,803.5714286
55,36,803.5714286
55,37,803.5714286
55,38,803.5714286
55,39,803.5714286
55,40,803.5714286
55,41,803.5714286
55,42,803.5714286
55,43,803.5714286
55,44,803.5714286
55,45,803.5714286
55,46,803.5714286
55,47,803.5714286
55,48,803.5714286
55,49,803.5714286
56,0,771.9298246
56,1,771.9298246
56,2,771.9298246
56,3,771.9298246
56,4,771.9298246
56,5,771.9298246
56,6,771.9298246
56,7,771.9298246
56,8,771.9298246
56,9,771.9298246
56,10,771.9298246
56,11,771.9298246
56,12,771.9298246
56,13,771.9298246
56,14,771.9298246
56,15,771.9298246
56,16,771.9298246
56,17,771.9298246
56,18,771.9298246
56,19,771.9298246
56,20,771.9298246
56,21,771.9298246
56,22,771.9298246
56,23,771.9298246
56,24,771.9298246
56,25,771.9298246
56,26,771.9298246
56,27,771.9298246
56,28,771.9298246
56,29,771.9298246
56,30,771.9298246
56,31,771.9298246
56,32,771.9298246
56,33,771.9298246
56,34,771.9298246
56,35,771.9298246
56,36,771.9298246
56,37,771.9298246
56,38,771.9298246
56,39,771.9298246
56,40,771.9298246
56,41,771.9298246
56,42,771.9298246
56,43,771.9298246
56,44,771.9298246
56,45,771.9298246
56,46,771.9298246
56,47,771.9298246
56,48,771.9298246
56,49,771.9298246
57,0,741.3793103
57,1,741.3793103
57,2,741.3793103
57,3,741.3793103
57,4,741.3793103
57,5,741.3793103
57,6,741.3793103
57,7,741.3793103
57,8,741.3793103
57,9,741.3793103
57,10,741.3793103
57,11,741.3793103
57,12,741.3793103
57,13,741.3793103
57,14,741.3793103
57,15,741.3793103
57,16,741.3793103
57,17,741.3793103
57,18,741.3793103
57,19,741.3793103
57,20,741.3793103
57,21,741.3793103
57,22,741.3793103
57,23,741.3793103
57,24,741.3793103
57,25,741.3793103
57,26,741.3793103
57,27,741.3793103
57,28,741.3793103
57,29,741.3793103
57,30,741.3793103
57,31,741.3793103
57,32,741.3793103
57,33,741.3793103
57,34,741.3793103
57,35,741.3793103
57,36,741.3793103
57,37,741.3793103
57,38,741.3793103
57,39,741.3793103
57,40,741.3793103
57,41,741.3793103
57,42,741.3793103
57,43,741.3793103
57,44,741.3793103
57,45,741.3793103
57,46,741.3793103
57,47,741.3793103
57,48,741.3793103
57,49,741.3793103
58,0,711.8644068
58,1,711.8644068
58,2,711.8644068
58,3,711.8644068
58,4,711.8644068
58,5,711.8644068
58,6,711.8644068
58,7,711.8644068
58,8,711.8644068
58,9,711.8644068
58,10,711.8644068
58,11,711.8644068
58,12,711.8644068
58,13,711.8644068
58,14,711.8644068
58,15,711.8644068
58,16,711.8644068
58,17,711.8644068
58,18,711.8644068
58,19,711.8644068
58,20,711.8644068
58,21,711.8644068
58,22,711.8644068
58,23,711.8644068
58,24,711.8644068
58,25,711.8644068
58,26,711.8644068
58,27,711.8644068
58,28,711.8644068
58,29,711.8644068
58,30,711.8644068
58,31,711.8644068
58,32,711.8644068
58,33,711.8644068
58,34,711.8644068
58,35,711.8644068
58,36,711.8644068
58,37,711.8644068
58,38,711.8644068
58,39,711.8644068
58,40,711.8644068
58,41,711.8644068
58,42,711.8644068
58,43,711.8644068
58,44,711.8644068
58,45,711.8644068
58,46,711.8644068
58,47,711.8644068
58,48,711.8644068
58,49,711.8644068
59,0,683.3333333
59,1,683.3333333
59,2,683.3333333
59,3,683.3333333
59,4,683.3333333
59,5,683.3333333
59,6,683.3333333
59,7,683.3333333
59,8,683.3333333
59,9,683.3333333
59,10,683.3333333
59,11,683.3333333
59,12,683.3333333
59,13,683.3333333
59,14,683.3333333
59,15,683.3333333
59,16,683.3333333
59,17,683.3333333
59,18,683.3333333
59,19,683.3333333
59,20,683.3333333
59,21,683.3333333
59,22,683.3333333
59,23,683.3333333
59,24,683.3333333
59,25,683.3333333
59,26,683.3333333
59,27,683.3333333
59,28,683.3333333
59,29,683.3333333
59,30,683.3333333
59,31,683.3333333
59,32,683.3333333
59,33,683.3333333
59,34,683.3333333
59,35,683.3333333
59,36,683.3333333
59,37,683.3333333
59,38,683.3333333
59,39,683.3333333
59,40,683.3333333
59,41,683.3333333
59,42,683.3333333
59,43,683.3333333
59,44,683.3333333
59,45,683.3333333
59,46,683.3333333
59,47,683.3333333
59,48,683.3333333
59,49,683.3333333
60,0,655.7377049
60,1,655.7377049
60,2,655.7377049
60,3,655.7377049
60,4,655.7377049
60,5,655.7377049
60,6,655.7377049
60,7,655.7377049
60,8,655.7377049
60,9,655.7377049
60,10,655.7377049
60,11,655.7377049
60,12,655.7377049
60,13,655.7377049
60,14,655.7377049
60,15,655.7377049
60,16,655.7377049
60,17,655.7377049
60,18,655.7377049
60,19,655.7377049
60,20,655.7377049
60,21,655.7377049
60,22,655.7377049
60,23,655.7377049
60,24,655.7377049
60,25,655.7377049
60,26,655.7377049
60,27,655.7377049
60,28,655.7377049
60,29,655.7377049
60,30,655.7377049
60,31,655.7377049
60,32,655.7377049
60,33,655.7377049
60,34,655.7377049
60,35,655.7377049
60,36,655.7377049
60,37,655.7377049
60,38,655.7377049
60,39,655.7377049
60,40,655.7377049
60,41,655.7377049
60,42,655.7377049
60,43,655.7377049
60,44,655.7377049
60,45,655.7377049
60,46,655.7377049
60,47,655.7377049
60,48,655.7377049
60,49,655.7377049
61,0,629.0322581
61,1,629.0322581
61,2,629.0322581
61,3,629.0322581
61,4,629.0322581
61,5,629.0322581
61,6,629.0322581
61,7,629.0322581
61,8,629.0322581
61,9,629.0322581
61,10,629.0322581
61,11,629.0322581
61,12,629.0322581
61,13,629.0322581
61,14,629.0322581
61,15,629.0322581
61,16,629.0322581
61,17,629.0322581
61,18,629.0322581
61,19,629.0322581
61,20,629.0322581
61,21,629.0322581
61,22,629.0322581
61,23,629.0322581
61,24,629.0322581
61,25,629.0322581
61,26,629.0322581
61,27,629.0322581
61,28,629.0322581
61,29,629.0322581
61,30,629.0322581
61,31,629.0322581
61,32,629.0322581
61,33,629.0322581
61,34,629.0322581
61,35,629.0322581
61,36,629.0322581
61,37,629.0322581
61,38,629.0322581
61,39,629.0322581
61,40,629.0322581
61,41,629.0322581
61,42,629.0322581
61,43,629.0322581
61,44,629.0322581
61,45,629.0322581
61,46,629.0322581
61,47,629.0322581
61,48,629.0322581
61,49,629.0322581
62,0,603.1746032
62,1,603.1746032
62,2,603.1746032
62,3,603.1746032
62,4,603.1746032
62,5,603.1746032
62,6,603.1746032
62,7,603.1746032
62,8,603.1746032
62,9,603.1746032
62,10,603.1746032
62,11,603.1746032
62,12,603.1746032
62,13,603.1746032
62,14,603.1746032
62,15,603.1746032
62,16,603.1746032
62,17,603.1746032
62,18,603.1746032
62,19,603.1746032
62,20,603.1746032
62,21,603.1746032
62,22,603.1746032
62,23,603.1746032
62,24,603.1746032
62,25,603.1746032
62,26,603.1746032
62,27,603.1746032
62,28,603.1746032
62,29,603.1746032
62,30,603.1746032
62,31,603.1746032
62,32,603.1746032
62,33,603.1746032
62,34,603.1746032
62,35,603.1746032
62,36,603.1746032
62,37,603.1746032
62,38,603.1746032
62,39,603.1746032
62,40,603.1746032
62,41,603.1746032
62,42,603.1746032
62,43,603.1746032
62,44,603.1746032
62,45,603.1746032
62,46,603.1746032
62,47,603.1746032
62,48,603.1746032
62,49,603.1746032
63,0,578.125
63,1,578.125
63,2,578.125
63,3,578.125
63,4,578.125
63,5,578.125
63,6,578.125
63,7,578.125
63,8,578.125
63,9,578.125
63,10,578.125
63,11,578.125
63,12,578.125
63,13,578.125
63,14,578.125
63,15,578.125
63,16,578.125
63,17,578.125
63,18,578.125
63,19,578.125
63,20,578.125
63,21,578.125
63,22,578.125
63,23,578.125
63,24,578.125
63,25,578.125
63,26,578.125
63,27,578.125
63,28,578.125
63,29,578.125
63,30,578.125
63,31,578.125
63,32,578.125
63,33,578.125
63,34,578.125
63,35,578.125
63,36,578.125
63,37,578.125
63,38,578.125
63,39,578.125
63,40,578.125
63,41,578.125
63,42,578.125
63,43,578.125
63,44,578.125
63,45,578.125
63,46,578.125
63,47,578.125
63,48,578.125
63,49,578.125
64,0,553.8461538
64,1,553.8461538
64,2,553.8461538
64,3,553.8461538
64,4,553.8461538
64,5,553.8461538
64,6,553.8461538
64,7,553.8461538
64,8,553.8461538
64,9,553.8461538
64,10,553.8461538
64,11,553.8461538
64,12,553.8461538
64,13,553.8461538
64,14,553.8461538
64,15,553.8461538
64,16,553.8461538
64,17,553.8461538
64,18,553.8461538
64,19,553.8461538
64,20,553.8461538
64,21,553.8461538
64,22,553.8461538
64,23,553.8461538
64,24,553.8461538
64,25,553.8461538
64,26,553.8461538
64,27,553.8461538
64,28,553.8461538
64,29,553.8461538
64,30,553.8461538
64,31,553.8461538
64,32,553.8461538
64,33,553.8461538
64,34,553.8461538
64,35,553.8461538
64,36,553.8461538
64,37,553.8461538
64,38,553.8461538
64,39,553.8461538
64,40,553.8461538
64,41,553.8461538
64,42,553.8461538
64,43,553.8461538
64,44,553.8461538
64,45,553.8461538
64,46,553.8461538
64,47,553.8461538
64,48,553.8461538
64,49,553.8461538
65,0,530.3030303
65,1,530.3030303
65,2,530.3030303
65,3,530.3030303
65,4,530.3030303
65,5,530.3030303
65,6,530.3030303
65,7,530.3030303
65,8,530.3030303
65,9,530.3030303
65,10,530.3030303
65,11,530.3030303
65,12,530.3030303
65,13,530.3030303
65,14,530.3030303
65,15,530.3030303
65,16,530.3030303
65,17,530.3030303
65,18,530.3030303
65,19,530.3030303
65,20,530.3030303
65,21,530.3030303
65,22,530.3030303
65,23,530.3030303
65,24,530.3030303
65,25,530.3030303
65,26,530.3030303
65,27,530.3030303
65,28,530.3030303
65,29,530.3030303
65,30,530.3030303
65,31,530.3030303
65,32,530.3030303
65,33,530.3030303
65,34,530.3030303
65,35,530.3030303
65,36,530.3030303
65,37,530.3030303
65,38,530.3030303
65,39,530.3030303
65,40,530.3030303
65,41,530.3030303
65,42,530.3030303
65,43,530.3030303
65,44,530.3030303
65,45,530.3030303
65,46,530.3030303
65,47,530.3030303
65,48,530.3030303
65,49,530.3030303
66,0,507.4626866
66,1,507.4626866
66,2,507.4626866
66,3,507.4626866
66,4,507.4626866
66,5,507.4626866
66,6,507.4626866
66,7,507.4626866
66,8,507.4626866
66,9,507.4626866
66,10,507.4626866
66,11,507.4626866
66,12,507.4626866
66,13,507.4626866
66,14,507.4626866
66,15,507.4626866
66,16,507.4626866
66,17,507.4626866
66,18,507.4626866
66,19,507.4626866
66,20,507.4626866
66,21,507.4626866
66,22,507.4626866
66,23,507.4626866
66,24,507.4626866
66,25,507.4626866
66,26,507.4626866
66,27,507.4626866
66,28,507.4626866
66,29,507.4626866
66,30,507.4626866
66,31,507.4626866
66,32,507.4626866
66,33,507.4626866
66,34,507.4626866
66,35,507.4626866
66,36,507.4626866
66,37,507.4626866
66,38,507.4626866
66,39,507.4626866
66,40,507.4626866
66,41,507.4626866
66,42,507.4626866
66,43,507.4626866
66,44,507.4626866
66,45,507.4626866
66,46,507.4626866
66,47,507.4626866
66,48,507.4626866
66,49,507.4626866
67,0,485.2941176
67,1,485.2941176
67,2,485.2941176
67,3,485.2941176
67,4,485.2941176
67,5,485.2941176
67,6,485.2941176
67,7,485.2941176
67,8,485.2941176
67,9,485.2941176
67,10,485.2941176
67,11,485.2941176
67,12,485.2941176
67,13,485.2941176
67,14,485.2941176
67,15,485.2941176
67,16,485.2941176
67,17,485.2941176
67,18,485.2941176
67,19,485.2941176
67,20,485.2941176
67,21,485.2941176
67,22,485.2941176
67,23,485.2941176
67,24,485.2941176
67,25,485.2941176
67,26,485.2941176
67,27,485.2941176
67,28,485.2941176
67,29,485.2941176
67,30,485.2941176
67,31,485.2941176
67,32,485.2941176
67,33,485.2941176
67,34,485.2941176
67,35,485.2941176
67,36,485.2941176
67,37,485.2941176
67,38,485.2941176
67,39,485.2941176
67,40,485.2941176
67,41,485.2941176
67,42,485.2941176
67,43,485.2941176
67,44,485.2941176
67,45,485.2941176
67,46,485.2941176
67,47,485.2941176
67,48,485.2941176
67,49,485.2941176
68,0,463.7681159
68,1,463.7681159
68,2,463.7681159
68,3,463.7681159
68,4,463.7681159
68,5,463.7681159
68,6,463.7681159
68,7,463.7681159
68,8,463.7681159
68,9,463.7681159
68,10,463.7681159
68,11,463.7681159
68,12,463.7681159
68,13,463.7681159
68,14,463.7681159
68,15,463.7681159
68,16,463.7681159
68,17,463.7681159
68,18,463.7681159
68,19,463.7681159
68,20,463.7681159
68,21,463.7681159
68,22,463.7681159
68,23,463.7681159
68,24,463.7681159
68,25,463.7681159
68,26,463.7681159
68,27,463.7681159
68,28,463.7681159
68,29,463.7681159
68,30,463.7681159
68,31,463.7681159
68,32,463.7681159
68,33,463.7681159
68,34,463.7681159
68,35,463.7681159
68,36,463.7681159
68,37,463.7681159
68,38,463.7681159
68,39,463.7681159
68,40,463.7681159
68,41,463.7681159
68,42,463.7681159
68,43,463.7681159
68,44,463.7681159
68,45,463.7681159
68,46,463.7681159
68,47,463.7681159
68,48,463.7681159
68,49,463.7681159
69,0,442.8571429
69,1,442.8571429
69,2,442.8571429
69,3,442.8571429
69,4,442.8571429
69,5,442.8571429
69,6,442.8571429
69,7,442.8571429
69,8,442.8571429
69,9,442.8571429
69,10,442.8571429
69,11,442.8571429
69,12,442.8571429
69,13,442.8571429
69,14,442.8571429
69,15,442.8571429
69,16,442.8571429
69,17,442.8571429
69,18,442.8571429
69,19,442.8571429
69,20,442.8571429
69,21,442.8571429
69,22,442.8571429
69,23,442.8571429
69,24,442.8571429
69,25,442.8571429
69,26,442.8571429
69,27,442.8571429
69,28,442.8571429
69,29,442.8571429
69,30,442.8571429
69,31,442.8571429
69,32,442.8571429
69,33,442.8571429
69,34,442.8571429
69,35,442.8571429
69,36,442.8571429
69,37,442.8571429
69,38,442.8571429
69,39,442.8571429
69,40,442.8571429
69,41,442.8571429
69,42,442.8571429
69,43,442.8571429
69,44,442.8571429
69,45,442.8571429
69,46,442.8571429
69,47,442.8571429
69,48,442.8571429
69,49,442.8571429
70,0,422.5352113
70,1,422.5352113
70,2,422.5352113
70,3,422.5352113
70,4,422.5352113
70,5,422.5352113
70,6,422.5352113
70,7,422.5352113
70,8,422.5352113
70,9,422.5352113
70,10,422.5352113
70,11,422.5352113
70,12,422.5352113
70,13,422.5352113
70,14,422.5352113
70,15,422.5352113
70,16,422.5352113
70,17,422.5352113
70,18,422.5352113
70,19,422.5352113
70,20,422.5352113
70,21,422.5352113
70,22,422.5352113
70,23,422.5352113
70,24,422.5352113
70,25,422.5352113
70,26,422.5352113
70,27,422.5352113
70,28,422.5352113
70,29,422.5352113
70,30,422.5352113
70,31,422.5352113
70,32,422.5352113
70,33,422.5352113
70,34,422.5352113
70,35,422.5352113
70,36,422.5352113
70,37,422.5352113
70,38,422.5352113
70,39,422.5352113
70,40,422.5352113
70,41,422.5352113
70,42,422.5352113
70,43,422.5352113
70,44,422.5352113
70,45,422.5352113
70,46,422.5352113
70,47,422.5352113
70,48,422.5352113
70,49,422.5352113
71,0,402.7777778
71,1,402.7777778
71,2,402.7777778
71,3,402.7777778
71,4,402.7777778
71,5,402.7777778
71,6,402.7777778
71,7,402.7777778
71,8,402.7777778
71,9,402.7777778
71,10,402.7777778
71,11,402.7777778
71,12,402.7777778
71,13,402.7777778
71,14,402.7777778
71,15,402.7777778
71,16,402.7777778
71,17,402.7777778
71,18,402.7777778
71,19,402.7777778
71,20,402.7777778
71,21,402.7777778
71,22,402.7777778
71,23,402.7777778
71,24,402.7777778
71,25,402.7777778
71,26,402.7777778
71,27,402.7777778
71,28,402.7777778
71,29,402.7777778
71,30,402.7777778
71,31,402.7777778
71,32,402.7777778
71,33,402.7777778
71,34,402.7777778
71,35,402.7777778
71,36,402.7777778
71,37,402.7777778
71,38,402.7777778
71,39,402.7777778
71,40,402.7777778
71,41,402.7777778
71,42,402.7777778
71,43,402.7777778
71,44,402.7777778
71,45,402.7777778
71,46,402.7777778
71,47,402.7777778
71,48,402.7777778
71,49,402.7777778
72,0,383.5616438
72,1,383.5616438
72,2,383.5616438
72,3,383.5616438
72,4,383.5616438
72,5,383.5616438
72,6,383.5616438
72,7,383.5616438
72,8,383.5616438
72,9,383.5616438
72,10,383.5616438
72,11,383.5616438
72,12,383.5616438
72,13,383.5616438
72,14,383.5616438
72,15,383.5616438
72,16,383.5616438
72,17,383.5616438
72,18,383.5616438
72,19,383.5616438
72,20,383.5616438
72,21,383.5616438
72,22,383.5616438
72,23,383.5616438
72,24,383.5616438
72,25,383.5616438
72,26,383.5616438
72,27,383.5616438
72,28,383.5616438
72,29,383.5616438
72,30,383.5616438
72,31,383.5616438
72,32,383.5616438
72,33,383.5616438
72,34,383.5616438
72,35,383.5616438
72,36,383.5616438
72,37,383.5616438
72,38,383.5616438
72,39,383.5616438
72,40,383.5616438
72,41,383.5616438
72,42,383.5616438
72,43,383.5616438
72,44,383.5616438
72,45,383.5616438
72,46,383.5616438
72,47,383.5616438
72,48,383.5616438
72,49,383.5616438
73,0,364.8648649
73,1,364.8648649
73,2,364.8648649
73,3,364.8648649
73,4,364.8648649
73,5,364.8648649
73,6,364.8648649
73,7,364.8648649
73,8,364.8648649
73,9,364.8648649
73,10,364.8648649
73,11,364.8648649
73,12,364.8648649
73,13,364.8648649
73,14,364.8648649
73,15,364.8648649
73,16,364.8648649
73,17,364.8648649
73,18,364.8648649
73,19,364.8648649
73,20,364.8648649
73,21,364.8648649
73,22,364.8648649
73,23,364.8648649
73,24,364.8648649
73,25,364.8648649
73,26,364.8648649
73,27,364.8648649
73,28,364.8648649
73,29,364.8648649
73,30,364.8648649
73,31,364.8648649
73,32,364.8648649
73,33,364.8648649
73,34,364.8648649
73,35,364.8648649
73,36,364.8648649
73,37,364.8648649
73,38,364.8648649
73,39,364.8648649
73,40,364.8648649
73,41,364.8648649
73,42,364.8648649
73,43,364.8648649
73,44,364.8648649
73,45,364.8648649
73,46,364.8648649
73,47,364.8648649
73,48,364.8648649
73,49,364.8648649
74,0,346.6666667
74,1,346.6666667
74,2,346.6666667
74,3,346.6666667
74,4,346.6666667
74,5,346.6666667
74,6,346.6666667
74,7,346.6666667
74,8,346.6666667
74,9,346.6666667
74,10,346.6666667
74,11,346.6666667
74,12,346.6666667
74,13,346.6666667
74,14,346.6666667
74,15,346.6666667
74,16,346.6666667
74,17,346.6666667
74,18,346.6666667
74,19,346.6666667
74,20,346.6666667
74,21,346.6666667
74,22,346.6666667
74,23,346.6666667
74,24,346.6666667
74,25,346.6666667
74,26,346.6666667
74,27,346.6666667
74,28,346.6666667
74,29,346.6666667
74,30,346.6666667
74,31,346.6666667
74,32,346.6666667
74,33,346.6666667
74,34,346.6666667
74,35,346.6666667
74,36,346.6666667
74,37,346.6666667
74,38,346.6666667
74,39,346.6666667
74,40,346.6666667
74,41,346.6666667
74,42,346.6666667
74,43,346.6666667
74,44,346.6666667
74,45,346.6666667
74,46,346.6666667
74,47,346.6666667
74,48,346.6666667
74,49,346.6666667
75,0,328.9473684
75,1,328.9473684
75,2,328.9473684
75,3,328.9473684
75,4,328.9473684
75,5,328.9473684
75,6,328.9473684
75,7,328.9473684
75,8,328.9473684
75,9,328.9473684
75,10,328.9473684
75,11,328.9473684
75,12,328.9473684
75,13,328.9473684
75,14,328.9473684
75,15,328.9473684
75,16,328.9473684
75,17,328.9473684
75,18,328.9473684
75,19,328.9473684
75,20,328.9473684
75,21,328.9473684
75,22,328.9473684
75,23,328.9473684
75,24,328.9473684
75,25,328.9473684
75,26,328.9473684
75,27,328.9473684
75,28,328.9473684
75,29,328.9473684
75,30,328.9473684
75,31,328.9473684
75,32,328.9473684
75,33,328.9473684
75,34,328.9473684
75,35,328.9473684
75,36,328.9473684
75,37,328.9473684
75,38,328.9473684
75,39,328.9473684
75,40,328.9473684
75,41,328.9473684
75,42,328.9473684
75,43,328.9473684
75,44,328.9473684
75,45,328.9473684
75,46,328.9473684
75,47,328.9473684
75,48,328.9473684
75,49,328.9473684
76,0,311.6883117
76,1,311.6883117
76,2,311.6883117
76,3,311.6883117
76,4,311.6883117
76,5,311.6883117
76,6,311.6883117
76,7,311.6883117
76,8,311.6883117
76,9,311.6883117
76,10,311.6883117
76,11,311.6883117
76,12,311.6883117
76,13,311.6883117
76,14,311.6883117
76,15,311.6883117
76,16,311.6883117
76,17,311.6883117
76,18,311.6883117
76,19,311.6883117
76,20,311.6883117
76,21,311.6883117
76,22,311.6883117
76,23,311.6883117
76,24,311.6883117
76,25,311.6883117
76,26,311.6883117
76,27,311.6883117
76,28,311.6883117
76,29,311.6883117
76,30,311.6883117
76,31,311.6883117
76,32,311.6883117
76,33,311.6883117
76,34,311.6883117
76,35,311.6883117
76,36,311.6883117
76,37,311.6883117
76,38,311.6883117
76,39,311.6883117
76,40,311.6883117
76,41,311.6883117
76,42,311.6883117
76,43,311.6883117
76,44,311.6883117
76,45,311.6883117
76,46,311.6883117
76,47,311.6883117
76,48,311.6883117
76,49,311.6883117
77,0,294.8717949
77,1,294.8717949
77,2,294.8717949
77,3,294.8717949
77,4,294.8717949
77,5,294.8717949
77,6,294.8717949
77,7,294.8717949
77,8,294.8717949
77,9,294.8717949
77,10,294.8717949
77,11,294.8717949
77,12,294.8717949
77,13,294.8717949
77,14,294.8717949
77,15,294.8717949
77,16,294.8717949
77,17,294.8717949
77,18,294.8717949
77,19,294.8717949
77,20,294.8717949
77,21,294.8717949
77,22,294.8717949
77,23,294.8717949
77,24,294.8717949
77,25,294.8717949
77,26,294.8717949
77,27,294.8717949
77,28,294.8717949
77,29,294.8717949
77,30,294.8717949
77,31,294.8717949
77,32,294.8717949
77,33,294.8717949
77,34,294.8717949
77,35,294.8717949
77,36,294.8717949
77,37,294.8717949
77,38,294.8717949
77,39,294.8717949
77,40,294.8717949
77,41,294.8717949
77,42,294.8717949
77,43,294.8717949
77,44,294.8717949
77,45,294.8717949
77,46,294.8717949
77,47,294.8717949
77,48,294.8717949
77,49,294.8717949
78,0,278.4810127
78,1,278.4810127
78,2,278.4810127
78,3,278.4810127
78,4,278.4810127
78,5,278.4810127
78,6,278.4810127
78,7,278.4810127
78,8,278.4810127
78,9,278.4810127
78,10,278.4810127
78,11,278.4810127
78,12,278.4810127
78,13,278.4810127
78,14,278.4810127
78,15,278.4810127
78,16,278.4810127
78,17,278.4810127
78,18,278.4810127
78,19,278.4810127
78,20,278.4810127
78,21,278.4810127
78,22,278.4810127
78,23,278.4810127
78,24,278.4810127
78,25,278.4810127
78,26,278.4810127
78,27,278.4810127
78,28,278.4810127
78,29,278.4810127
78,30,278.4810127
78,31,278.4810127
78,32,278.4810127
78,33,278.4810127
78,34,278.4810127
78,35,278.4810127
78,36,278.4810127
78,37,278.4810127
78,38,278.4810127
78,39,278.4810127
78,40,278.4810127
78,41,278.4810127
78,42,278.4810127
78,43,278.4810127
78,44,278.4810127
78,45,278.4810127
78,46,278.4810127
78,47,278.4810127
78,48,278.4810127
78,49,278.4810127
79,0,262.5
79,1,262.5
79,2,262.5
79,3,262.5
79,4,262.5
79,5,262.5
79,6,262.5
79,7,262.5
79,8,262.5
79,9,262.5
79,10,262.5
79,11,262.5
79,12,262.5
79,13,262.5
79,14,262.5
79,15,262.5
79,16,262.5
79,17,262.5
79,18,262.5
79,19,262.5
79,20,262.5
79,21,262.5
79,22,262.5
79,23,262.5
79,24,262.5
79,25,262.5
79,26,262.5
79,27,262.5
79,28,262.5
79,29,262.5
79,30,262.5
79,31,262.5
79,32,262.5
79,33,262.5
79,34,262.5
79,35,262.5
79,36,262.5
79,37,262.5
79,38,262.5
79,39,262.5
79,40,262.5
79,41,262.5
79,42,262.5
79,43,262.5
79,44,262.5
79,45,262.5
79,46,262.5
79,47,262.5
79,48,262.5
79,49,262.5
80,0,246.9135802
80,1,246.9135802
80,2,246.9135802
80,3,246.9135802
80,4,246.9135802
80,5,246.9135802
80,6,246.9135802
80,7,246.9135802
80,8,246.9135802
80,9,246.9135802
80,10,246.9135802
80,11,246.9135802
80,12,246.9135802
80,13,246.9135802
80,14,246.9135802
80,15,246.9135802
80,16,246.9135802
80,17,246.9135802
80,18,246.9135802
80,19,246.9135802
80,20,246.9135802
80,21,246.9135802
80,22,246.9135802
80,23,246.9135802
80,24,246.9135802
80,25,246.9135802
80,26,246.9135802
80,27,246.9135802
80,28,246.9135802
80,29,246.9135802
80,30,246.9135802
80,31,246.9135802
80,32,246.9135802
80,33,246.9135802
80,34,246.9135802
80,35,246.9135802
80,36,246.9135802
80,37,246.9135802
80,38,246.9135802
80,39,246.9135802
80,40,246.9135802
80,41,246.9135802
80,42,246.9135802
80,43,246.9135802
80,44,246.9135802
80,45,246.9135802
80,46,246.9135802
80,47,246.9135802
80,48,246.9135802
80,49,246.9135802
81,0,231.7073171
81,1,231.7073171
81,2,231.7073171
81,3,231.7073171
81,4,231.7073171
81,5,231.7073171
81,6,231.7073171
81,7,231.7073171
81,8,231.7073171
81,9,231.7073171
81,10,231.7073171
81,11,231.7073171
81,12,231.7073171
81,13,231.7073171
81,14,231.7073171
81,15,231.7073171
81,16,231.7073171
81,17,231.7073171
81,18,231.7073171
81,19,231.7073171
81,20,231.7073171
81,21,231.7073171
81,22,231.7073171
81,23,231.7073171
81,24,231.7073171
81,25,231.7073171
81,26,231.7073171
81,27,231.7073171
81,28,231.7073171
81,29,231.7073171
81,30,231.7073171
81,31,231.7073171
81,32,231.7073171
81,33,231.7073171
81,34,231.7073171
81,35,231.7073171
81,36,231.7073171
81,37,231.7073171
81,38,231.7073171
81,39,231.7073171
81,40,231.7073171
81,41,231.7073171
81,42,231.7073171
81,43,231.7073171
81,44,231.7073171
81,45,231.7073171
81,46,231.7073171
81,47,231.7073171
81,48,231.7073171
81,49,231.7073171
82,0,216.8674699
82,1,216.8674699
82,2,216.8674699
82,3,216.8674699
82,4,216.8674699
82,5,216.8674699
82,6,216.8674699
82,7,216.8674699
82,8,216.8674699
82,9,216.8674699
82,10,216.8674699
82,11,216.8674699
82,12,216.8674699
82,13,216.8674699
82,14,216.8674699
82,15,216.8674699
82,16,216.8674699
82,17,216.8674699
82,18,216.8674699
82,19,216.8674699
82,20,216.8674699
82,21,216.8674699
82,22,216.8674699
82,23,216.8674699
82,24,216.8674699
82,25,216.8674699
82,26,216.8674699
82,27,216.8674699
82,28,216.8674699
82,29,216.8674699
82,30,216.8674699
82,31,216.8674699
82,32,216.8674699
82,33,216.8674699
82,34,216.8674699
82,35,216.8674699
82,36,216.8674699
82,37,216.8674699
82,38,216.8674699
82,39,216.8674699
82,40,216.8674699
82,41,216.8674699
82,42,216.8674699
82,43,216.8674699
82,44,216.8674699
82,45,216.8674699
82,46,216.8674699
82,47,216.8674699
82,48,216.8674699
82,49,216.8674699
83,0,202.3809524
83,1,202.3809524
83,2,202.3809524
83,3,202.3809524
83,4,202.3809524
83,5,202.3809524
83,6,202.3809524
83,7,202.3809524
83,8,202.3809524
83,9,202.3809524
83,10,202.3809524
83,11,202.3809524
83,12,202.3809524
83,13,202.3809524
83,14,202.3809524
83,15,202.3809524
83,16,202.3809524
83,17,202.3809524
83,18,202.3809524
83,19,202.3809524
83,20,202.3809524
83,21,202.3809524
83,22,202.3809524
83,23,202.3809524
83,24,202.3809524
83,25,202.3809524
83,26,202.3809524
83,27,202.3809524
83,28,202.3809524
83,29,202.3809524
83,30,202.3809524
83,31,202.3809524
83,32,202.3809524
83,33,202.3809524
83,34,202.3809524
83,35,202.3809524
83,36,202.3809524
83,37,202.3809524
83,38,202.3809524
83,39,202.3809524
83,40,202.3809524
83,41,202.3809524
83,42,202.3809524
83,43,202.3809524
83,44,202.3809524
83,45,202.3809524
83,46,202.3809524
83,47,202.3809524
83,48,202.3809524
83,49,202.3809524
84,0,188.2352941
84,1,188.2352941
84,2,188.2352941
84,3,188.2352941
84,4,188.2352941
84,5,188.2352941
84,6,188.2352941
84,7,188.2352941
84,8,188.2352941
84,9,188.2352941
84,10,188.2352941
84,11,188.2352941
84,12,188.2352941
84,13,188.2352941
84,14,188.2352941
84,15,188.2352941
84,16,188.2352941
84,17,188.2352941
84,18,188.2352941
84,19,188.2352941
84,20,188.2352941
84,21,188.2352941
84,22,188.2352941
84,23,188.2352941
84,24,188.2352941
84,25,188.2352941
84,26,188.2352941
84,27,188.2352941
84,28,188.2352941
84,29,188.2352941
84,30,188.2352941
84,31,188.2352941
84,32,188.2352941
84,33,188.2352941
84,34,188.2352941
84,35,188.2352941
84,36,188.2352941
84,37,188.2352941
84,38,188.2352941
84,39,188.2352941
84,40,188.2352941
84,41,188.2352941
84,42,188.2352941
84,43,188.2352941
84,44,188.2352941
84,45,188.2352941
84,46,188.2352941
84,47,188.2352941
84,48,188.2352941
84,49,188.2352941
85,0,174.4186047
85,1,174.4186047
85,2,174.4186047
85,3,174.4186047
85,4,174.4186047
85,5,174.4186047
85,6,174.4186047
85,7,174.4186047
85,8,174.4186047
85,9,174.4186047
85,10,174.4186047
85,11,174.4186047
85,12,174.4186047
85,13,174.4186047
85,14,174.4186047
85,15,174.4186047
85,16,174.4186047
85,17,174.4186047
85,18,174.4186047
85,19,174.4186047
85,20,174.4186047
85,21,174.4186047
85,22,174.4186047
85,23,174.4186047
85,24,174.4186047
85,25,174.4186047
85,26,174.4186047
85,27,174.4186047
85,28,174.4186047
85,29,174.4186047
85,30,174.4186047
85,31,174.4186047
85,32,174.4186047
85,33,174.4186047
85,34,174.4186047
85,35,174.4186047
85,36,174.4186047
85,37,174.4186047
85,38,174.4186047
85,39,174.4186047
85,40,174.4186047
85,41,174.4186047
85,42,174.4186047
85,43,174.4186047
85,44,174.4186047
85,45,174.4186047
85,46,174.4186047
85,47,174.4186047
85,48,174.4186047
85,49,174.4186047
86,0,160.9195402
86,1,160.9195402
86,2,160.9195402
86,3,160.9195402
86,4,160.9195402
86,5,160.9195402
86,6,160.9195402
86,7,160.9195402
86,8,160.9195402
86,9,160.9195402
86,10,160.9195402
86,11,160.9195402
86,12,160.9195402
86,13,160.9195402
86,14,160.9195402
86,15,160.9195402
86,16,160.9195402
86,17,160.9195402
86,18,160.9195402
86,19,160.9195402
86,20,160.9195402
86,21,160.9195402
86,22,160.9195402
86,23,160.9195402
86,24,160.9195402
86,25,160.9195402
86,26,160.9195402
86,27,160.9195402
86,28,160.9195402
86,29,160.9195402
86,30,160.9195402
86,31,160.9195402
86,32,160.9195402
86,33,160.9195402
86,34,160.9195402
86,35,160.9195402
86,36,160.9195402
86,37,160.9195402
86,38,160.9195402
86,39,160.9195402
86,40,160.9195402
86,41,160.9195402
86,42,160.9195402
86,43,160.9195402
86,44,160.9195402
86,45,160.9195402
86,46,160.9195402
86,47,160.9195402
86,48,160.9195402
86,49,160.9195402
87,0,147.7272727
87,1,147.7272727
87,2,147.7272727
87,3,147.7272727
87,4,147.7272727
87,5,147.7272727
87,6,147.7272727
87,7,147.7272727
87,8,147.7272727
87,9,147.7272727
87,10,147.7272727
87,11,147.7272727
87,12,147.7272727
87,13,147.7272727
87,14,147.7272727
87,15,147.7272727
87,16,147.7272727
87,17,147.7272727
87,18,147.7272727
87,19,147.7272727
87,20,147.7272727
87,21,147.7272727
87,22,147.7272727
87,23,147.7272727
87,24,147.7272727
87,25,147.7272727
87,26,147.7272727
87,27,147.7272727
87,28,147.7272727
87,29,147.7272727
87,30,147.7272727
87,31,147.7272727
87,32,147.7272727
87,33,147.7272727
87,34,147.7272727
87,35,147.7272727
87,36,147.7272727
87,37,147.7272727
87,38,147.7272727
87,39,147.7272727
87,40,147.7272727
87,41,147.7272727
87,42,147.7272727
87,43,147.7272727
87,44,147.7272727
87,45,147.7272727
87,46,147.7272727
87,47,147.7272727
87,48,147.7272727
87,49,147.7272727
88,0,134.8314607
88,1,134.8314607
88,2,134.8314607
88,3,134.8314607
88,4,134.8314607
88,5,134.8314607
88,6,134.8314607
88,7,134.8314607
88,8,134.8314607
88,9,134.8314607
88,10,134.8314607
88,11,134.8314607
88,12,134.8314607
88,13,134.8314607
88,14,134.8314607
88,15,134.8314607
88,16,134.8314607
88,17,134.8314607
88,18,134.8314607
88,19,134.8314607
88,20,134.8314607
88,21,134.8314607
88,22,134.8314607
88,23,134.8314607
88,24,134.8314607
88,25,134.8314607
88,26,134.8314607
88,27,134.8314607
88,28,134.8314607
88,29,134.8314607
88,30,134.8314607
88,31,134.8314607
88,32,134.8314607
88,33,134.8314607
88,34,134.8314607
88,35,134.8314607
88,36,134.8314607
88,37,134.8314607
88,38,134.8314607
88,39,134.8314607
88,40,134.8314607
88,41,134.8314607
88,42,134.8314607
88,43,134.8314607
88,44,134.8314607
88,45,134.8314607
88,46,134.8314607
88,47,134.8314607
88,48,134.8314607
88,49,134.8314607
89,0,122.2222222
89,1,122.2222222
89,2,122.2222222
89,3,122.2222222
89,4,122.2222222
89,5,122.2222222
89,6,122.2222222
89,7,122.2222222
89,8,122.2222222
89,9,122.2222222
89,10,122.2222222
89,11,122.2222222
89,12,122.2222222
89,13,122.2222222
89,14,122.2222222
89,15,122.2222222
89,16,122.2222222
89,17,122.2222222
89,18,122.2222222
89,19,122.2222222
89,20,122.2222222
89,21,122.2222222
89,22,122.2222222
89,23,122.2222222
89,24,122.2222222
89,25,122.2222222
89,26,122.2222222
89,27,122.2222222
89,28,122.2222222
89,29,122.2222222
89,30,122.2222222
89,31,122.2222222
89,32,122.2222222
89,33,122.2222222
89,34,122.2222222
89,35,122.2222222
89,36,122.2222222
89,37,122.2222222
89,38,122.2222222
89,39,122.2222222
89,40,122.2222222
89,41,122.2222222
89,42,122.2222222
89,43,122.2222222
89,44,122.2222222
89,45,122.2222222
89,46,122.2222222
89,47,122.2222222
89,48,122.2222222
89,49,122.2222222
90,0,109.8901099
90,1,109.8901099
90,2,109.8901099
90,3,109.8901099
90,4,109.8901099
90,5,109.8901099
90,6,109.8901099
90,7,109.8901099
90,8,109.8901099
90,9,109.8901099
90,10,109.8901099
90,11,109.8901099
90,12,109.8901099
90,13,109.8901099
90,14,109.8901099
90,15,109.8901099
90,16,109.8901099
90,17,109.8901099
90,18,109.8901099
90,19,109.8901099
90,20,109.8901099
90,21,109.8901099
90,22,109.8901099
90,23,109.8901099
90,24,109.8901099
90,25,109.8901099
90,26,109.8901099
90,27,109.8901099
90,28,109.8901099
90,29,109.8901099
90,30,109.8901099
90,31,109.8901099
90,32,109.8901099
90,33,109.8901099
90,34,109.8901099
90,35,109.8901099
90,36,109.8901099
90,37,109.8901099
90,38,109.8901099
90,39,109.8901099
90,40,109.8901099
90,41,109.8901099
90,42,109.8901099
90,43,109.8901099
90,44,109.8901099
90,45,109.8901099
90,46,109.8901099
90,47,109.8901099
90,48,109.8901099
90,49,109.8901099
91,0,97.82608696
91,1,97.82608696
91,2,97.82608696
91,3,97.82608696
91,4,97.82608696
91,5,97.82608696
91,6,97.82608696
91,7,97.82608696
91,8,97.82608696
91,9,97.82608696
91,10,97.82608696
91,11,97.82608696
91,12,97.82608696
91,13,97.82608696
91,14,97.82608696
91,15,97.82608696
91,16,97.82608696
91,17,97.82608696
91,18,97.82608696
91,19,97.82608696
91,20,97.82608696
91,21,97.82608696
91,22,97.82608696
91,23,97.82608696
91,24,97.82608696
91,25,97.82608696
91,26,97.82608696
91,27,97.82608696
91,28,97.82608696
91,29,97.82608696
91,30,97.82608696
91,31,97.82608696
91,32,97.82608696
91,33,97.82608696
91,34,97.82608696
91,35,97.82608696
91,36,97.82608696
91,37,97.82608696
91,38,97.82608696
91,39,97.82608696
91,40,97.82608696
91,41,97.82608696
91,42,97.82608696
91,43,97.82608696
91,44,97.82608696
91,45,97.82608696
91,46,97.82608696
91,47,97.82608696
91,48,97.82608696
91,49,97.82608696
92,0,86.02150538
92,1,86.02150538
92,2,86.02150538
92,3,86.02150538
92,4,86.02150538
92,5,86.02150538
92,6,86.02150538
92,7,86.02150538
92,8,86.02150538
92,9,86.02150538
92,10,86.02150538
92,11,86.02150538
92,12,86.02150538
92,13,86.02150538
92,14,86.02150538
92,15,86.02150538
92,16,86.02150538
92,17,86.02150538
92,18,86.02150538
92,19,86.02150538
92,20,86.02150538
92,21,86.02150538
92,22,86.02150538
92,23,86.02150538
92,24,86.02150538
92,25,86.02150538
92,26,86.02150538
92,27,86.02150538
92,28,86.02150538
92,29,86.02150538
92,30,86.02150538
92,31,86.02150538
92,32,86.02150538
92,33,86.02150538
92,34,86.02150538
92,35,86.02150538
92,36,86.02150538
92,37,86.02150538
92,38,86.02150538
92,39,86.02150538
92,40,86.02150538
92,41,86.02150538
92,42,86.02150538
92,43,86.02150538
92,44,86.02150538
92,45,86.02150538
92,46,86.02150538
92,47,86.02150538
92,48,86.02150538
92,49,86.02150538
93,0,74.46808511
93,1,74.46808511
93,2,74.46808511
93,3,74.46808511
93,4,74.46808511
93,5,74.46808511
93,6,74.46808511
93,7,74.46808511
93,8,74.46808511
93,9,74.46808511
93,10,74.46808511
93,11,74.46808511
93,12,74.46808511
93,13,74.46808511
93,14,74.46808511
93,15,74.46808511
93,16,74.46808511
93,17,74.46808511
93,18,74.46808511
93,19,74.46808511
93,20,74.46808511
93,21,74.46808511
93,22,74.46808511
93,23,74.46808511
93,24,74.46808511
93,25,74.46808511
93,26,74.46808511
93,27,74.46808511
93,28,74.46808511
93,29,74.46808511
93,30,74.46808511
93,31,74.46808511
93,32,74.46808511
93,33,74.46808511
93,34,74.46808511
93,35,74.46808511
93,36,74.46808511
93,37,74.46808511
93,38,74.46808511
93,39,74.46808511
93,40,74.46808511
93,41,74.46808511
93,42,74.46808511
93,43,74.46808511
93,44,74.46808511
93,45,74.46808511
93,46,74.46808511
93,47,74.46808511
93,48,74.46808511
93,49,74.46808511
94,0,63.15789474
94,1,63.15789474
94,2,63.15789474
94,3,63.15789474
94,4,63.15789474
94,5,63.15789474
94,6,63.15789474
94,7,63.15789474
94,8,63.15789474
94,9,63.15789474
94,10,63.15789474
94,11,63.15789474
94,12,63.15789474
94,13,63.15789474
94,14,63.15789474
94,15,63.15789474
94,16,63.15789474
94,17,63.15789474
94,18,63.15789474
94,19,63.15789474
94,20,63.15789474
94,21,63.15789474
94,22,63.15789474
94,23,63.15789474
94,24,63.15789474
94,25,63.15789474
94,26,63.15789474
94,27,63.15789474
94,28,63.15789474
94,29,63.15789474
94,30,63.15789474
94,31,63.15789474
94,32,63.15789474
94,33,63.15789474
94,34,63.15789474
94,35,63.15789474
94,36,63.15789474
94,37,63.15789474
94,38,63.15789474
94,39,63.15789474
94,40,63.15789474
94,41,63.15789474
94,42,63.15789474
94,43,63.15789474
94,44,63.15789474
94,45,63.15789474
94,46,63.15789474
94,47,63.15789474
94,48,63.15789474
94,49,63.15789474
95,0,52.08333333
95,1,52.08333333
95,2,52.08333333
95,3,52.08333333
95,4,52.08333333
95,5,52.08333333
95,6,52.08333333
95,7,52.08333333
95,8,52.08333333
95,9,52.08333333
95,10,52.08333333
95,11,52.08333333
95,12,52.08333333
95,13,52.08333333
95,14,52.08333333
95,15,52.08333333
95,16,52.08333333
95,17,52.08333333
95,18,52.08333333
95,19,52.08333333
95,20,52.08333333
95,21,52.08333333
95,22,52.08333333
95,23,52.08333333
95,24,52.08333333
95,25,52.08333333
95,26,52.08333333
95,27,52.08333333
95,28,52.08333333
95,29,52.08333333
95,30,52.08333333
95,31,52.08333333
95,32,52.08333333
95,33,52.08333333
95,34,52.08333333
95,35,52.08333333
95,36,52.08333333
95,37,52.08333333
95,38,52.08333333
95,39,52.08333333
95,40,52.08333333
95,41,52.08333333
95,42,52.08333333
95,43,52.08333333
95,44,52.08333333
95,45,52.08333333
95,46,52.08333333
95,47,52.08333333
95,48,52.08333333
95,49,52.08333333
96,0,41.2371134
96,1,41.2371134
96,2,41.2371134
96,3,41.2371134
96,4,41.2371134
96,5,41.2371134
96,6,41.2371134
96,7,41.2371134
96,8,41.2371134
96,9,41.2371134
96,10,41.2371134
96,11,41.2371134
96,12,41.2371134
96,13,41.2371134
96,14,41.2371134
96,15,41.2371134
96,16,41.2371134
96,17,41.2371134
96,18,41.2371134
96,19,41.2371134
96,20,41.2371134
96,21,41.2371134
96,22,41.2371134
96,23,41.2371134
96,24,41.2371134
96,25,41.2371134
96,26,41.2371134
96,27,41.2371134
96,28,41.2371134
96,29,41.2371134
96,30,41.2371134
96,31,41.2371134
96,32,41.2371134
96,33,41.2371134
96,34,41.2371134
96,35,41.2371134
96,36,41.2371134
96,37,41.2371134
96,38,41.2371134
96,39,41.2371134
96,40,41.2371134
96,41,41.2371134
96,42,41.2371134
96,43,41.2371134
96,44,41.2371134
96,45,41.2371134
96,46,41.2371134
96,47,41.2371134
96,48,41.2371134
96,49,41.2371134
97,0,30.6122449
97,1,30.6122449
97,2,30.6122449
97,3,30.6122449
97,4,30.6122449
97,5,30.6122449
97,6,30.6122449
97,7,30.6122449
97,8,30.6122449
97,9,30.6122449
97,10,30.6122449
97,11,30.6122449
97,12,30.6122449
97,13,30.6122449
97,14,30.6122449
97,15,30.6122449
97,16,30.6122449
97,17,30.6122449
97,18,30.6122449
97,19,30.6122449
97,20,30.6122449
97,21,30.6122449
97,22,30.6122449
97,23,30.6122449
97,24,30.6122449
97,25,30.6122449
97,26,30.6122449
97,27,30.6122449
97,28,30.6122449
97,29,30.6122449
97,30,30.6122449
97,31,30.6122449
97,32,30.6122449
97,33,30.6122449
97,34,30.6122449
97,35,30.6122449
97,36,30.6122449
97,37,30.6122449
97,38,30.6122449
97,39,30.6122449
97,40,30.6122449
97,41,30.6122449
97,42,30.6122449
97,43,30.6122449
97,44,30.6122449
97,45,30.6122449
97,46,30.6122449
97,47,30.6122449
97,48,30.6122449
97,49,30.6122449
98,0,20.2020202
98,1,20.2020202
98,2,20.2020202
98,3,20.2020202
98,4,20.2020202
98,5,20.2020202
98,6,20.2020202
98,7,20.2020202
98,8,20.2020202
98,9,20.2020202
98,10,20.2020202
98,11,20.2020202
98,12,20.2020202
98,13,20.2020202
98,14,20.2020202
98,15,20.2020202
98,16,20.2020202
98,17,20.2020202
98,18,20.2020202
98,19,20.2020202
98,20,20.2020202
98,21,20.2020202
98,22,20.2020202
98,23,20.2020202
98,24,20.2020202
98,25,20.2020202
98,26,20.2020202
98,27,20.2020202
98,28,20.2020202
98,29,20.2020202
98,30,20.2020202
98,31,20.2020202
98,32,20.2020202
98,33,20.2020202
98,34,20.2020202
98,35,20.2020202
98,36,20.2020202
98,37,20.2020202
98,38,20.2020202
98,39,20.2020202
98,40,20.2020202
98,41,20.2020202
98,42,20.2020202
98,43,20.2020202
98,44,20.2020202
98,45,20.2020202
98,46,20.2020202
98,47,20.2020202
98,48,20.2020202
98,49,20.2020202
99,0,10
99,1,10
99,2,10
99,3,10
99,4,10
99,5,10
99,6,10
99,7,10
99,8,10
99,9,10
99,10,10
99,11,10
99,12,10
99,13,10
99,14,10
99,15,10
99,16,10
99,17,10
99,18,10
99,19,10
99,20,10
99,21,10
99,22,10
99,23,10
99,24,10
99,25,10
99,26,10
99,27,10
99,28,10
99,29,10
99,30,10
99,31,10
99,32,10
99,33,10
99,34,10
99,35,10
99,36,10
99,37,10
99,38,10
99,39,10
99,40,10
99,41,10
99,42,10
99,43,10
99,44,10
99,45,10
99,46,10
99,47,10
99,48,10
99,49,10
