0.03189297838623425,0.017228493351713992,0.02407613516216334,0.007395694311829882,0.028900873689483342,0.011480069753609202,0.027659726476630807,0.008000556628990753,0.016504318155012864,0.020339451473829092,0.012814031396772176,0.002519974839706341,0.032344866366680096,0.00894446616755327,0.00880087024816562,0.012495361178834428,0.028613740515847655,0.007629152415026707,0.01813419415385129,0.009111146389366581
0.022806715963464196,0.0020610187493842035,0.03997830406311268,0.03089152427281695,0.018723410476030686,0.03870165265705167,0.0316361387641888,0.03469822422765622,0.03313510110778405,0.038457460120052245,0.026654060985337364,0.018471467799037772,0.03892973692353424,0.0038474000507465805,0.008102545494028435,0.023786097960997784,0.004146551804054136,0.025128426253717865,0.0029993417810273196,0.019837698563357126
0.05980470818671504,0.04299258771531615,0.008326801207774735,0.05554269180830195,0.004194183908011625,0.040478681821522706,0.004652920910680005,0.055610849528592986,0.007763389880834703,0.03506495173396741,0.031554243045831994,0.063512937654562,0.046913751933673364,0.016542924055420027,0.024104213493231427,0.05476377274387886,0.0006641405353748845,0.06653959475816436,0.035271537856733495,0.025541657259127794
0.033945283864748925,0.000770218403496891,0.027831766817431474,0.005346193018849938,0.008466122625743096,0.0051095797796960035,0.013036314887018762,0.027838720691376974,0.025013392239678956,0.03516875662820556,0.011138145639721573,0.004225000438895261,0.005716122336056106,0.0017343986513197725,0.009672478837741819,0.025222289428720384,0.0274330709383356,0.015546441890525687,0.014753286020698251,0.023451704105463746
0.003459205353332862,0.04186266058887345,0.05070425878665874,0.06019207012613806,0.06151448506969715,0.053351150956845665,0.06602033904338118,0.012966595085791717,0.04894275274726626,0.041161666913501434,0.06145224381197225,0.06434204012129538,0.07593711677213517,0.050973153149009104,0.01833745211911027,0.019770214890203565,0.07881057957039266,0.05439724054508552,0.04876263243874215,0.04918939216550502
0.027798309548910695,0.032126534705528516,0.022573530294589736,0.029958968237010948,0.005552789500854168,0.02618151075462457,0.023907446512669687,0.018475556558305514,0.028114878798168964,0.021448948469668955,0.02552528555091246,0.023635869387086308,0.02882380465372847,0.012415159201596459,0.03318211263420718,0.01219023022001229,0.010909608426558927,0.03222219790829253,0.0037041698513993675,0.023267459889991026
0.00935036411625077,0.011324835884917523,0.009021924503674653,0.0034674516135918395,0.008800527794217151,0.007521330464480686,0.008327393963543863,0.0036261999746432625,0.00023637321985470216,0.0032740144988903843,0.009706293944892311,0.01021230178681063,0.009742808836617751,0.010756108025277218,0.0007886253744975452,0.0028492413506816675,0.004144605809214271,0.002050278033285467,0.010692839334022626,0.011383719073588304
0.043917995643046756,0.020781234156318683,0.051565144645216755,0.010197821859101728,0.02139829091598489,0.002772895794126436,0.006016497739825593,0.00501507591300017,0.054502641790694716,0.032545464055555834,0.02415431496660285,0.0003189026801587606,0.032770831603232936,0.048310139819634806,0.04145843853443076,0.03504537178304671,0.043533895142361674,0.056807322710001336,0.0014260955844759124,0.05994687501346124
0.013884371918934124,0.01765009797341708,0.02710282234468314,0.022695049601878042,0.01863853778258089,0.006208638569642166,0.021628645560095968,0.034861269097678095,0.009547876635470697,0.03874500248094987,0.004955889828560583,0.013013846232686586,0.006396509482607013,0.016022376855707742,0.011109963216198412,0.015334996779837224,0.011466336386656242,0.02593637692760243,0.004311527752351973,0.039703536868917574
0.036858369566914524,0.0068257051368993795,0.05486183489398506,0.02665858265838804,0.04142490002785717,0.048892187933587725,0.02282996803651567,0.02404746226455117,0.015632609323059304,0.010060954603659113,0.01888718798204747,0.048048356086804536,0.05095527890422524,0.05117455981544705,0.03229254312992506,0.03728470722598723,0.04840925960823146,0.05321381717071188,0.04636688630933771,0.027303711173145326
0.011950058562328742,0.003376611477251396,0.004353918531172709,0.036283005352976155,0.05103061762690206,0.018127797420585633,0.026940583682947803,0.059408178492424,0.05391463467556154,0.04064860220595163,0.05941865650105698,0.030826476232330226,0.0354151182169205,0.05389316688085624,0.0408048521067421,0.03596886891765679,0.03501291538057264,0.023465866047527054,0.04740368728845144,0.024402060553959538
0.0032908772283061992,0.005432200153131497,0.004891969089399917,0.010572042112465433,0.01053651395649682,0.002260415747972339,0.009163750507061997,0.0032173216107989535,0.0032307401332452427,0.0007167413105781754,0.006447934532493915,0.012571853366420528,0.005400837724966153,0.0066103416084873036,0.012700711002536925,0.009350145337390411,0.012597856731442524,0.008585788338581217,0.01102095000512033,0.00628896450091349
0.045285172541462464,0.03405173336232135,0.07595556333926003,0.07981230750590163,0.019933408169731142,0.06045384182924981,0.009304580698907597,0.04858487591101635,0.07775961536450507,0.047250074553291325,0.0731603066719392,0.015419185329319022,0.06302159975308932,0.030683257952284746,0.06655478513040713,0.07759369559748056,0.07678431696440682,0.0050066266293740495,0.030370530160208138,0.031403983039649475
0.026226531086122933,0.045891564206458596,0.020998989225490254,0.03932326799518625,0.01723492456638062,0.029057972649150082,0.03924795948179458,0.05075049297324375,0.04328929979837635,0.026904365958719922,0.02824188744240944,0.037082941677901535,0.03602025027681324,0.030021032583009498,0.03547120564148548,0.020482877095826683,0.04909403660025064,0.0391064567858536,0.03443704629513377,0.04141866050870564
0.00777578948761752,0.01911827508465236,0.03175840592573349,0.03897918456758685,0.03090423627018298,0.0033597804344144637,0.026099916362481476,0.030823168408011758,0.004392252116374706,0.03143312448811792,0.00286088732331575,0.008238037814652665,0.015180071463213752,0.011213846385437322,0.01156701303414102,0.004406747552234992,0.02992227255183684,0.030234079626676007,0.03697096126354459,0.03352249177246047
0.061275396102142866,0.003948264912526937,0.046756638434893256,0.048549144638098625,0.07106943252043887,0.030475024805633195,0.07903226863365656,0.042707415476803776,0.017120780651684188,0.02154002526076322,0.02719917710070106,0.06561230849287542,0.04974723969419669,0.01419202942830249,0.05839056952317991,0.059000357162654525,0.06586427107858257,0.02683395257829015,0.025758047097739198,0.0016509804444056217
0.04298481184011049,0.03312114528768125,0.037967744215533894,0.05683994646489367,0.023665382505917577,0.04069721710442802,0.032785999951967876,0.03920449060626604,0.07435247908628952,0.011912463716668157,0.0529305997560979,0.07500562372834683,0.03939839429861282,0.010278435671399713,0.023246367905859596,0.030838573735575837,0.06575201827807592,0.002310539553298349,0.020913009647121134,0.058601112117349044
0.0028688070798616578,0.0005437966372706772,0.0012931795866671255,0.0021780575871981414,0.000328751625054601,0.0012309462245468517,0.0007503025121609054,0.0008056014890497173,0.001582032224631369,0.0011725391765334326,0.0012284830633087433,0.0006088637949661233,0.001547677752137795,0.0012278572485131462,0.0027342209143232784,7.110520078344413e-05,0.00267712755144328,0.0014143265344883319,0.003064089211473197,0.001530811322870278
0.057513501597651284,0.025158471776739928,0.053080850099948854,0.02895235995117844,0.0655029415265797,0.0799448063828248,0.07308142789032819,0.04631113606058105,0.05543914155618572,0.022057340015312663,0.026688189197098346,0.001499153073867065,0.04945101284304864,0.08289938266089411,0.03245383566305869,0.01669769802335434,0.0933863517065277,0.0033178260986560897,0.02592253515352173,0.0675058446424651
0.047969561491827545,0.05492759467718977,0.06015863700165581,0.02618534373402104,0.018422200907182905,0.022983561739268566,0.06588346545610303,0.03332451494247707,0.010182609719015,0.07242935027351267,0.03733649086680447,0.03764686066474657,0.021697170937037474,0.024087340073189,0.08061283754803865,0.058082201548608346,0.023614270370676538,0.08236808819890551,0.05203353097472629,0.06710660019474726
0.024522204563536848,0.03557304420751582,0.012614675155227108,0.032109555894233074,0.058206044427583106,0.05122491889238175,0.07666102321237671,0.01634905257387287,0.0784085939064242,0.010722801983415457,0.007118918029004146,0.01648244206743233,0.05280502819947137,0.029199465257848254,0.024654285351348483,0.04267012779570022,0.05273549531188804,0.05781964417928146,0.0437287419712602,0.03649430693127478
0.02666061238066423,0.004349211085115454,0.052889446337019926,0.026681541157478197,0.016283373603512907,0.010530148265205628,0.02260270382209714,0.020019496705357732,0.0338177703479276,0.04755086917768128,0.036897139207436196,0.05193019878580659,0.009054921172165732,0.03627601506712989,0.03486222142900836,0.020835397110800895,0.03363594797029796,0.01760428640053818,0.006861478910370163,0.03668529505845747
0.012202684902747736,0.008333543912495939,0.010708871839825966,0.023441479981277453,0.010357523144875506,0.024719625969777868,0.027672864514895996,0.022576502781433645,0.0005308083442872308,0.006433628356218578,0.019059224888854278,0.018455690754371784,0.025784882107154374,0.01750780245312339,0.005877932802295748,0.019964834224228675,0.01576201832163654,0.013563910034529392,0.01716084634700531,0.008746375922535684
0.04128830947664242,0.0591110884333702,0.04382393298312213,0.051945527877391075,0.07657646067611598,0.010565358377667231,0.0730377835166587,0.03102902757069035,0.06353365731015367,0.012140939226390311,0.03678497300788111,0.024642045191245444,0.002698538092417107,0.04749417112135186,0.03169672585740432,0.07881441983195203,0.04723311726729846,0.0012666155504787934,0.027821198353494773,0.062038675494791654
0.04736994790289431,0.03035264096855206,0.014642370605208462,0.025081566570312665,0.045279157131252155,0.04503898632845737,0.04662811123587641,0.045948385142628424,0.037828221294824035,0.008675828568871292,0.013096597475088949,0.022824333248493096,0.017438085580359215,0.0190465124522334,0.03768207112858165,0.003811583243734061,0.03301500643448093,0.0017383265024723843,0.03235429412095622,0.006688184321813842
0.030403565710032016,0.015458788051583069,0.042551121024256025,0.017460911771049463,0.11035796391490149,0.022791719864721328,0.03726019322624677,0.04947441051979633,0.046094951875250374,0.09244743914901615,0.007021735418495244,0.06051950548568254,0.0077261251081901,0.10551839144664413,0.02715559052299737,0.027179733529606388,0.02277340361430876,0.010931533525328038,0.05730578905413082,0.015231856856493538
0.06501369712174764,0.028918267624911922,0.030724445871701676,0.01684524530932543,0.04582436200232998,0.01333048083897495,0.03717814508489351,0.025051450463276653,0.007167753571563744,0.05058098513847596,0.01919962288690705,0.0023978567563554287,0.02719505265401341,0.042965682223752064,0.030138794977630372,0.00644480216556442,0.0021515109591574034,0.0480873772663579,0.025699927853833408,0.0351103560801703
0.01227971856949574,0.013078455184305096,0.012880926947337312,0.008521049100389042,0.0032578259165220625,0.01530977521907939,0.00883659870010411,0.014379929273849838,0.00938508985006575,0.02101603379105874,0.0060331310944470974,0.008497500939543481,0.009887167376674466,0.017076251868210927,0.014244604572426494,0.014663769838858877,0.010586333807039638,0.011126435762165461,0.015809079297913524,0.020384049955263342
0.009913953104872062,0.03691178764880553,0.003777222211863315,0.025658773572276264,0.008821716980795912,0.0003488221159542917,0.010496681324965278,0.01886896279965747,0.025338575461180922,0.00410585369171503,0.008572331631420486,0.0030428458507992355,0.028489513589492657,0.02671995864744941,0.03777036165967369,0.030238989035506172,0.02504335114532986,0.011521184681983066,0.0086077389462886,0.02616893381101729
0.0018585072474716516,0.002006057629960484,0.0010079351849953749,0.0004115845140528433,0.0013772047447081328,0.0009227878850724335,0.0003030378360770821,0.00020872083241200585,0.00017554917327804615,0.0017161493645944535,0.0015164140542279366,0.0013150580521531874,0.0011987156188812968,0.0010097708160640058,0.0003665641301602177,0.0015231363987655874,0.0014676671326663915,0.001987083937517534,0.0020532241479032493,0.0017948580215735152
0.024590187140839544,0.031224950887263816,0.04686028583974389,0.05444056221878258,0.029688536988864065,0.05614468286707633,0.020667642400338873,0.04695598122874926,0.052659452060109004,0.0008362490573519784,0.03052639394272183,0.058332032402100366,0.039364281389973305,0.04259868621134434,0.024700512729210394,0.06910517169988764,0.06672725449467641,0.029853899388403105,0.05273683919473489,0.005405708273078286
0.005301066925646234,0.002112914697519248,0.013451486857407484,0.0013568278454300065,0.008402571628196227,0.007909939601362811,0.0011735784652819002,0.011253329247267128,0.005531207987263879,0.005227794390403116,0.012896462763841514,7.966073957718044e-05,0.00014191833284011297,0.0012146812776467019,0.00045883441935000056,0.000401401159926701,0.015562142787249987,0.005114823725552959,0.009015643470170729,0.0054396223024359815
0.001253376252446902,0.10980165450677659,0.10262766124216308,0.09992601539357795,0.028902263468817926,0.021492391817453323,0.02897129854826044,0.09118687698936766,0.09415800125026279,0.03630491330085274,0.08844608333616129,0.08895606686893033,0.03699553408656553,0.022033411178243725,0.015952860363294533,0.06231824435587999,0.0149614884128674,0.01613993562315457,0.011037742363509326,0.027085360864170585
0.014985918260941289,0.024873501746512285,0.011509042005850009,0.004549220844944261,0.023665606275792696,0.020390452925189234,0.008790803071340416,0.012276376311192225,0.023771809855807426,0.0004317160815712482,0.025857115219543658,0.019663839787438225,0.02684939691043407,0.01691805157759968,0.009687963470001417,0.01963370569364097,0.02730383859502371,0.023348866632589005,0.000703556132267018,0.005316211189492357
0.0014815104836005317,0.007186883416931697,0.009287928145221823,5.907885189673064e-05,0.017683021769540515,0.01055375568689458,0.015502591230369504,0.02047534721372365,0.014462186034379319,0.00795105939815108,0.013265728438589343,0.019653097315859114,0.014413107096298344,0.00021439855662453794,0.02122947144415381,0.017962267191348656,0.015731069548964503,0.021282171379222857,0.0020854470690913796,0.020839425783566286
0.03780713268049508,0.016265623653541453,0.030677967236849138,0.019302176619655713,0.048244773217262706,0.012160061101745228,0.012635891065489267,0.015441048482957317,0.02774220614274991,0.023979422760897515,0.04122880067175467,0.03113906548163756,0.0023192075890008292,0.024159272199037088,0.05240679316575265,0.04467856761466037,0.03514753445232006,0.043598416021725914,0.016874662699166956,0.05257456970365102
0.015195471761754177,0.020025551376441797,0.04106625326205078,0.01627635213510162,0.013896433893306737,0.01916622836883279,0.006013168940434655,0.015292840373964351,0.011883532841199885,0.03905242447647144,0.04398931117506934,0.02039306350647476,0.0072920769662883226,0.04384581456746322,0.006040723875834588,0.015421518263221414,0.015126633289391305,0.04400337236112134,0.00936587737186679,0.008831757573677485
0.00817513964498498,0.00643092842303403,0.018794668160736966,0.02036952504802834,0.014008957264360104,0.002285862147402427,0.004459214507578245,0.014274420506927819,0.017396098610582618,0.012158957622446788,0.017991975670646067,0.023138409817194575,0.01842498870172606,0.00967606110827678,0.022498986043319128,0.01869709980404152,0.024932965573813845,0.023772200781339327,0.019178275318380653,0.006850676817354689
0.010431585532541263,0.018417524048484464,0.0020684814382900467,0.016358894457601404,0.018014920080636338,0.001286693435198874,0.0009452955556685329,1.5426737032495576e-05,0.007858747075810933,0.0022004834678734358,0.011686246536012253,0.004989267706095289,0.012364714421265157,0.01369668742712563,0.016586766819064878,0.006495754905886714,0.018690231913781767,0.01729748387677369,0.0036546150040139063,3.761100658869798e-05
0.025379790345834125,0.003346120723128678,0.005658122027771809,0.013405564243195755,0.02423673820632136,0.004659931881209053,0.010204128722587979,0.024461146378788542,0.010401791835415744,0.024828253636605332,0.0049479334160287824,0.023949963391849242,0.00715731107870108,0.0028264876338004808,0.012662825718503277,0.00898749796915499,0.013446246224112425,0.01733736931663507,0.026783610200549327,0.00602116978296793
0.002754981944373015,0.05522767308881736,0.0841569855355344,0.025394115025527617,0.039620717675721326,0.06347503629039072,0.05165816065484853,0.044867236817811317,0.01983680537312455,0.07574032042297157,0.06769308798035893,0.0004926748854710271,0.002424643737528004,0.06778374244387882,0.059986506451441844,0.07595461857225395,0.03606856315032836,0.0575184761897891,0.06897141919857669,0.06992030885745977
0.002956452814968675,0.018067207544024237,0.0015969487389481006,0.027917446623512244,0.015598318213768779,0.009226761477542658,0.019028975734003254,0.01930495988400259,0.025226583679665304,0.023091601997996487,0.005971409776288392,0.012555781551040406,0.008503712463178478,0.021804088273905738,0.015674577658098602,0.009031038339672648,0.010935655748958132,0.024654270943727036,0.01413539471762634,0.02478429857911614
0.02231648701458511,0.019353807301860933,0.020343687018108788,0.00426696710377439,0.01124821555708765,0.01031155696229829,0.027723930385874177,0.018898620129626422,0.005197298464626997,0.01758612124917518,0.019961471962595033,0.02524998365040431,0.014552334386976565,0.01823634215378304,0.02340384863978216,0.02646430018636766,0.0170160338861964,0.003435424878967261,0.019514551621981124,0.009898084313553025
0.038312984748742916,0.052500301459676414,0.03751088078310398,0.058785429220157136,0.0012337039625801669,0.0451398295134599,0.05427417758597011,0.02026007016636616,0.05004895545878193,0.025325110622140094,0.05834182254053985,0.007871930008591167,0.026491987661627994,0.03305803087190062,0.02385524321663868,0.036371341201004576,0.05238721217644786,0.05196966374620963,0.040773319306830744,0.003670619503366349
0.01410537687334691,0.028229974330375926,0.024997862172753897,0.005272987947806699,0.03842142844242902,0.00907233603687141,0.022983740161416813,0.030764605544153133,0.004032350697444126,0.03352886633811013,0.0017122679302586812,0.0022096652189302914,0.00915363441365576,0.01934836388078535,0.03164776318958785,0.0033675661466973992,0.01891126156552888,0.011459333923572016,0.005572301719574619,0.002763804039273713
0.008105418331727579,0.01012823442793747,0.02391003575909638,0.04275340505715777,0.04716582494185311,0.03290487664507268,0.03601282275828266,0.022241689032737183,0.0447821897573059,0.02048925141001305,0.008955512404604012,0.020244687791064614,0.04318012449668377,0.005198773203805094,0.011352419071611828,0.023677013726346202,0.023609183139475378,0.0005197681673681997,0.024577215560337474,0.033535456001516493
0.0059064800016084395,0.01040861110992317,0.00017073291059316277,0.010991095538369498,0.0025069211233978254,0.004779768514236654,0.005898697681050188,0.010747380308253,0.005118905558191011,0.008113212544159516,0.009912258637812603,0.005032084187080684,0.011284488316150395,0.001679521323433011,0.01117802810113502,0.005843648524431791,0.004994247970953,0.006148825898496206,0.007315848510684938,0.008006697718139218
0.030219165317010792,0.04389598397394792,0.00531828482336951,0.001710344119785707,0.021009029447720637,0.04673019916001402,0.02765917377987198,0.040843980277761885,0.0011462342489047676,0.02414691100717982,0.02941206926372566,0.023776519631457778,0.04011156055556292,0.03701891263063231,0.016696166567922832,0.027173557938578445,0.04131302086331543,0.0463885112166842,0.024982185385853867,0.010465824695987416
0.027172631853595496,0.022560087205835543,0.044863020275709424,0.030501782271050024,0.0314838525189594,0.04620052094673112,0.016691912888614012,0.02425981815194728,0.03261718772280309,0.04248794105428605,0.02969547673496131,0.047190557298293696,0.014865277406515047,0.011565855169887885,0.006886166149736429,0.025293879906629436,0.038069220506990444,0.010425889488306599,0.02690885370192171,0.00764096988668034
0.007575326361323604,0.006123124900339572,0.007025573261650019,0.002730933701066361,0.00359629219999175,0.0023749824957322936,0.005412511274943488,0.007770946437577695,0.008630403210796767,0.002185423390265009,0.008280247775087743,0.007358827343014653,0.006140949517169575,0.002412992049940055,0.004411239791676472,0.00341332683853363,0.005658937180668355,0.003972216539014418,0.007917796789022252,0.006345146446503639
0.0611270046805948,0.017059631696244616,0.06580984793284946,0.03965098311432453,0.038808712060827914,0.05835869760911,0.03909356688503779,0.01649034189708326,0.03789321790644949,0.027790991714932083,0.054206785319191854,0.06018818934604668,0.028844310502602076,0.06327258911964992,0.03822224616580826,0.05117448799171452,0.00023131608496098716,0.012588958152930884,0.020756224683980067,0.01329865102178938
0.02391653455081834,0.026999055945931452,0.05919594311965171,0.011197831875286056,0.07811732460133845,0.04251013492334419,0.05797579870171832,0.05097581558271154,0.04213957583322297,0.047626966890313094,0.04728090183885339,0.06401650581024369,0.03885216512615778,0.0441180767683081,0.014948086131007633,0.02430549547444899,0.026040989246248144,0.06923003897456698,0.013085893778538558,0.07907465729438398
0.018796028521057592,0.04696941836689472,0.021154290145130778,0.02973543255227193,0.0475270149639693,0.0258443364100805,0.041105151511494284,0.053326645796905534,0.04793498123603837,0.049335461421627626,0.03573938906654727,0.05340121596194909,0.013669234314767425,0.03262152885325658,0.022660867987576803,0.019488511661609746,0.029788932843306776,0.00044309605159107855,0.028168497301471508,0.0301396474436258
0.05273656419904267,0.03420227807575638,0.05746210269442173,0.04329408080890123,0.0021609868666075185,0.00501724756878027,0.02047509907009783,0.009620003741906575,0.005100071803721196,0.04107158264493423,0.06668598863962762,0.024057340187605067,0.04417278077789313,0.049093581304285976,0.007487535012920887,0.018418868458965922,0.030074414137369145,0.05602924989446657,0.014495977949403539,0.0682664538259821
0.013881643572799354,0.045825426964915546,0.014508260693924746,0.08277017011599964,0.053552696332661,0.0022401177518802423,0.012450501173299523,0.059844798208040666,0.06843885676577048,0.043395977098836316,0.0009713150645816997,0.08882832223147868,0.05990259182767235,0.028396690871260448,0.02254399304706389,0.055858636523131874,0.00415968964135956,0.0873315486040424,0.043351155387671945,0.08555804886715
0.05315535831665992,0.04304182899081306,0.020803085739199895,0.03296880800213913,0.05430135813437728,0.039405025085856006,0.027535172528817136,0.034550178715082244,0.02895444763971746,0.008879300975276583,0.042452051213589595,0.05507760962345776,0.062168927453854744,0.035875967973544656,0.056356230168966355,0.009448354142157781,0.04753297810835137,0.017177670740428152,0.058663268322344586,0.06495112024419976
0.013879998921601584,0.022758177296389837,0.047693469108933476,0.038239641355551766,0.014250809077290922,0.035712042692034734,0.0037844866067864302,0.04796249640717589,0.00955416187303649,0.01840602757734638,0.04295923375959612,0.041189471279873734,0.0035466055560908426,0.004234941156909203,0.022443027915893185,0.043427488830653886,0.02652008570853231,0.013151705875813949,0.04481786244884051,0.028307963903635536
0.00609556464547079,0.0065893949969240894,0.013546709676588274,0.0022327805030710845,0.007631548634130141,0.0035550835037129348,5.44784566120081e-05,0.0006903121872851638,0.012279677979552327,0.002073880771032288,0.010671942409565071,0.009978093624766086,0.012599566075188163,0.008164947012989502,0.01503880898262816,0.007236848020153734,0.005746389997162063,0.013791522864761287,0.012084169088874436,0.009865725603842076
0.0422458586370668,0.024440688731069696,0.031127772042921227,0.009612071639437003,0.02574801172817535,0.04221857915632474,0.04031166982822489,0.0026061614685750777,0.0037200052439739857,0.010772384963931288,0.010592862597746609,0.03735142491408963,0.02305315498701466,0.02789826831313145,0.025514239350064062,0.04398662819645932,0.008159237739516243,0.019946515691863013,0.03600195819101479,0.02772591237407769
0.006262627305890477,0.008691689540489088,0.009684635543681265,0.0013229657391882505,0.007458192012612187,0.008374104909998077,0.0034481651498581805,0.004539706878435592,0.0015065510049379605,0.009912700703316839,0.010322965526608253,0.004768826020387505,0.0011937001775859438,0.0016919411113891954,0.00689024209021883,0.0062662635701816564,0.004531828525679749,0.008473417612958997,0.0017398944121455602,0.0006320893186339073
0.025923305149626624,0.0631495236896464,0.06897027897437172,0.0036512744092116684,0.01672635816061839,0.08195052633414593,0.030357017013406946,0.004971985754259602,0.07005156357935699,0.04630397265848051,0.021296426525169297,0.029002266122902635,0.03045953699683073,0.06019980809542964,0.059869694044946,0.03642030463313388,0.07036314577047126,0.0630442428484454,0.03454216429289394,0.07581762857998743
0.0706547574518487,0.019879529203156745,0.03046756866238537,0.023347275099445716,0.04435205192418778,0.06963942537063819,0.0015695644749781552,0.08200041355071609,0.003791371442866473,0.08299289832720969,0.001120319845295193,0.029316067815519296,0.06120982013092687,0.03556769539007845,0.032886794213181185,0.045168224659371044,0.051330747435809954,0.0300353729017605,0.02293575699849905,0.024487602072120366
0.07159453081533128,0.00750508535641296,0.051602569847238364,0.06050980080439653,0.03216856888302762,0.05629524667990246,0.015881056725746245,0.02100153199032479,0.03786706207272336,0.02624429455247206,0.07014718049508449,0.07405730534024806,0.07941337335840522,0.025976460416765577,0.03899412545666099,0.054362497269417887,0.011958954022895634,0.02147478246241586,0.07146574842254115,0.04118415427040466
0.006595499609432536,0.017021221977817844,0.03703289553441015,0.011741879869963699,0.041612798575254004,0.03263456195864038,0.029868159017988286,0.006900413380337425,0.04665237459847381,0.037209223047704534,0.04081165831839795,0.02886548867504324,0.04108101460177923,0.02333601062091719,0.0008878705858839999,0.04469738935427408,0.007701453368375159,0.014288665971714623,0.0373530161937679,0.03907333349042065
0.017594531169481696,0.007308099328052121,0.0025529338340559344,0.0031103393334561014,0.006340698075781983,0.0035685859276451425,0.0024967823290526947,0.01711805106257273,0.009515366491389737,0.003834059610127399,0.015000775303982125,0.008998259315446856,0.015912132239470515,0.005048283629442963,0.007736036994295243,0.011476668631662305,0.012074227567108858,0.011392126008965366,0.009619577405934884,0.008650153775235826
0.04826985309705036,0.03198694311671027,0.03467297268406555,0.02940343551154015,0.06083133276138542,0.05516154541899753,0.05997410587740282,0.004722434541846868,0.015538732678154215,0.0012655791476112513,0.036393556254990723,0.03757876973795671,0.0847229804249264,0.07062822895254492,0.03140937954302021,0.005290980516319016,0.007617919104789683,0.023998832734075264,0.035230032595336615,0.05403990761606831
0.03178709268947746,0.028670247232506305,0.010250004224066167,0.008226764720794536,0.01958406443599085,0.029405252522472697,0.02113758896078631,0.0063796255093301595,0.02396325141684172,0.042448208695850975,0.004687366163297229,0.02730092780254577,0.03340995683728338,0.027484811271422122,0.029085787742066445,0.013422618923514066,0.028482172961485072,0.019254529477572866,0.05106990793671541,0.04427108101135666
0.004283938452795616,0.046928713822473586,0.027994885619490116,0.01733435999697213,0.05571312705501714,0.03720636264808102,0.04452843509017135,0.04876543086030841,0.03313071650105381,0.05667708059417903,0.04559454155892806,0.040676282142280626,0.02928792082355522,0.015746475165306355,0.004561100128390759,0.04472033164195064,0.01801313626055551,0.0030427714160854284,0.05230952672685227,0.029629069265243856
0.0011866042527187144,0.004145682304225112,0.008227851986699846,0.0006464233340101033,0.007730923713495634,0.0025447279400306337,0.004884629815312586,0.0037226115095531347,0.002682637246272987,0.00043972816927810587,0.0026357207945975542,0.0029423751135674754,0.00838267053704717,0.0028914093377453093,0.000610119574193051,0.0023695157980248337,0.007479812885673226,0.0007851921361968237,0.007832452232551574,0.004921298673852778
0.01686677069268085,0.002782492633506613,0.01532870005859646,0.0228981295469266,0.009855336769001086,0.027300290342660346,0.012621141964811464,0.00462052892069977,0.007674695869990705,0.017240259456380948,0.0025563289702385814,0.02548259979702441,0.02544196282009203,0.021339253615938414,0.020740056799466524,0.021687167591240834,0.02111378438028926,0.017758455701223204,0.00047265352374747276,0.00844585925914736
0.027628811890805013,0.036255130906422246,0.05206778998660906,0.02662296830401063,0.056330944151136535,0.03376839338585808,0.026704240233626872,0.0017697831809293581,0.035124259337862423,0.030627363186046336,0.04586987771992015,0.027775268122699273,0.062472727219327416,0.046847488541919204,0.05599616918470522,0.025838865906997497,0.025870385925960988,0.006498721747721413,0.015025022437619268,0.04827342614088881
0.05095023122729479,0.03971018837475492,0.036142756965597586,0.0018293351341283671,0.022445474630604433,0.021247528130047256,0.03497531907343015,0.03185472075281118,0.008011132401205807,0.007058245762798313,0.04433744104240562,0.04390062736241689,0.0408898062144898,0.04780943504218218,0.02178686121146764,0.04882801582770736,0.04569082999249877,0.015322786681006331,0.0449794203989254,0.035818362859708755
0.050309344216956764,0.04923166609843669,0.010958316434514816,0.04533226642538281,0.05253627312918348,0.043425835534958504,0.017441817110774745,0.045971717434772824,0.010634737756905831,0.04856489266174291,0.0457160222323564,0.022121283209752582,0.036736879884041354,0.02546489702811322,0.052408235161152034,0.04027454887693261,0.008704110500934037,0.046109487273463846,0.05027626925888986,0.033221827861451794
0.02383220680678058,0.01399057464221804,0.0036522636858557773,0.026517574199017627,0.037359503533503494,0.015353483799726285,0.024187871067571143,0.038322734006771705,0.020665405039821505,0.03656573512533828,0.004451631822814842,0.016466965114474756,0.03957044865101019,0.03169487244040745,0.00964006202225784,0.03550051989112755,0.03805265079164004,0.03298453513714262,0.025950814113567134,0.004035286810025515
0.038035361430161695,0.00888206015082016,0.035418396759491995,0.04234343549716145,0.03667571069227513,0.0073773462811262906,0.04275588452496888,0.03110809677711139,0.002018694776618708,0.03642433918745093,0.04864942350153884,0.04425544418712704,0.0027213267828919948,0.04312050955161728,0.001225190359841257,0.002951402951142662,0.00327833779645934,0.04749233838836661,0.02105476063993499,0.04759568695761211
0.03902984297988938,0.009983430855697644,0.03987316217607155,0.00899099313328372,0.02576075123905071,0.0076218289614859575,0.054614593677750956,0.04677841809796697,0.008852413460695301,0.04793820267953121,0.01703624533285115,0.011346951648590143,0.01939809413138457,0.04904613973585156,0.02376408201563594,0.017263900957451804,0.009698094908564938,0.022286118395349875,0.023219912445877434,0.03602533382791325
0.05813970029220215,0.06439656570233293,0.015287129603864148,0.024754812066134092,0.04897384028036548,0.021987503456740595,0.04058023452595656,0.007221359059903659,0.007151397675054229,0.06476244632369624,0.025931305428968477,0.03373425591079626,0.01865712575038897,0.024672620470567775,0.030843647583747587,0.05459710351950682,0.05454641453817548,0.05106402213917064,0.03349456166883981,0.06570100660924705
0.03489547805985697,0.043939264322655686,0.004213018711820092,0.03345690883335011,0.03076735789268013,0.026337603061607956,0.020616232857579398,0.041917402595465295,0.032633054076042604,0.02430767628078033,0.002749392311888776,0.04066533316290156,0.04340895938252838,0.013652894284943332,0.04369261198537972,0.02680358505322234,0.005630441710544779,0.03661540185224069,0.009264387509359184,0.02417091599992684
0.03429857220757458,0.03449648784546807,0.014231296118061527,0.06429406003385027,0.05310572419249169,0.03303413336735545,0.04117624325351245,0.04816500401179976,0.020952637519481482,0.0166853588707442,0.0070350755884346075,0.08469020951104514,0.004295289998883624,0.07419192386466165,0.03687823953143807,0.030585444478210322,0.07082389547771989,0.04688558053944299,0.00939970762610467,0.07417873271676124
0.0018420531038905723,0.038264389864082295,0.0513252049075143,0.051169073837430294,0.024610557655042217,0.013482380999097123,0.004962083643159138,0.024226084338850783,0.0030169050225195226,0.016445325910899578,0.04711217655440558,0.052029695319263256,0.0057859506584582296,0.017899317213914797,0.05043967846593706,0.0014090144922251247,0.0464465383466603,0.04442841221332217,0.05501232626833224,0.012948343571255141
0.0028577952877478887,0.03197017057644894,0.05910157548306665,0.007745038179049571,0.041981493944985473,0.03479729604254206,0.06184232683974693,0.005241505751238421,0.048009589813374345,0.02689943479405745,0.012557609435794773,0.020124762335206898,0.012715325592286471,0.0005720857555987877,0.027967093972847676,0.025233314785110154,0.02875757168689537,0.04484552046442413,0.03337821172593673,0.05410565678869121
0.0013748379188449028,0.02557960670731243,0.03700652683677923,0.021966255195411507,0.03510668511151028,0.01734885625742358,0.029871573998979526,0.03831097681180392,0.04507991749864097,0.00017946826220525998,0.03240444228806843,0.006796577150522725,0.010770752026374052,0.01072070513041198,0.014350643720677542,0.01673554722302828,0.047269430044956005,0.025774084079881257,0.00792450427734039,0.021968506514336808
0.038802671982500016,0.03933497003136622,0.013999334094803828,0.06584814143107029,0.03965362492168757,0.023792095633025808,0.07124296024637583,0.05938511428152373,0.030560038467840486,0.040257244060520565,0.004473760644745714,0.08074102773309748,0.024357425990859882,0.04140022576812639,0.061470856779802775,0.02845788181385017,0.04375415688002496,0.036156237745915455,0.004287702848780369,0.0036643736884321917
0.03630915714420885,0.015216054716411227,0.0009433916028138783,0.007724158711431024,0.022733671945614826,0.03954916061164107,0.005817933865025095,0.009002831377387235,0.029370716652793394,0.0017341155332064755,0.046516066082445816,0.007580738879691607,0.006750504550790811,0.015231590319516972,0.01606495635594627,0.027788722180308974,0.03899776099598458,0.018878935688477334,0.024638497273353578,0.013353088226681917
0.030181061141712685,0.023483104112518777,0.009006166991474298,0.0051357326007720255,0.03006437023938562,0.011400130782952355,0.008769810177548633,0.021063201801038874,0.01533626454841757,0.024571579172967255,0.00471349546146644,0.0005009360882525997,0.01816107741538159,0.02388834715303598,0.03439490529541932,0.005601361552777656,0.02314568138732626,2.9594037435544463e-05,0.03168397663785482,0.03213742200372707
0.014947879279698652,0.06347049701709419,0.06076848250820089,0.03102899499572123,0.04974270940250196,0.02590302161725163,0.04657137426839501,0.06279025110647336,0.003245579343756466,0.03627827758998602,0.012367081522730295,0.06336802976312586,0.010247138681037358,0.06231548775372904,0.05062079591319335,0.0564642623591998,0.010615249615762231,0.00397671713553983,0.060917657556716326,0.045896013607605056
0.007141402424804073,0.010765608872499124,0.01400106206521918,0.005011173045222803,0.02456611575488478,0.03316890691533671,0.012902465317756781,0.0010723057793514748,0.0030098671380140505,0.02188791565456419,0.0031688988026499342,0.026315385657970525,0.013613471960154687,0.0311697643718123,0.005643841952012636,0.03478035430556601,0.005761858713875268,0.03836673747173758,0.02089860622048446,0.01098942533009991
0.0018719200473380651,0.04252145958357058,0.06650300188692645,0.015013555120509583,0.08461850312709705,0.03362928234229786,0.06947941174959536,0.001595567453304878,0.07487703641341895,0.029493341342801096,0.06644544217592704,0.026818747024935346,0.034602976109606866,0.06413752715474048,0.029852013140066257,0.0575826648499867,0.042186877565397025,0.02370098928310486,0.05151510291925989,0.05249336720714958
0.0030248386607097384,0.033686223887189434,0.010978917722289053,0.01145007911063978,0.020615143321485792,0.005028851720370109,0.010937445076698377,0.0006479919557834162,0.009496831418745695,0.0029621046308157947,0.01846610689261328,0.007183667034457429,0.014645183175992997,0.02727665126256956,0.02604241041790083,0.014674948130700593,0.004896100459589259,0.005311014273713799,0.004013217667925046,0.012706688831644388
0.042646798271543475,0.03546440520748299,0.04063347867141622,0.05817909717676413,0.05009869450129205,0.03752669061077212,0.010830561806487667,0.0018768004352912972,0.008287388745087238,0.07400430448176577,0.004600021988096117,0.06471657773735584,0.051881109178502346,0.06237723498733531,0.00935469063647998,0.029826549137739074,0.07090720880711199,0.07646822967627337,0.027941774348154595,0.0013183403501137345
0.053924065714788985,0.026194399516151042,0.000986135444720208,0.007102480782259922,0.044362979371676506,0.06292120863017292,0.005884183807143757,0.010515028509355035,0.04517733613886328,0.06075556571194231,0.03675831624794638,0.05417608834123608,0.01832818966101681,0.034637677972676195,0.024111636405713736,0.04862047944773134,0.017949271030402596,0.017030560365255396,0.05341906434200629,0.040265726313734936
0.029943266942586436,0.018050827596046013,0.037021966687709296,0.06100753151314677,0.0002948596512164681,0.00889790498002398,0.045646274849838686,0.017455844124181094,0.019979673051168184,0.019380334451527793,0.05655016486930939,0.040421701845989276,0.05059288385034228,0.011106831172713482,0.006142183157542996,0.060395566286869755,0.01254339860233258,0.04826565380570889,0.01318040582398116,0.06252089012970294
0.050490146813086445,0.04957392286110385,0.00309243260647307,0.004790251180696572,4.986183906686595e-05,0.034255030691750454,0.015457862552555657,0.025146036742813484,0.02639701418972922,0.03369407127487153,0.04649892257800364,0.0012740861082231763,0.05079819508536777,0.04208436560295644,0.03730211053932473,0.02226662689586788,0.016087113106995114,0.029542718155400934,0.03369989810491502,0.04252437017417651
0.03189853533756473,0.018817433042924485,0.008044959424904805,0.008160547058930817,0.038897182302161507,0.03214425607958572,0.04078899611284157,0.04127754500591116,0.0031223914325776824,0.006073598730131379,0.022998627643176353,0.02658882827210855,0.03221030548606732,0.017850472347090234,0.025154702114801183,0.014671795974735842,0.03128932580973343,0.01459738533217768,0.012387555839780953,0.01848794439643501
0.01661207587645287,0.00914786488214028,0.014688838647871684,0.005118105743751151,0.011427116944567339,0.004773881973963807,0.017398639597302784,0.01435376457741383,0.016606359089839307,0.011405443877383856,0.001286911174727235,0.01065510988977921,0.01591639134587071,0.0046479713706609836,0.004593117986151845,0.00855239445777535,0.016062780548371777,0.012182831807538635,0.012951130626422704,0.01466802384679495
0.0933558712108244,0.05696941351145261,0.011043568936776825,0.02668395604842173,0.0004097524423257244,0.055599535992948215,0.05456868760859229,0.05793896322665589,0.07584877996963534,0.005352991462181781,0.006768391525367745,0.05266224852297812,0.03770869149546078,0.005197772093620419,0.01057579873289972,0.07848605237537147,0.11091772209816908,0.07371314554241734,0.09354981729130163,0.006226038137581529
0.04631575790136108,0.008682096252878295,0.01706822418453639,0.015682324477397522,0.033121826280291915,0.05260252337411309,0.04893066550928319,0.013916113705670032,0.007481484030862528,0.038006836725096714,0.019636385822181444,0.051186354222067534,0.0009634816470134687,0.0015571842352193447,0.0245995936799146,0.029658014434000853,0.012638235846983934,0.0546687524703609,0.031022575247440745,0.03206020444237473
0.005242302417761289,0.00364447130551768,0.0033060433236137936,0.0002682818870882867,0.00083113311044391,6.708809194042515e-05,0.003373393829772357,0.0030821426892012555,0.005218728777596419,0.001102153234118495,0.0028369740019902182,0.004465731959615488,0.00455573147170921,0.0025845283292625885,0.0025817412573003154,0.0001169585456906018,1.8870219846961235e-06,0.004499296211300083,0.0024896883257363167,0.0021662296924985407
0.02537805905701656,0.017057016571495557,0.008391215147616427,0.003639297885089981,0.007481222476449626,0.030661168594630854,0.039393183811882004,0.01587437539675411,0.023480809397610644,0.03436234415393406,0.00791880559743155,0.007231943798289812,0.028983503472942738,0.0169982820013644,0.01621240925665234,0.03932712330709158,0.005710232841458368,0.02018902667308478,0.013462712406233989,0.02317863732802502
0.08679645305836442,0.04758241837883052,0.040777254257481944,0.04759078687678653,0.02849164444186326,0.0014423381504115184,0.09119187067131454,0.022469522858981437,0.02295141004349484,0.005573097934467504,0.046836864554374066,0.04727524391876222,0.049704201020224464,0.0027467707809907846,0.03631456967274436,0.04906591101446652,0.05309356013979203,0.040483257379369496,0.0663926072358695,0.08252141435409559
