0,81485,398.6
0,88711,401.5
0,100319,421.2
0,16923,425.4
0,50165,419.7
0,50662,306.1
0,60404,396.2
0,33510,397.8
0,117148,365.7
0,36466,413.5
0,118313,394.8
0,38725,401.0
0,46738,393.9
0,121319,446.0
0,87570,376.1
0,100647,373.5
0,102734,425.0
0,284,401.1
0,85446,407.1
0,71885,428.0
0,75738,392.8
0,61104,420.9
0,78543,405.8
0,102664,413.6
0,47566,398.7
0,53018,384.7
0,10419,391.9
0,114780,273.4
0,15744,433.2
0,114770,275.5
0,101252,412.2
0,75134,374.1
0,21528,392.7
0,112743,413.3
0,90842,396.0
0,90206,387.2
0,120460,425.3
0,88573,408.0
0,90544,406.9
0,65130,407.2
0,47950,428.4
0,5795,365.3
0,78923,420.7
0,103340,400.3
0,57010,388.2
0,51633,414.3
0,118319,378.3
0,42114,395.6
0,118972,413.1
0,16986,418.8
1,81485,414.0
1,88711,416.2
1,100319,401.6
1,16923,438.7
1,50165,398.9
1,50662,164.6
1,60404,427.7
1,33510,419.0
1,117148,393.8
1,36466,416.7
1,118313,392.8
1,38725,424.9
1,46738,416.1
1,121319,414.1
1,87570,403.0
1,100647,403.3
1,102734,410.1
1,284,416.0
1,85446,425.2
1,71885,413.6
1,75738,410.4
1,61104,396.7
1,78543,357.3
1,102664,396.7
1,47566,406.0
1,53018,430.4
1,10419,371.9
1,114780,348.6
1,15744,429.7
1,114770,236.9
1,101252,383.1
1,75134,391.6
1,21528,462.2
1,112743,413.1
1,90842,303.9
1,90206,391.7
1,120460,401.8
1,88573,433.8
1,90544,394.6
1,65130,410.9
1,47950,374.9
1,5795,383.3
1,78923,423.1
1,103340,404.0
1,57010,418.4
1,51633,368.8
1,118319,395.7
1,42114,427.2
1,118972,382.2
1,16986,399.8
2,81485,345.0
2,88711,415.8
2,100319,373.4
2,16923,404.3
2,50165,434.3
2,50662,313.8
2,60404,429.8
2,33510,389.4
2,117148,409.3
2,36466,430.4
2,118313,441.3
2,38725,401.3
2,46738,423.0
2,121319,404.1
2,87570,393.1
2,100647,413.3
2,102734,419.8
2,284,396.7
2,85446,443.6
2,71885,403.2
2,75738,386.1
2,61104,387.7
2,78543,379.8
2,102664,372.8
2,47566,399.7
2,53018,414.5
2,10419,406.6
2,114780,309.8
2,15744,421.1
2,114770,370.4
2,101252,363.7
2,75134,416.1
2,21528,329.9
2,112743,408.9
2,90842,418.9
2,90206,386.7
2,120460,410.9
2,88573,389.8
2,90544,393.6
2,65130,399.9
2,47950,410.5
2,5795,378.8
2,78923,400.1
2,103340,420.9
2,57010,378.0
2,51633,434.9
2,118319,411.2
2,42114,408.0
2,118972,394.7
2,16986,372.1
3,81485,434.8
3,88711,426.1
3,100319,393.0
3,16923,419.2
3,50165,411.9
3,50662,207.0
3,60404,405.6
3,33510,426.0
3,117148,368.8
3,36466,393.2
3,118313,388.6
3,38725,431.7
3,46738,416.4
3,121319,399.8
3,87570,398.2
3,100647,396.5
3,102734,393.5
3,284,346.6
3,85446,410.5
3,71885,433.2
3,75738,407.5
3,61104,401.7
3,78543,414.9
3,102664,396.3
3,47566,399.1
3,53018,397.2
3,10419,352.8
3,114780,263.9
3,15744,380.3
3,114770,226.9
3,101252,393.7
3,75134,382.3
3,21528,383.9
3,112743,390.1
3,90842,336.8
3,90206,414.7
3,120460,361.8
3,88573,392.0
3,90544,415.1
3,65130,411.5
3,47950,425.3
3,5795,415.3
3,78923,417.1
3,103340,425.1
3,57010,410.5
3,51633,444.6
3,118319,372.1
3,42114,400.9
3,118972,414.4
3,16986,352.8
4,81485,398.4
4,88711,408.7
4,100319,407.4
4,16923,373.5
4,50165,404.7
4,50662,345.3
4,60404,367.4
4,33510,427.7
4,117148,403.8
4,36466,449.6
4,118313,388.4
4,38725,392.6
4,46738,369.4
4,121319,442.5
4,87570,400.8
4,100647,422.2
4,102734,388.8
4,284,387.3
4,85446,406.4
4,71885,390.2
4,75738,413.0
4,61104,412.9
4,78543,412.8
4,102664,423.9
4,47566,430.6
4,53018,388.2
4,10419,425.1
4,114780,213.6
4,15744,406.8
4,114770,361.5
4,101252,415.6
4,75134,444.7
4,21528,393.3
4,112743,400.3
4,90842,318.0
4,90206,416.7
4,120460,370.6
4,88573,387.1
4,90544,388.9
4,65130,401.2
4,47950,391.4
4,5795,353.1
4,78923,426.6
4,103340,393.7
4,57010,445.6
4,51633,395.8
4,118319,394.8
4,42114,378.4
4,118972,397.9
4,16986,425.0
5,81485,411.1
5,88711,407.4
5,100319,429.8
5,16923,410.9
5,50165,434.4
5,50662,400.4
5,60404,437.6
5,33510,409.8
5,117148,387.6
5,36466,400.7
5,118313,403.7
5,38725,402.6
5,46738,379.2
5,121319,418.3
5,87570,422.3
5,100647,423.5
5,102734,419.6
5,284,400.8
5,85446,428.2
5,71885,397.5
5,75738,390.6
5,61104,390.0
5,78543,388.3
5,102664,380.5
5,47566,429.4
5,53018,386.9
5,10419,402.8
5,114780,236.9
5,15744,389.3
5,114770,298.5
5,101252,332.5
5,75134,376.7
5,21528,392.1
5,112743,413.4
5,90842,308.3
5,90206,432.6
5,120460,406.5
5,88573,367.5
5,90544,353.7
5,65130,397.0
5,47950,393.1
5,5795,458.2
5,78923,413.3
5,103340,385.5
5,57010,424.0
5,51633,379.4
5,118319,412.5
5,42114,389.2
5,118972,379.0
5,16986,408.5
6,81485,376.3
6,88711,410.6
6,100319,416.3
6,16923,411.3
6,50165,421.8
6,50662,314.2
6,60404,438.4
6,33510,393.1
6,117148,395.3
6,36466,425.0
6,118313,368.0
6,38725,399.9
6,46738,395.0
6,121319,416.4
6,87570,415.9
6,100647,403.6
6,102734,428.1
6,284,424.3
6,85446,406.3
6,71885,397.3
6,75738,392.8
6,61104,363.3
6,78543,394.3
6,102664,391.5
6,47566,390.8
6,53018,362.1
6,10419,375.9
6,114780,306.1
6,15744,382.9
6,114770,329.5
6,101252,403.8
6,75134,404.1
6,21528,433.1
6,112743,402.6
6,90842,386.5
6,90206,422.1
6,120460,383.1
6,88573,395.8
6,90544,382.2
6,65130,399.6
6,47950,385.1
6,5795,416.1
6,78923,393.3
6,103340,395.5
6,57010,371.0
6,51633,397.3
6,118319,391.9
6,42114,399.5
6,118972,367.1
6,16986,422.6
7,81485,365.0
7,88711,393.2
7,100319,418.9
7,16923,413.7
7,50165,430.9
7,50662,299.3
7,60404,403.3
7,33510,407.7
7,117148,358.1
7,36466,420.4
7,118313,402.0
7,38725,388.6
7,46738,401.9
7,121319,409.3
7,87570,396.1
7,100647,398.3
7,102734,364.1
7,284,411.5
7,85446,430.6
7,71885,398.5
7,75738,395.8
7,61104,397.2
7,78543,381.9
7,102664,431.2
7,47566,406.1
7,53018,413.9
7,10419,417.9
7,114780,321.9
7,15744,400.2
7,114770,330.2
7,101252,391.2
7,75134,414.9
7,21528,415.4
7,112743,422.8
7,90842,356.2
7,90206,412.2
7,120460,431.6
7,88573,413.0
7,90544,359.3
7,65130,409.2
7,47950,411.6
7,5795,383.0
7,78923,416.7
7,103340,374.4
7,57010,397.9
7,51633,412.3
7,118319,408.4
7,42114,424.4
7,118972,403.8
7,16986,380.8
8,81485,384.4
8,88711,354.5
8,100319,419.6
8,16923,391.1
8,50165,387.9
8,50662,242.1
8,60404,414.4
8,33510,380.8
8,117148,379.5
8,36466,401.4
8,118313,429.4
8,38725,419.7
8,46738,411.6
8,121319,394.4
8,87570,409.0
8,100647,373.5
8,102734,422.2
8,284,401.7
8,85446,423.4
8,71885,405.0
8,75738,398.3
8,61104,428.5
8,78543,436.4
8,102664,389.4
8,47566,423.2
8,53018,398.3
8,10419,394.9
8,114780,315.6
8,15744,411.0
8,114770,290.1
8,101252,397.8
8,75134,407.4
8,21528,350.9
8,112743,426.1
8,90842,375.6
8,90206,405.0
8,120460,378.5
8,88573,406.5
8,90544,407.1
8,65130,409.9
8,47950,359.2
8,5795,339.3
8,78923,397.1
8,103340,412.6
8,57010,418.9
8,51633,421.9
8,118319,382.7
8,42114,389.3
8,118972,393.3
8,16986,386.2
9,81485,401.2
9,88711,408.4
9,100319,405.6
9,16923,396.5
9,50165,385.2
9,50662,218.2
9,60404,399.8
9,33510,371.4
9,117148,359.1
9,36466,432.8
9,118313,400.2
9,38725,391.5
9,46738,412.8
9,121319,404.7
9,87570,372.0
9,100647,349.2
9,102734,377.2
9,284,400.2
9,85446,407.6
9,71885,423.9
9,75738,417.6
9,61104,385.4
9,78543,400.2
9,102664,428.2
9,47566,375.2
9,53018,386.9
9,10419,358.7
9,114780,325.0
9,15744,426.4
9,114770,341.1
9,101252,394.8
9,75134,418.7
9,21528,424.5
9,112743,422.7
9,90842,382.1
9,90206,410.1
9,120460,380.3
9,88573,388.7
9,90544,386.2
9,65130,416.5
9,47950,419.4
9,5795,423.2
9,78923,426.6
9,103340,392.2
9,57010,379.1
9,51633,383.1
9,118319,394.8
9,42114,404.9
9,118972,420.5
9,16986,400.8
10,81485,361.7
10,88711,417.8
10,100319,379.3
10,16923,443.2
10,50165,404.8
10,50662,250.0
10,60404,412.8
10,33510,410.6
10,117148,392.9
10,36466,431.9
10,118313,397.6
10,38725,422.8
10,46738,329.6
10,121319,416.4
10,87570,427.0
10,100647,418.0
10,102734,394.4
10,284,408.4
10,85446,386.6
10,71885,419.6
10,75738,392.7
10,61104,429.4
10,78543,403.1
10,102664,427.2
10,47566,408.1
10,53018,455.6
10,10419,335.8
10,114780,216.2
10,15744,404.8
10,114770,268.2
10,101252,304.9
10,75134,436.4
10,21528,406.3
10,112743,425.9
10,90842,388.6
10,90206,402.0
10,120460,387.8
10,88573,404.8
10,90544,383.5
10,65130,424.3
10,47950,397.2
10,5795,396.8
10,78923,434.2
10,103340,378.4
10,57010,409.0
10,51633,390.3
10,118319,389.1
10,42114,410.7
10,118972,364.0
10,16986,429.6
11,81485,388.1
11,88711,408.6
11,100319,421.5
11,16923,404.9
11,50165,425.6
11,50662,250.1
11,60404,397.7
11,33510,450.6
11,117148,392.0
11,36466,402.3
11,118313,409.2
11,38725,450.8
11,46738,408.8
11,121319,431.7
11,87570,362.3
11,100647,442.7
11,102734,371.5
11,284,442.0
11,85446,397.7
11,71885,422.7
11,75738,417.8
11,61104,439.3
11,78543,387.2
11,102664,427.2
11,47566,378.9
11,53018,382.4
11,10419,415.8
11,114780,321.7
11,15744,372.8
11,114770,277.1
11,101252,437.8
11,75134,328.6
11,21528,364.3
11,112743,403.6
11,90842,267.1
11,90206,429.6
11,120460,428.1
11,88573,372.4
11,90544,415.4
11,65130,398.1
11,47950,405.1
11,5795,410.7
11,78923,443.8
11,103340,403.5
11,57010,433.2
11,51633,432.5
11,118319,344.0
11,42114,424.1
11,118972,425.4
11,16986,381.1
12,81485,398.0
12,88711,356.1
12,100319,406.2
12,16923,431.8
12,50165,395.6
12,50662,199.3
12,60404,404.1
12,33510,386.5
12,117148,400.7
12,36466,396.0
12,118313,431.3
12,38725,404.1
12,46738,383.9
12,121319,450.0
12,87570,393.5
12,100647,408.6
12,102734,400.7
12,284,404.5
12,85446,370.5
12,71885,372.5
12,75738,376.9
12,61104,396.9
12,78543,356.0
12,102664,380.4
12,47566,416.1
12,53018,361.3
12,10419,392.1
12,114780,289.6
12,15744,407.8
12,114770,288.4
12,101252,435.0
12,75134,418.0
12,21528,424.4
12,112743,401.1
12,90842,311.9
12,90206,375.2
12,120460,405.1
12,88573,423.7
12,90544,382.2
12,65130,375.8
12,47950,361.9
12,5795,382.6
12,78923,393.1
12,103340,394.4
12,57010,391.6
12,51633,422.8
12,118319,401.1
12,42114,388.4
12,118972,404.1
12,16986,384.3
13,81485,412.8
13,88711,413.8
13,100319,395.9
13,16923,381.1
13,50165,401.4
13,50662,308.1
13,60404,426.8
13,33510,422.6
13,117148,409.5
13,36466,426.2
13,118313,398.4
13,38725,427.8
13,46738,441.8
13,121319,431.1
13,87570,393.1
13,100647,403.6
13,102734,406.3
13,284,420.7
13,85446,406.2
13,71885,442.2
13,75738,373.2
13,61104,395.8
13,78543,395.4
13,102664,401.5
13,47566,405.7
13,53018,392.5
13,10419,421.0
13,114780,299.8
13,15744,434.1
13,114770,284.1
13,101252,363.9
13,75134,424.0
13,21528,395.6
13,112743,423.8
13,90842,327.5
13,90206,392.0
13,120460,423.9
13,88573,451.2
13,90544,416.5
13,65130,389.6
13,47950,424.7
13,5795,396.6
13,78923,436.2
13,103340,437.3
13,57010,413.1
13,51633,401.5
13,118319,388.6
13,42114,428.7
13,118972,404.1
13,16986,385.6
14,81485,381.8
14,88711,401.4
14,100319,411.4
14,16923,428.0
14,50165,426.3
14,50662,252.5
14,60404,402.5
14,33510,417.4
14,117148,372.3
14,36466,413.2
14,118313,416.0
14,38725,415.2
14,46738,407.4
14,121319,428.3
14,87570,410.0
14,100647,401.9
14,102734,381.4
14,284,396.9
14,85446,377.5
14,71885,403.5
14,75738,383.1
14,61104,430.8
14,78543,361.3
14,102664,387.8
14,47566,376.0
14,53018,379.5
14,10419,395.9
14,114780,292.5
14,15744,387.1
14,114770,333.5
14,101252,419.3
14,75134,392.6
14,21528,403.7
14,112743,408.7
14,90842,205.2
14,90206,386.1
14,120460,408.4
14,88573,414.1
14,90544,408.5
14,65130,365.4
14,47950,406.2
14,5795,408.7
14,78923,380.1
14,103340,426.3
14,57010,393.5
14,51633,437.3
14,118319,411.1
14,42114,362.5
14,118972,451.6
14,16986,436.4
15,81485,373.1
15,88711,379.9
15,100319,415.0
15,16923,422.5
15,50165,431.6
15,50662,346.4
15,60404,429.1
15,33510,368.0
15,117148,389.3
15,36466,396.4
15,118313,446.6
15,38725,404.7
15,46738,394.7
15,121319,427.5
15,87570,430.7
15,100647,418.9
15,102734,369.9
15,284,398.3
15,85446,408.4
15,71885,405.9
15,75738,392.8
15,61104,381.3
15,78543,388.1
15,102664,397.6
15,47566,371.7
15,53018,440.6
15,10419,416.5
15,114780,354.1
15,15744,390.1
15,114770,287.8
15,101252,378.3
15,75134,440.4
15,21528,417.8
15,112743,431.9
15,90842,397.1
15,90206,397.6
15,120460,408.4
15,88573,417.2
15,90544,386.8
15,65130,396.5
15,47950,425.7
15,5795,393.3
15,78923,389.1
15,103340,390.0
15,57010,405.1
15,51633,412.4
15,118319,402.5
15,42114,425.3
15,118972,391.8
15,16986,402.4
16,81485,382.7
16,88711,382.9
16,100319,442.3
16,16923,420.6
16,50165,433.9
16,50662,268.4
16,60404,390.2
16,33510,428.9
16,117148,419.4
16,36466,431.9
16,118313,437.7
16,38725,417.2
16,46738,432.9
16,121319,445.6
16,87570,392.4
16,100647,402.9
16,102734,392.2
16,284,387.3
16,85446,388.3
16,71885,376.7
16,75738,394.7
16,61104,367.6
16,78543,413.9
16,102664,406.4
16,47566,424.4
16,53018,405.1
16,10419,410.8
16,114780,404.7
16,15744,421.8
16,114770,293.1
16,101252,418.1
16,75134,356.7
16,21528,409.8
16,112743,419.1
16,90842,344.5
16,90206,388.3
16,120460,388.9
16,88573,411.1
16,90544,384.8
16,65130,395.3
16,47950,391.9
16,5795,415.8
16,78923,416.6
16,103340,419.2
16,57010,400.8
16,51633,406.1
16,118319,430.1
16,42114,406.8
16,118972,358.0
16,16986,415.3
17,81485,414.7
17,88711,417.3
17,100319,406.3
17,16923,453.7
17,50165,398.1
17,50662,311.1
17,60404,423.1
17,33510,397.0
17,117148,406.9
17,36466,425.7
17,118313,367.1
17,38725,422.9
17,46738,443.2
17,121319,441.3
17,87570,419.6
17,100647,392.2
17,102734,377.2
17,284,419.1
17,85446,421.4
17,71885,430.8
17,75738,392.3
17,61104,383.8
17,78543,380.5
17,102664,389.4
17,47566,395.2
17,53018,412.0
17,10419,429.0
17,114780,337.6
17,15744,428.4
17,114770,310.0
17,101252,413.5
17,75134,381.1
17,21528,372.9
17,112743,428.3
17,90842,410.2
17,90206,444.5
17,120460,402.5
17,88573,394.0
17,90544,399.5
17,65130,389.0
17,47950,401.1
17,5795,392.0
17,78923,424.1
17,103340,403.4
17,57010,422.6
17,51633,410.4
17,118319,381.5
17,42114,442.9
17,118972,401.1
17,16986,414.8
18,81485,420.9
18,88711,373.4
18,100319,434.9
18,16923,438.5
18,50165,412.6
18,50662,289.6
18,60404,412.3
18,33510,422.2
18,117148,405.5
18,36466,423.8
18,118313,395.0
18,38725,407.2
18,46738,437.3
18,121319,408.3
18,87570,396.3
18,100647,404.8
18,102734,370.0
18,284,427.6
18,85446,379.5
18,71885,439.3
18,75738,427.4
18,61104,358.1
18,78543,404.9
18,102664,413.3
18,47566,392.9
18,53018,413.4
18,10419,425.8
18,114780,325.7
18,15744,417.3
18,114770,300.3
18,101252,370.6
18,75134,397.5
18,21528,421.0
18,112743,381.3
18,90842,347.1
18,90206,401.7
18,120460,379.2
18,88573,412.0
18,90544,416.5
18,65130,411.5
18,47950,393.2
18,5795,429.7
18,78923,404.0
18,103340,407.4
18,57010,427.2
18,51633,406.8
18,118319,423.1
18,42114,379.2
18,118972,402.3
18,16986,395.4
19,81485,399.5
19,88711,375.6
19,100319,401.8
19,16923,393.3
19,50165,416.5
19,50662,286.6
19,60404,451.7
19,33510,423.1
19,117148,401.2
19,36466,400.1
19,118313,357.6
19,38725,395.1
19,46738,421.8
19,121319,431.3
19,87570,427.3
19,100647,389.5
19,102734,393.3
19,284,360.9
19,85446,422.6
19,71885,401.4
19,75738,381.1
19,61104,396.1
19,78543,397.9
19,102664,406.9
19,47566,436.0
19,53018,414.1
19,10419,367.7
19,114780,249.7
19,15744,377.6
19,114770,448.1
19,101252,395.3
19,75134,397.9
19,21528,400.7
19,112743,415.7
19,90842,323.4
19,90206,430.9
19,120460,370.9
19,88573,390.9
19,90544,384.8
19,65130,380.0
19,47950,429.3
19,5795,434.4
19,78923,430.9
19,103340,405.8
19,57010,415.0
19,51633,446.2
19,118319,405.0
19,42114,437.2
19,118972,412.4
19,16986,386.9
20,81485,391.8
20,88711,404.3
20,100319,408.9
20,16923,416.9
20,50165,415.5
20,50662,279.3
20,60404,436.7
20,33510,425.7
20,117148,414.3
20,36466,423.9
20,118313,427.5
20,38725,413.9
20,46738,404.7
20,121319,371.5
20,87570,388.3
20,100647,416.6
20,102734,373.8
20,284,395.8
20,85446,404.4
20,71885,411.4
20,75738,375.7
20,61104,364.8
20,78543,425.5
20,102664,398.7
20,47566,352.7
20,53018,399.7
20,10419,396.5
20,114780,412.6
20,15744,393.2
20,114770,323.4
20,101252,372.8
20,75134,388.9
20,21528,424.5
20,112743,380.5
20,90842,329.2
20,90206,395.6
20,120460,365.4
20,88573,414.9
20,90544,408.2
20,65130,414.8
20,47950,418.2
20,5795,387.7
20,78923,415.2
20,103340,411.6
20,57010,385.3
20,51633,378.3
20,118319,408.0
20,42114,406.2
20,118972,390.6
20,16986,396.5
21,81485,368.8
21,88711,408.6
21,100319,401.4
21,16923,429.9
21,50165,427.5
21,50662,286.4
21,60404,424.0
21,33510,468.4
21,117148,380.2
21,36466,406.7
21,118313,363.1
21,38725,417.1
21,46738,404.0
21,121319,405.9
21,87570,421.7
21,100647,412.9
21,102734,381.7
21,284,437.9
21,85446,413.5
21,71885,421.5
21,75738,365.7
21,61104,419.8
21,78543,421.2
21,102664,403.7
21,47566,414.5
21,53018,409.5
21,10419,375.2
21,114780,336.4
21,15744,419.3
21,114770,321.5
21,101252,404.2
21,75134,404.9
21,21528,423.7
21,112743,390.3
21,90842,301.4
21,90206,401.0
21,120460,417.9
21,88573,423.1
21,90544,373.9
21,65130,390.9
21,47950,432.8
21,5795,390.9
21,78923,405.6
21,103340,410.3
21,57010,404.4
21,51633,412.6
21,118319,400.4
21,42114,379.9
21,118972,398.4
21,16986,388.0
22,81485,381.6
22,88711,395.7
22,100319,424.3
22,16923,400.3
22,50165,382.6
22,50662,292.4
22,60404,408.0
22,33510,412.4
22,117148,400.6
22,36466,387.2
22,118313,407.1
22,38725,390.6
22,46738,395.7
22,121319,396.1
22,87570,404.1
22,100647,396.1
22,102734,387.2
22,284,404.2
22,85446,411.1
22,71885,390.3
22,75738,390.8
22,61104,384.7
22,78543,419.7
22,102664,403.5
22,47566,426.9
22,53018,357.6
22,10419,405.2
22,114780,318.3
22,15744,374.4
22,114770,355.8
22,101252,376.8
22,75134,418.2
22,21528,398.5
22,112743,383.9
22,90842,312.7
22,90206,411.4
22,120460,378.3
22,88573,425.1
22,90544,383.8
22,65130,407.5
22,47950,426.9
22,5795,405.3
22,78923,387.1
22,103340,383.6
22,57010,381.7
22,51633,417.1
22,118319,449.3
22,42114,366.2
22,118972,379.1
22,16986,424.6
23,81485,378.1
23,88711,342.3
23,100319,408.7
23,16923,424.0
23,50165,406.7
23,50662,329.9
23,60404,416.3
23,33510,395.3
23,117148,386.8
23,36466,420.6
23,118313,386.6
23,38725,407.6
23,46738,414.5
23,121319,439.1
23,87570,392.8
23,100647,396.7
23,102734,392.4
23,284,418.5
23,85446,439.8
23,71885,414.2
23,75738,375.2
23,61104,394.7
23,78543,402.7
23,102664,402.6
23,47566,432.8
23,53018,385.4
23,10419,422.2
23,114780,383.1
23,15744,396.7
23,114770,267.8
23,101252,419.3
23,75134,361.6
23,21528,399.2
23,112743,397.3
23,90842,364.9
23,90206,388.9
23,120460,381.5
23,88573,431.7
23,90544,411.7
23,65130,404.4
23,47950,414.9
23,5795,432.8
23,78923,381.9
23,103340,398.9
23,57010,389.0
23,51633,442.9
23,118319,406.2
23,42114,430.4
23,118972,390.2
23,16986,424.1
24,81485,355.5
24,88711,381.2
24,100319,415.8
24,16923,403.2
24,50165,394.8
24,50662,272.8
24,60404,431.4
24,33510,443.6
24,117148,386.8
24,36466,400.7
24,118313,387.0
24,38725,399.5
24,46738,408.6
24,121319,417.9
24,87570,388.9
24,100647,435.3
24,102734,401.9
24,284,418.7
24,85446,407.5
24,71885,440.8
24,75738,413.2
24,61104,395.9
24,78543,386.5
24,102664,402.3
24,47566,408.1
24,53018,405.1
24,10419,365.6
24,114780,313.5
24,15744,400.4
24,114770,308.8
24,101252,419.5
24,75134,382.0
24,21528,356.2
24,112743,408.7
24,90842,393.1
24,90206,415.1
24,120460,408.3
24,88573,423.6
24,90544,359.6
24,65130,372.7
24,47950,406.9
24,5795,441.0
24,78923,429.1
24,103340,431.0
24,57010,382.9
24,51633,406.9
24,118319,402.1
24,42114,383.1
24,118972,423.5
24,16986,402.4
25,81485,408.8
25,88711,426.2
25,100319,393.5
25,16923,392.2
25,50165,419.2
25,50662,273.1
25,60404,400.2
25,33510,417.9
25,117148,396.7
25,36466,385.6
25,118313,382.8
25,38725,417.8
25,46738,365.4
25,121319,409.2
25,87570,381.9
25,100647,367.3
25,102734,397.4
25,284,417.3
25,85446,448.1
25,71885,411.8
25,75738,413.2
25,61104,402.9
25,78543,410.4
25,102664,428.0
25,47566,382.5
25,53018,412.4
25,10419,413.0
25,114780,245.1
25,15744,406.2
25,114770,377.8
25,101252,406.1
25,75134,395.6
25,21528,405.7
25,112743,438.8
25,90842,356.2
25,90206,410.4
25,120460,392.1
25,88573,393.3
25,90544,395.1
25,65130,407.8
25,47950,453.9
25,5795,385.9
25,78923,420.5
25,103340,368.9
25,57010,405.3
25,51633,412.9
25,118319,419.9
25,42114,397.9
25,118972,420.4
25,16986,355.4
26,81485,420.4
26,88711,383.9
26,100319,399.8
26,16923,429.5
26,50165,413.6
26,50662,302.4
26,60404,442.5
26,33510,412.1
26,117148,403.5
26,36466,429.9
26,118313,409.2
26,38725,424.1
26,46738,407.1
26,121319,425.6
26,87570,445.8
26,100647,398.9
26,102734,419.2
26,284,418.8
26,85446,354.1
26,71885,431.7
26,75738,346.2
26,61104,412.0
26,78543,414.8
26,102664,431.5
26,47566,406.9
26,53018,382.0
26,10419,381.2
26,114780,329.9
26,15744,375.4
26,114770,369.6
26,101252,455.6
26,75134,383.4
26,21528,393.4
26,112743,460.0
26,90842,324.1
26,90206,410.6
26,120460,411.4
26,88573,433.2
26,90544,391.4
26,65130,366.1
26,47950,405.4
26,5795,356.1
26,78923,432.4
26,103340,423.6
26,57010,416.9
26,51633,425.9
26,118319,383.9
26,42114,400.1
26,118972,388.4
26,16986,416.0
27,81485,397.6
27,88711,389.3
27,100319,408.4
27,16923,384.4
27,50165,387.5
27,50662,332.1
27,60404,389.2
27,33510,391.7
27,117148,415.4
27,36466,389.9
27,118313,390.3
27,38725,411.0
27,46738,352.2
27,121319,443.1
27,87570,408.0
27,100647,395.9
27,102734,385.3
27,284,404.1
27,85446,409.2
27,71885,410.3
27,75738,400.8
27,61104,412.7
27,78543,377.7
27,102664,390.0
27,47566,374.0
27,53018,366.7
27,10419,389.3
27,114780,236.9
27,15744,399.4
27,114770,364.2
27,101252,420.1
27,75134,395.7
27,21528,427.4
27,112743,444.7
27,90842,408.4
27,90206,386.9
27,120460,404.9
27,88573,393.6
27,90544,421.3
27,65130,399.9
27,47950,407.4
27,5795,421.3
27,78923,370.3
27,103340,412.8
27,57010,383.3
27,51633,423.1
27,118319,402.2
27,42114,392.9
27,118972,406.3
27,16986,410.2
28,81485,371.0
28,88711,412.7
28,100319,400.9
28,16923,402.6
28,50165,408.3
28,50662,225.4
28,60404,413.8
28,33510,412.2
28,117148,403.0
28,36466,395.5
28,118313,421.0
28,38725,424.8
28,46738,443.1
28,121319,420.7
28,87570,407.6
28,100647,423.0
28,102734,402.4
28,284,441.3
28,85446,391.8
28,71885,390.4
28,75738,396.1
28,61104,435.0
28,78543,388.0
28,102664,396.8
28,47566,427.4
28,53018,418.3
28,10419,401.0
28,114780,322.1
28,15744,325.6
28,114770,304.1
28,101252,406.9
28,75134,411.0
28,21528,434.2
28,112743,412.8
28,90842,378.3
28,90206,391.2
28,120460,372.7
28,88573,389.5
28,90544,407.9
28,65130,412.0
28,47950,421.2
28,5795,385.7
28,78923,410.1
28,103340,402.1
28,57010,414.6
28,51633,431.2
28,118319,411.1
28,42114,419.5
28,118972,411.1
28,16986,432.2
29,81485,413.6
29,88711,407.4
29,100319,401.7
29,16923,413.0
29,50165,413.2
29,50662,309.5
29,60404,444.7
29,33510,403.6
29,117148,406.5
29,36466,426.5
29,118313,412.0
29,38725,419.9
29,46738,359.6
29,121319,430.7
29,87570,399.8
29,100647,420.8
29,102734,404.5
29,284,396.2
29,85446,445.6
29,71885,389.3
29,75738,382.0
29,61104,353.6
29,78543,376.0
29,102664,434.7
29,47566,378.3
29,53018,418.0
29,10419,391.4
29,114780,305.2
29,15744,379.8
29,114770,300.4
29,101252,421.3
29,75134,391.5
29,21528,393.4
29,112743,444.9
29,90842,331.9
29,90206,401.5
29,120460,390.8
29,88573,423.1
29,90544,393.5
29,65130,406.2
29,47950,416.8
29,5795,422.6
29,78923,409.1
29,103340,430.2
29,57010,409.4
29,51633,433.3
29,118319,399.4
29,42114,409.7
29,118972,401.3
29,16986,379.1
30,81485,354.0
30,88711,418.4
30,100319,433.5
30,16923,391.0
30,50165,406.0
30,50662,216.2
30,60404,414.4
30,33510,407.9
30,117148,378.7
30,36466,398.3
30,118313,434.6
30,38725,409.3
30,46738,419.9
30,121319,391.0
30,87570,406.2
30,100647,409.8
30,102734,408.4
30,284,398.8
30,85446,405.5
30,71885,433.4
30,75738,428.1
30,61104,387.6
30,78543,436.3
30,102664,406.0
30,47566,425.2
30,53018,392.3
30,10419,379.9
30,114780,298.3
30,15744,393.9
30,114770,369.2
30,101252,441.9
30,75134,385.4
30,21528,386.0
30,112743,397.1
30,90842,332.5
30,90206,378.7
30,120460,382.7
30,88573,395.1
30,90544,415.8
30,65130,385.9
30,47950,413.5
30,5795,377.6
30,78923,393.8
30,103340,396.0
30,57010,398.1
30,51633,402.2
30,118319,407.2
30,42114,418.0
30,118972,380.6
30,16986,394.2
31,81485,378.2
31,88711,438.3
31,100319,466.2
31,16923,418.2
31,50165,382.8
31,50662,297.6
31,60404,414.1
31,33510,475.2
31,117148,346.7
31,36466,396.7
31,118313,394.9
31,38725,386.4
31,46738,415.8
31,121319,419.7
31,87570,388.0
31,100647,376.0
31,102734,396.8
31,284,425.3
31,85446,412.0
31,71885,393.2
31,75738,399.8
31,61104,361.5
31,78543,394.4
31,102664,378.4
31,47566,410.8
31,53018,406.3
31,10419,407.3
31,114780,204.3
31,15744,382.8
31,114770,314.3
31,101252,384.7
31,75134,389.1
31,21528,362.7
31,112743,430.3
31,90842,377.4
31,90206,424.2
31,120460,360.4
31,88573,410.7
31,90544,395.7
31,65130,396.7
31,47950,386.2
31,5795,389.9
31,78923,405.0
31,103340,415.5
31,57010,413.9
31,51633,445.2
31,118319,411.9
31,42114,381.8
31,118972,392.4
31,16986,388.9
32,81485,358.7
32,88711,372.8
32,100319,418.4
32,16923,464.5
32,50165,418.2
32,50662,240.4
32,60404,450.4
32,33510,403.6
32,117148,430.6
32,36466,421.6
32,118313,401.2
32,38725,422.6
32,46738,361.1
32,121319,391.2
32,87570,375.8
32,100647,409.2
32,102734,424.0
32,284,423.0
32,85446,380.9
32,71885,385.3
32,75738,427.3
32,61104,423.9
32,78543,391.2
32,102664,403.7
32,47566,425.9
32,53018,406.5
32,10419,435.6
32,114780,285.4
32,15744,345.8
32,114770,234.2
32,101252,363.4
32,75134,398.8
32,21528,396.9
32,112743,414.2
32,90842,324.2
32,90206,410.5
32,120460,392.4
32,88573,432.7
32,90544,426.0
32,65130,410.1
32,47950,436.4
32,5795,401.1
32,78923,425.7
32,103340,368.4
32,57010,421.8
32,51633,422.8
32,118319,372.3
32,42114,418.9
32,118972,393.8
32,16986,376.5
33,81485,393.6
33,88711,461.6
33,100319,406.2
33,16923,410.2
33,50165,389.0
33,50662,207.6
33,60404,364.4
33,33510,436.0
33,117148,390.2
33,36466,385.1
33,118313,402.4
33,38725,416.4
33,46738,397.6
33,121319,406.7
33,87570,381.8
33,100647,400.7
33,102734,379.3
33,284,426.6
33,85446,399.4
33,71885,439.9
33,75738,394.4
33,61104,380.1
33,78543,384.9
33,102664,461.4
33,47566,406.4
33,53018,360.2
33,10419,371.1
33,114780,295.1
33,15744,410.0
33,114770,240.9
33,101252,371.4
33,75134,407.8
33,21528,430.9
33,112743,431.4
33,90842,361.6
33,90206,407.6
33,120460,398.5
33,88573,397.8
33,90544,405.5
33,65130,389.5
33,47950,451.0
33,5795,400.6
33,78923,400.8
33,103340,436.4
33,57010,416.9
33,51633,397.9
33,118319,424.1
33,42114,400.1
33,118972,394.3
33,16986,416.5
34,81485,408.9
34,88711,407.4
34,100319,384.2
34,16923,390.3
34,50165,426.3
34,50662,258.5
34,60404,433.8
34,33510,399.7
34,117148,413.4
34,36466,434.0
34,118313,429.7
34,38725,401.7
34,46738,382.6
34,121319,412.7
34,87570,396.4
34,100647,451.6
34,102734,404.1
34,284,383.8
34,85446,415.8
34,71885,400.5
34,75738,405.0
34,61104,398.9
34,78543,379.8
34,102664,402.1
34,47566,373.0
34,53018,395.8
34,10419,364.2
34,114780,309.4
34,15744,389.6
34,114770,187.6
34,101252,424.9
34,75134,376.0
34,21528,410.3
34,112743,408.6
34,90842,388.1
34,90206,422.2
34,120460,387.3
34,88573,409.6
34,90544,384.1
34,65130,398.3
34,47950,419.9
34,5795,394.4
34,78923,420.8
34,103340,400.3
34,57010,419.8
34,51633,423.5
34,118319,365.2
34,42114,413.3
34,118972,424.0
34,16986,398.8
35,81485,376.3
35,88711,393.1
35,100319,431.6
35,16923,435.6
35,50165,417.1
35,50662,278.7
35,60404,434.6
35,33510,435.1
35,117148,374.2
35,36466,403.7
35,118313,399.6
35,38725,425.9
35,46738,361.1
35,121319,403.2
35,87570,401.5
35,100647,400.0
35,102734,419.7
35,284,428.5
35,85446,398.3
35,71885,359.3
35,75738,411.5
35,61104,389.3
35,78543,375.1
35,102664,389.3
35,47566,430.0
35,53018,367.1
35,10419,392.1
35,114780,278.2
35,15744,389.1
35,114770,361.7
35,101252,423.5
35,75134,423.3
35,21528,419.3
35,112743,404.8
35,90842,404.6
35,90206,431.7
35,120460,348.7
35,88573,418.3
35,90544,397.6
35,65130,424.7
35,47950,416.6
35,5795,385.0
35,78923,387.0
35,103340,372.5
35,57010,407.8
35,51633,415.6
35,118319,395.9
35,42114,368.1
35,118972,411.2
35,16986,394.6
36,81485,430.9
36,88711,401.6
36,100319,401.6
36,16923,428.1
36,50165,401.8
36,50662,250.7
36,60404,431.4
36,33510,427.5
36,117148,364.1
36,36466,410.3
36,118313,425.6
36,38725,407.9
36,46738,413.4
36,121319,430.7
36,87570,383.2
36,100647,377.2
36,102734,455.7
36,284,415.5
36,85446,379.9
36,71885,369.0
36,75738,452.9
36,61104,380.1
36,78543,400.9
36,102664,406.7
36,47566,343.8
36,53018,396.1
36,10419,348.3
36,114780,393.0
36,15744,437.1
36,114770,182.9
36,101252,408.4
36,75134,396.8
36,21528,384.0
36,112743,388.7
36,90842,400.0
36,90206,361.5
36,120460,432.1
36,88573,413.0
36,90544,405.7
36,65130,407.4
36,47950,414.7
36,5795,430.3
36,78923,419.6
36,103340,407.4
36,57010,405.6
36,51633,400.0
36,118319,426.7
36,42114,414.2
36,118972,409.1
36,16986,381.7
37,81485,358.5
37,88711,395.6
37,100319,438.2
37,16923,380.3
37,50165,424.7
37,50662,296.2
37,60404,439.5
37,33510,429.0
37,117148,369.1
37,36466,397.3
37,118313,407.5
37,38725,412.4
37,46738,453.2
37,121319,445.5
37,87570,443.0
37,100647,392.2
37,102734,423.0
37,284,407.0
37,85446,390.9
37,71885,409.7
37,75738,424.2
37,61104,353.1
37,78543,408.6
37,102664,417.8
37,47566,421.6
37,53018,404.2
37,10419,398.0
37,114780,183.9
37,15744,366.0
37,114770,408.2
37,101252,361.1
37,75134,401.7
37,21528,390.8
37,112743,376.8
37,90842,359.5
37,90206,422.8
37,120460,386.5
37,88573,392.5
37,90544,424.5
37,65130,391.7
37,47950,409.2
37,5795,389.8
37,78923,415.9
37,103340,400.8
37,57010,388.3
37,51633,381.9
37,118319,357.9
37,42114,393.1
37,118972,445.0
37,16986,415.4
38,81485,382.8
38,88711,398.6
38,100319,383.1
38,16923,417.3
38,50165,396.7
38,50662,283.6
38,60404,439.8
38,33510,420.4
38,117148,374.9
38,36466,415.6
38,118313,405.1
38,38725,418.7
38,46738,402.2
38,121319,397.2
38,87570,422.5
38,100647,419.9
38,102734,384.1
38,284,429.0
38,85446,395.1
38,71885,370.0
38,75738,407.2
38,61104,378.0
38,78543,388.1
38,102664,423.0
38,47566,387.5
38,53018,369.7
38,10419,416.7
38,114780,382.7
38,15744,387.7
38,114770,196.8
38,101252,386.3
38,75134,405.4
38,21528,394.5
38,112743,445.4
38,90842,331.4
38,90206,405.7
38,120460,369.1
38,88573,409.6
38,90544,406.7
38,65130,407.0
38,47950,384.4
38,5795,397.1
38,78923,403.5
38,103340,343.4
38,57010,384.6
38,51633,423.1
38,118319,413.8
38,42114,396.8
38,118972,410.9
38,16986,432.9
39,81485,398.6
39,88711,383.7
39,100319,425.1
39,16923,376.4
39,50165,390.8
39,50662,297.9
39,60404,446.1
39,33510,418.0
39,117148,363.1
39,36466,403.4
39,118313,425.4
39,38725,408.2
39,46738,396.7
39,121319,411.1
39,87570,399.0
39,100647,389.7
39,102734,418.5
39,284,389.6
39,85446,405.0
39,71885,369.7
39,75738,428.5
39,61104,374.0
39,78543,374.7
39,102664,382.7
39,47566,428.0
39,53018,392.2
39,10419,405.1
39,114780,193.2
39,15744,390.2
39,114770,272.4
39,101252,398.5
39,75134,355.1
39,21528,402.3
39,112743,415.3
39,90842,347.2
39,90206,412.9
39,120460,449.1
39,88573,403.0
39,90544,394.4
39,65130,434.9
39,47950,353.9
39,5795,405.4
39,78923,443.8
39,103340,398.5
39,57010,393.3
39,51633,414.0
39,118319,394.5
39,42114,409.8
39,118972,397.2
39,16986,409.1
40,81485,406.9
40,88711,387.9
40,100319,429.2
40,16923,400.5
40,50165,408.5
40,50662,188.1
40,60404,429.7
40,33510,413.4
40,117148,415.2
40,36466,397.4
40,118313,402.6
40,38725,431.1
40,46738,446.0
40,121319,426.4
40,87570,395.6
40,100647,413.2
40,102734,386.6
40,284,429.4
40,85446,430.1
40,71885,437.5
40,75738,395.8
40,61104,386.0
40,78543,398.9
40,102664,417.4
40,47566,392.8
40,53018,398.7
40,10419,422.1
40,114780,247.7
40,15744,447.5
40,114770,215.2
40,101252,378.4
40,75134,387.8
40,21528,386.9
40,112743,384.4
40,90842,325.8
40,90206,400.4
40,120460,400.0
40,88573,390.5
40,90544,422.8
40,65130,407.0
40,47950,400.1
40,5795,412.7
40,78923,398.2
40,103340,389.3
40,57010,374.3
40,51633,426.1
40,118319,409.4
40,42114,386.4
40,118972,403.3
40,16986,402.8
41,81485,365.4
41,88711,411.1
41,100319,382.3
41,16923,403.5
41,50165,399.1
41,50662,283.3
41,60404,401.8
41,33510,400.3
41,117148,389.6
41,36466,403.7
41,118313,412.6
41,38725,410.0
41,46738,404.9
41,121319,410.2
41,87570,414.7
41,100647,398.0
41,102734,426.6
41,284,407.1
41,85446,425.6
41,71885,430.5
41,75738,401.6
41,61104,382.8
41,78543,434.2
41,102664,387.2
41,47566,383.0
41,53018,413.4
41,10419,379.7
41,114780,420.5
41,15744,402.8
41,114770,329.5
41,101252,398.6
41,75134,403.4
41,21528,389.2
41,112743,430.5
41,90842,323.6
41,90206,453.0
41,120460,359.0
41,88573,420.3
41,90544,354.1
41,65130,412.9
41,47950,372.3
41,5795,399.9
41,78923,428.9
41,103340,433.1
41,57010,385.7
41,51633,390.0
41,118319,388.5
41,42114,417.3
41,118972,412.5
41,16986,414.0
42,81485,378.5
42,88711,416.0
42,100319,413.4
42,16923,429.4
42,50165,390.6
42,50662,378.9
42,60404,414.3
42,33510,420.2
42,117148,424.1
42,36466,424.7
42,118313,426.7
42,38725,426.2
42,46738,422.1
42,121319,406.8
42,87570,428.6
42,100647,370.9
42,102734,416.3
42,284,398.5
42,85446,350.7
42,71885,428.6
42,75738,379.4
42,61104,384.5
42,78543,427.2
42,102664,420.4
42,47566,416.9
42,53018,414.9
42,10419,415.3
42,114780,320.0
42,15744,395.3
42,114770,363.3
42,101252,402.5
42,75134,401.4
42,21528,327.7
42,112743,399.6
42,90842,394.7
42,90206,389.0
42,120460,334.3
42,88573,404.6
42,90544,410.1
42,65130,439.5
42,47950,385.3
42,5795,391.1
42,78923,405.4
42,103340,434.3
42,57010,386.6
42,51633,393.9
42,118319,387.5
42,42114,361.0
42,118972,401.3
42,16986,340.1
43,81485,400.7
43,88711,371.8
43,100319,393.6
43,16923,412.8
43,50165,442.2
43,50662,205.8
43,60404,418.3
43,33510,458.6
43,117148,372.2
43,36466,393.7
43,118313,393.7
43,38725,435.3
43,46738,353.2
43,121319,419.4
43,87570,402.2
43,100647,404.8
43,102734,428.0
43,284,423.5
43,85446,398.2
43,71885,378.1
43,75738,387.5
43,61104,410.0
43,78543,396.2
43,102664,389.8
43,47566,389.5
43,53018,419.0
43,10419,403.8
43,114780,202.1
43,15744,380.8
43,114770,366.6
43,101252,390.2
43,75134,427.1
43,21528,390.4
43,112743,383.3
43,90842,355.5
43,90206,407.8
43,120460,385.6
43,88573,418.6
43,90544,457.8
43,65130,384.6
43,47950,422.2
43,5795,404.9
43,78923,426.0
43,103340,421.1
43,57010,390.6
43,51633,411.7
43,118319,424.1
43,42114,406.6
43,118972,411.8
43,16986,415.0
44,81485,380.1
44,88711,410.0
44,100319,403.7
44,16923,394.6
44,50165,414.0
44,50662,212.2
44,60404,389.9
44,33510,415.2
44,117148,380.0
44,36466,416.7
44,118313,398.1
44,38725,367.8
44,46738,437.1
44,121319,452.2
44,87570,429.9
44,100647,399.0
44,102734,395.9
44,284,417.5
44,85446,429.4
44,71885,393.7
44,75738,399.2
44,61104,386.7
44,78543,391.5
44,102664,393.4
44,47566,394.6
44,53018,380.5
44,10419,383.7
44,114780,214.1
44,15744,396.8
44,114770,265.3
44,101252,384.9
44,75134,410.0
44,21528,406.8
44,112743,397.8
44,90842,328.4
44,90206,385.7
44,120460,427.8
44,88573,398.4
44,90544,410.8
44,65130,395.7
44,47950,394.1
44,5795,409.1
44,78923,412.8
44,103340,429.8
44,57010,401.1
44,51633,400.3
44,118319,388.5
44,42114,414.6
44,118972,406.0
44,16986,419.4
45,81485,371.8
45,88711,369.1
45,100319,409.3
45,16923,367.8
45,50165,448.3
45,50662,262.7
45,60404,453.3
45,33510,411.1
45,117148,423.7
45,36466,420.7
45,118313,383.8
45,38725,411.5
45,46738,454.7
45,121319,395.7
45,87570,376.7
45,100647,358.2
45,102734,418.2
45,284,405.8
45,85446,421.0
45,71885,406.3
45,75738,414.5
45,61104,396.7
45,78543,416.6
45,102664,415.4
45,47566,377.3
45,53018,409.2
45,10419,386.9
45,114780,174.2
45,15744,419.6
45,114770,344.2
45,101252,415.6
45,75134,411.5
45,21528,395.5
45,112743,394.7
45,90842,345.3
45,90206,429.1
45,120460,409.9
45,88573,451.9
45,90544,441.8
45,65130,418.1
45,47950,410.2
45,5795,383.8
45,78923,400.6
45,103340,397.1
45,57010,417.2
45,51633,430.5
45,118319,409.3
45,42114,399.9
45,118972,426.3
45,16986,390.3
46,81485,382.1
46,88711,410.3
46,100319,404.6
46,16923,424.6
46,50165,408.1
46,50662,214.4
46,60404,395.0
46,33510,380.7
46,117148,425.7
46,36466,422.7
46,118313,397.7
46,38725,412.0
46,46738,431.1
46,121319,411.5
46,87570,399.2
46,100647,415.5
46,102734,419.6
46,284,440.0
46,85446,401.0
46,71885,383.1
46,75738,409.2
46,61104,376.1
46,78543,411.6
46,102664,395.2
46,47566,386.7
46,53018,396.8
46,10419,335.9
46,114780,353.9
46,15744,398.9
46,114770,403.7
46,101252,421.1
46,75134,357.5
46,21528,368.6
46,112743,386.1
46,90842,283.4
46,90206,384.6
46,120460,422.1
46,88573,384.8
46,90544,394.4
46,65130,409.5
46,47950,424.0
46,5795,437.7
46,78923,364.8
46,103340,410.4
46,57010,390.5
46,51633,377.4
46,118319,398.4
46,42114,384.9
46,118972,387.1
46,16986,423.2
47,81485,369.3
47,88711,414.0
47,100319,435.5
47,16923,406.0
47,50165,367.4
47,50662,296.7
47,60404,417.8
47,33510,415.6
47,117148,410.2
47,36466,421.2
47,118313,435.9
47,38725,421.7
47,46738,420.6
47,121319,438.1
47,87570,393.7
47,100647,417.2
47,102734,437.8
47,284,402.0
47,85446,380.0
47,71885,418.8
47,75738,406.0
47,61104,420.4
47,78543,419.3
47,102664,404.0
47,47566,425.3
47,53018,410.7
47,10419,399.7
47,114780,382.4
47,15744,439.0
47,114770,371.8
47,101252,386.4
47,75134,429.0
47,21528,401.3
47,112743,389.5
47,90842,376.8
47,90206,418.0
47,120460,378.4
47,88573,418.0
47,90544,383.9
47,65130,401.7
47,47950,418.4
47,5795,408.0
47,78923,411.8
47,103340,385.8
47,57010,402.9
47,51633,397.1
47,118319,388.9
47,42114,361.9
47,118972,393.8
47,16986,444.5
48,81485,402.8
48,88711,370.0
48,100319,428.5
48,16923,435.2
48,50165,412.8
48,50662,254.7
48,60404,425.5
48,33510,424.1
48,117148,391.9
48,36466,450.8
48,118313,378.3
48,38725,420.9
48,46738,416.9
48,121319,390.6
48,87570,382.1
48,100647,381.6
48,102734,398.3
48,284,374.4
48,85446,421.7
48,71885,382.7
48,75738,366.1
48,61104,428.0
48,78543,408.0
48,102664,371.0
48,47566,411.2
48,53018,421.3
48,10419,376.5
48,114780,333.8
48,15744,407.4
48,114770,254.7
48,101252,407.1
48,75134,443.3
48,21528,394.7
48,112743,413.6
48,90842,382.5
48,90206,373.4
48,120460,387.7
48,88573,415.3
48,90544,414.5
48,65130,396.8
48,47950,384.3
48,5795,382.8
48,78923,379.4
48,103340,390.2
48,57010,420.0
48,51633,382.1
48,118319,429.1
48,42114,372.7
48,118972,459.7
48,16986,398.3
49,81485,417.8
49,88711,385.3
49,100319,397.0
49,16923,429.5
49,50165,392.1
49,50662,390.3
49,60404,410.9
49,33510,382.7
49,117148,392.4
49,36466,390.7
49,118313,437.1
49,38725,420.2
49,46738,400.0
49,121319,405.6
49,87570,413.2
49,100647,424.2
49,102734,388.4
49,284,388.7
49,85446,381.4
49,71885,426.4
49,75738,413.1
49,61104,422.3
49,78543,428.7
49,102664,407.1
49,47566,404.8
49,53018,410.0
49,10419,406.5
49,114780,233.6
49,15744,401.5
49,114770,266.1
49,101252,399.3
49,75134,435.7
49,21528,407.4
49,112743,414.8
49,90842,260.3
49,90206,455.2
49,120460,435.6
49,88573,404.1
49,90544,415.1
49,65130,401.8
49,47950,413.1
49,5795,376.7
49,78923,425.0
49,103340,422.5
49,57010,411.5
49,51633,391.0
49,118319,394.8
49,42114,398.1
49,118972,394.6
49,16986,388.6
50,81485,407.6
50,88711,392.1
50,100319,425.3
50,16923,433.2
50,50165,418.4
50,50662,311.2
50,60404,397.5
50,33510,393.2
50,117148,454.6
50,36466,419.3
50,118313,368.8
50,38725,419.0
50,46738,427.0
50,121319,421.7
50,87570,418.0
50,100647,397.7
50,102734,382.3
50,284,389.7
50,85446,366.6
50,71885,423.5
50,75738,416.6
50,61104,402.8
50,78543,389.9
50,102664,430.1
50,47566,397.3
50,53018,351.7
50,10419,390.3
50,114780,378.9
50,15744,419.5
50,114770,314.4
50,101252,381.6
50,75134,441.8
50,21528,399.2
50,112743,410.9
50,90842,376.9
50,90206,388.4
50,120460,412.2
50,88573,377.2
50,90544,389.8
50,65130,406.6
50,47950,405.8
50,5795,433.6
50,78923,418.3
50,103340,420.2
50,57010,376.8
50,51633,423.8
50,118319,387.2
50,42114,369.3
50,118972,386.6
50,16986,407.1
51,81485,435.6
51,88711,407.9
51,100319,403.6
51,16923,385.4
51,50165,421.2
51,50662,279.7
51,60404,413.5
51,33510,399.6
51,117148,392.3
51,36466,363.3
51,118313,418.1
51,38725,392.5
51,46738,420.7
51,121319,400.2
51,87570,385.1
51,100647,427.2
51,102734,404.4
51,284,414.5
51,85446,435.4
51,71885,428.3
51,75738,401.8
51,61104,427.5
51,78543,403.1
51,102664,409.1
51,47566,403.1
51,53018,398.5
51,10419,428.6
51,114780,168.1
51,15744,372.2
51,114770,241.2
51,101252,402.1
51,75134,402.2
51,21528,400.0
51,112743,439.1
51,90842,380.1
51,90206,464.3
51,120460,432.9
51,88573,407.1
51,90544,401.5
51,65130,395.6
51,47950,422.6
51,5795,375.6
51,78923,411.6
51,103340,409.5
51,57010,405.8
51,51633,399.9
51,118319,414.0
51,42114,409.2
51,118972,439.8
51,16986,407.9
52,81485,357.7
52,88711,395.4
52,100319,406.7
52,16923,401.3
52,50165,348.0
52,50662,309.7
52,60404,421.1
52,33510,426.6
52,117148,365.8
52,36466,399.4
52,118313,395.3
52,38725,442.3
52,46738,399.4
52,121319,427.1
52,87570,446.5
52,100647,369.4
52,102734,424.1
52,284,382.4
52,85446,389.6
52,71885,413.8
52,75738,369.5
52,61104,445.6
52,78543,412.7
52,102664,388.7
52,47566,401.7
52,53018,411.3
52,10419,446.6
52,114780,312.5
52,15744,405.0
52,114770,274.4
52,101252,389.4
52,75134,432.5
52,21528,379.4
52,112743,407.2
52,90842,388.6
52,90206,401.2
52,120460,455.7
52,88573,424.8
52,90544,407.8
52,65130,420.1
52,47950,428.6
52,5795,391.1
52,78923,424.7
52,103340,395.4
52,57010,425.6
52,51633,410.7
52,118319,407.6
52,42114,370.2
52,118972,385.0
52,16986,389.4
53,81485,360.8
53,88711,394.8
53,100319,429.5
53,16923,416.1
53,50165,405.9
53,50662,202.2
53,60404,419.5
53,33510,426.9
53,117148,353.1
53,36466,401.7
53,118313,394.2
53,38725,424.7
53,46738,415.1
53,121319,410.5
53,87570,387.5
53,100647,398.6
53,102734,408.5
53,284,397.3
53,85446,419.0
53,71885,411.7
53,75738,416.6
53,61104,408.0
53,78543,391.9
53,102664,376.3
53,47566,399.3
53,53018,428.7
53,10419,387.9
53,114780,371.7
53,15744,432.9
53,114770,262.6
53,101252,340.4
53,75134,388.7
53,21528,422.2
53,112743,428.8
53,90842,248.1
53,90206,355.4
53,120460,410.2
53,88573,400.1
53,90544,405.2
53,65130,373.9
53,47950,410.2
53,5795,405.5
53,78923,375.3
53,103340,421.7
53,57010,391.4
53,51633,405.0
53,118319,391.4
53,42114,422.9
53,118972,379.6
53,16986,417.0
54,81485,387.4
54,88711,393.3
54,100319,370.5
54,16923,405.7
54,50165,430.1
54,50662,275.3
54,60404,412.0
54,33510,412.7
54,117148,418.1
54,36466,426.6
54,118313,408.8
54,38725,400.2
54,46738,405.4
54,121319,406.8
54,87570,409.0
54,100647,407.1
54,102734,393.7
54,284,376.8
54,85446,356.3
54,71885,403.7
54,75738,371.9
54,61104,392.5
54,78543,424.8
54,102664,363.1
54,47566,425.1
54,53018,375.1
54,10419,358.8
54,114780,230.1
54,15744,344.3
54,114770,197.6
54,101252,399.3
54,75134,405.7
54,21528,373.7
54,112743,402.8
54,90842,367.0
54,90206,464.2
54,120460,395.2
54,88573,400.2
54,90544,409.0
54,65130,389.1
54,47950,403.3
54,5795,410.7
54,78923,423.0
54,103340,430.2
54,57010,429.8
54,51633,405.0
54,118319,403.1
54,42114,393.2
54,118972,391.4
54,16986,383.9
55,81485,419.3
55,88711,431.3
55,100319,396.3
55,16923,430.3
55,50165,394.7
55,50662,308.4
55,60404,402.8
55,33510,408.0
55,117148,363.7
55,36466,380.6
55,118313,423.4
55,38725,435.7
55,46738,329.6
55,121319,392.7
55,87570,379.4
55,100647,388.2
55,102734,386.9
55,284,360.7
55,85446,396.7
55,71885,391.7
55,75738,432.4
55,61104,399.3
55,78543,391.8
55,102664,409.2
55,47566,382.4
55,53018,395.5
55,10419,410.3
55,114780,220.6
55,15744,395.8
55,114770,300.6
55,101252,380.9
55,75134,398.1
55,21528,395.9
55,112743,385.4
55,90842,272.6
55,90206,404.1
55,120460,411.3
55,88573,413.9
55,90544,412.3
55,65130,386.8
55,47950,392.3
55,5795,399.5
55,78923,431.5
55,103340,387.0
55,57010,421.1
55,51633,421.0
55,118319,395.8
55,42114,399.6
55,118972,431.9
55,16986,389.2
56,81485,366.8
56,88711,375.5
56,100319,413.7
56,16923,402.0
56,50165,381.1
56,50662,290.6
56,60404,412.7
56,33510,418.0
56,117148,390.9
56,36466,411.2
56,118313,399.1
56,38725,390.6
56,46738,443.5
56,121319,442.2
56,87570,391.2
56,100647,359.0
56,102734,385.4
56,284,410.2
56,85446,421.3
56,71885,393.9
56,75738,407.3
56,61104,395.3
56,78543,363.6
56,102664,400.9
56,47566,441.5
56,53018,412.9
56,10419,386.5
56,114780,264.1
56,15744,277.6
56,114770,357.3
56,101252,411.0
56,75134,435.3
56,21528,380.9
56,112743,374.0
56,90842,389.0
56,90206,370.7
56,120460,406.7
56,88573,413.9
56,90544,401.4
56,65130,395.4
56,47950,417.6
56,5795,388.0
56,78923,433.3
56,103340,434.0
56,57010,398.8
56,51633,366.3
56,118319,396.8
56,42114,384.3
56,118972,398.3
56,16986,388.1
57,81485,349.2
57,88711,402.4
57,100319,390.2
57,16923,410.5
57,50165,432.8
57,50662,234.3
57,60404,418.2
57,33510,413.9
57,117148,404.1
57,36466,406.5
57,118313,398.6
57,38725,441.3
57,46738,382.7
57,121319,396.1
57,87570,417.0
57,100647,401.7
57,102734,417.0
57,284,388.2
57,85446,418.6
57,71885,408.6
57,75738,419.5
57,61104,354.1
57,78543,418.8
57,102664,420.9
57,47566,422.2
57,53018,393.8
57,10419,401.0
57,114780,283.4
57,15744,402.3
57,114770,318.0
57,101252,384.1
57,75134,393.7
57,21528,436.4
57,112743,411.3
57,90842,381.0
57,90206,398.4
57,120460,394.6
57,88573,415.5
57,90544,379.9
57,65130,389.8
57,47950,394.4
57,5795,402.1
57,78923,443.3
57,103340,400.7
57,57010,395.3
57,51633,405.1
57,118319,404.2
57,42114,404.9
57,118972,420.2
57,16986,390.6
58,81485,368.0
58,88711,437.4
58,100319,430.9
58,16923,374.3
58,50165,404.3
58,50662,222.0
58,60404,389.5
58,33510,451.3
58,117148,390.8
58,36466,405.7
58,118313,411.1
58,38725,389.6
58,46738,423.5
58,121319,435.7
58,87570,347.2
58,100647,416.6
58,102734,417.0
58,284,387.7
58,85446,411.0
58,71885,386.6
58,75738,412.3
58,61104,389.9
58,78543,413.3
58,102664,411.3
58,47566,420.8
58,53018,389.8
58,10419,383.2
58,114780,232.6
58,15744,386.2
58,114770,303.1
58,101252,458.3
58,75134,456.3
58,21528,401.5
58,112743,324.4
58,90842,275.1
58,90206,390.3
58,120460,448.9
58,88573,414.8
58,90544,431.0
58,65130,416.1
58,47950,435.5
58,5795,421.0
58,78923,418.6
58,103340,384.2
58,57010,389.5
58,51633,385.0
58,118319,408.9
58,42114,404.7
58,118972,400.5
58,16986,441.6
59,81485,349.6
59,88711,390.8
59,100319,392.9
59,16923,440.0
59,50165,410.3
59,50662,280.9
59,60404,410.1
59,33510,437.0
59,117148,380.4
59,36466,386.7
59,118313,400.6
59,38725,439.2
59,46738,388.1
59,121319,447.6
59,87570,425.9
59,100647,401.4
59,102734,418.8
59,284,402.8
59,85446,416.0
59,71885,373.0
59,75738,422.4
59,61104,373.6
59,78543,371.4
59,102664,426.0
59,47566,392.2
59,53018,432.7
59,10419,392.7
59,114780,259.5
59,15744,385.3
59,114770,220.5
59,101252,464.4
59,75134,389.5
59,21528,394.0
59,112743,385.8
59,90842,350.8
59,90206,391.3
59,120460,375.3
59,88573,427.8
59,90544,402.4
59,65130,408.5
59,47950,407.4
59,5795,380.7
59,78923,393.5
59,103340,448.0
59,57010,406.4
59,51633,392.3
59,118319,449.2
59,42114,380.6
59,118972,411.7
59,16986,410.2
60,81485,389.6
60,88711,385.9
60,100319,402.5
60,16923,419.5
60,50165,398.1
60,50662,207.7
60,60404,427.9
60,33510,376.5
60,117148,397.6
60,36466,443.7
60,118313,370.1
60,38725,425.7
60,46738,443.4
60,121319,383.3
60,87570,423.5
60,100647,376.5
60,102734,425.9
60,284,406.3
60,85446,421.4
60,71885,431.9
60,75738,415.6
60,61104,404.9
60,78543,378.6
60,102664,404.4
60,47566,412.0
60,53018,375.7
60,10419,414.6
60,114780,295.1
60,15744,391.4
60,114770,368.2
60,101252,418.8
60,75134,422.4
60,21528,375.7
60,112743,410.3
60,90842,258.7
60,90206,395.4
60,120460,405.3
60,88573,367.5
60,90544,392.9
60,65130,370.0
60,47950,369.6
60,5795,379.5
60,78923,389.1
60,103340,391.0
60,57010,397.6
60,51633,429.2
60,118319,396.3
60,42114,409.1
60,118972,403.6
60,16986,415.3
61,81485,371.5
61,88711,410.9
61,100319,383.7
61,16923,411.4
61,50165,391.7
61,50662,227.5
61,60404,413.3
61,33510,406.0
61,117148,358.9
61,36466,438.8
61,118313,392.7
61,38725,403.9
61,46738,363.7
61,121319,415.6
61,87570,396.2
61,100647,436.9
61,102734,408.7
61,284,422.0
61,85446,426.7
61,71885,418.8
61,75738,413.1
61,61104,396.1
61,78543,410.7
61,102664,391.8
61,47566,404.4
61,53018,388.5
61,10419,454.5
61,114780,304.1
61,15744,398.7
61,114770,205.1
61,101252,445.8
61,75134,405.1
61,21528,359.0
61,112743,391.8
61,90842,350.5
61,90206,392.8
61,120460,395.4
61,88573,398.3
61,90544,384.4
61,65130,376.8
61,47950,420.4
61,5795,377.8
61,78923,426.0
61,103340,414.0
61,57010,427.0
61,51633,424.2
61,118319,381.8
61,42114,383.4
61,118972,413.3
61,16986,396.8
62,81485,382.9
62,88711,356.7
62,100319,427.6
62,16923,407.5
62,50165,415.1
62,50662,363.7
62,60404,435.7
62,33510,440.4
62,117148,373.3
62,36466,411.6
62,118313,371.5
62,38725,405.5
62,46738,312.5
62,121319,424.0
62,87570,375.1
62,100647,394.8
62,102734,350.3
62,284,408.8
62,85446,393.7
62,71885,390.7
62,75738,415.1
62,61104,387.7
62,78543,391.9
62,102664,411.8
62,47566,404.8
62,53018,407.6
62,10419,387.3
62,114780,298.7
62,15744,406.3
62,114770,309.6
62,101252,394.4
62,75134,413.2
62,21528,397.0
62,112743,466.7
62,90842,345.5
62,90206,429.5
62,120460,393.0
62,88573,398.7
62,90544,402.2
62,65130,372.1
62,47950,410.3
62,5795,433.8
62,78923,419.4
62,103340,431.0
62,57010,406.8
62,51633,406.9
62,118319,385.7
62,42114,376.7
62,118972,412.4
62,16986,418.7
63,81485,393.8
63,88711,373.8
63,100319,411.2
63,16923,427.6
63,50165,399.2
63,50662,252.4
63,60404,406.7
63,33510,404.4
63,117148,382.8
63,36466,381.1
63,118313,407.1
63,38725,426.5
63,46738,383.3
63,121319,417.9
63,87570,405.9
63,100647,400.8
63,102734,416.7
63,284,426.4
63,85446,434.3
63,71885,411.0
63,75738,394.9
63,61104,410.0
63,78543,397.4
63,102664,403.5
63,47566,368.7
63,53018,418.4
63,10419,394.0
63,114780,316.3
63,15744,430.8
63,114770,375.4
63,101252,361.8
63,75134,371.5
63,21528,405.3
63,112743,384.9
63,90842,381.5
63,90206,399.0
63,120460,395.6
63,88573,420.8
63,90544,420.0
63,65130,404.9
63,47950,397.4
63,5795,397.7
63,78923,427.1
63,103340,406.9
63,57010,397.9
63,51633,419.2
63,118319,389.5
63,42114,430.4
63,118972,417.9
63,16986,423.6
64,81485,384.6
64,88711,400.7
64,100319,435.8
64,16923,437.6
64,50165,376.3
64,50662,264.1
64,60404,404.4
64,33510,430.0
64,117148,423.5
64,36466,427.0
64,118313,400.6
64,38725,379.2
64,46738,407.2
64,121319,404.8
64,87570,410.9
64,100647,420.4
64,102734,403.1
64,284,383.2
64,85446,401.6
64,71885,387.9
64,75738,408.5
64,61104,409.9
64,78543,410.3
64,102664,393.7
64,47566,420.0
64,53018,399.7
64,10419,380.6
64,114780,282.9
64,15744,381.5
64,114770,318.7
64,101252,368.0
64,75134,423.9
64,21528,369.3
64,112743,401.7
64,90842,348.7
64,90206,394.6
64,120460,387.9
64,88573,401.8
64,90544,429.4
64,65130,389.8
64,47950,402.4
64,5795,395.1
64,78923,405.4
64,103340,386.9
64,57010,403.6
64,51633,403.5
64,118319,396.3
64,42114,387.4
64,118972,392.3
64,16986,388.7
65,81485,392.5
65,88711,375.8
65,100319,429.2
65,16923,418.2
65,50165,417.4
65,50662,194.5
65,60404,416.3
65,33510,425.3
65,117148,412.6
65,36466,423.7
65,118313,378.0
65,38725,459.4
65,46738,416.5
65,121319,426.8
65,87570,418.3
65,100647,404.3
65,102734,402.1
65,284,422.6
65,85446,393.1
65,71885,407.9
65,75738,430.0
65,61104,381.4
65,78543,414.6
65,102664,408.3
65,47566,422.7
65,53018,396.2
65,10419,405.4
65,114780,337.9
65,15744,401.1
65,114770,341.6
65,101252,421.6
65,75134,399.0
65,21528,365.0
65,112743,413.2
65,90842,414.1
65,90206,431.3
65,120460,366.6
65,88573,434.2
65,90544,369.2
65,65130,421.4
65,47950,393.1
65,5795,411.9
65,78923,366.9
65,103340,371.8
65,57010,404.1
65,51633,397.4
65,118319,359.7
65,42114,400.2
65,118972,395.7
65,16986,421.6
66,81485,384.6
66,88711,405.9
66,100319,398.4
66,16923,402.2
66,50165,422.9
66,50662,237.7
66,60404,394.1
66,33510,429.8
66,117148,404.4
66,36466,410.3
66,118313,389.1
66,38725,389.5
66,46738,387.6
66,121319,412.5
66,87570,406.7
66,100647,339.4
66,102734,381.1
66,284,405.8
66,85446,413.8
66,71885,423.4
66,75738,402.0
66,61104,392.3
66,78543,428.3
66,102664,393.6
66,47566,384.4
66,53018,399.0
66,10419,380.6
66,114780,325.1
66,15744,415.5
66,114770,341.4
66,101252,391.5
66,75134,412.4
66,21528,375.1
66,112743,411.4
66,90842,379.2
66,90206,419.2
66,120460,412.1
66,88573,413.6
66,90544,395.1
66,65130,403.2
66,47950,367.7
66,5795,382.5
66,78923,419.9
66,103340,392.4
66,57010,416.6
66,51633,412.0
66,118319,399.3
66,42114,417.0
66,118972,382.2
66,16986,402.6
67,81485,419.4
67,88711,370.1
67,100319,356.9
67,16923,432.4
67,50165,419.1
67,50662,334.3
67,60404,377.5
67,33510,436.4
67,117148,392.7
67,36466,459.6
67,118313,377.8
67,38725,401.3
67,46738,420.0
67,121319,394.3
67,87570,371.9
67,100647,366.9
67,102734,391.7
67,284,408.3
67,85446,393.9
67,71885,386.0
67,75738,405.7
67,61104,385.9
67,78543,434.1
67,102664,413.5
67,47566,375.7
67,53018,409.1
67,10419,402.5
67,114780,267.5
67,15744,446.6
67,114770,277.7
67,101252,398.5
67,75134,376.3
67,21528,407.5
67,112743,365.5
67,90842,375.7
67,90206,362.6
67,120460,386.9
67,88573,407.1
67,90544,386.6
67,65130,379.7
67,47950,427.2
67,5795,407.3
67,78923,421.6
67,103340,397.1
67,57010,419.1
67,51633,392.6
67,118319,389.2
67,42114,398.2
67,118972,405.0
67,16986,392.5
68,81485,440.1
68,88711,397.8
68,100319,414.0
68,16923,443.7
68,50165,401.9
68,50662,223.1
68,60404,381.0
68,33510,399.7
68,117148,382.7
68,36466,430.6
68,118313,403.7
68,38725,422.0
68,46738,386.7
68,121319,409.2
68,87570,405.9
68,100647,419.9
68,102734,428.4
68,284,381.4
68,85446,434.2
68,71885,411.4
68,75738,395.3
68,61104,392.1
68,78543,400.6
68,102664,407.6
68,47566,412.3
68,53018,401.2
68,10419,394.8
68,114780,331.6
68,15744,419.0
68,114770,310.7
68,101252,353.1
68,75134,405.5
68,21528,393.3
68,112743,393.2
68,90842,362.8
68,90206,408.2
68,120460,420.7
68,88573,430.6
68,90544,416.6
68,65130,403.2
68,47950,402.5
68,5795,403.7
68,78923,426.1
68,103340,383.6
68,57010,435.4
68,51633,440.0
68,118319,418.6
68,42114,391.9
68,118972,405.6
68,16986,394.0
69,81485,391.8
69,88711,407.7
69,100319,415.9
69,16923,406.5
69,50165,426.1
69,50662,332.7
69,60404,440.3
69,33510,433.2
69,117148,401.9
69,36466,420.3
69,118313,423.4
69,38725,432.4
69,46738,421.6
69,121319,411.6
69,87570,386.0
69,100647,384.6
69,102734,431.7
69,284,382.9
69,85446,382.1
69,71885,413.8
69,75738,375.7
69,61104,364.6
69,78543,391.3
69,102664,408.8
69,47566,359.4
69,53018,360.1
69,10419,398.4
69,114780,252.7
69,15744,420.1
69,114770,295.1
69,101252,433.2
69,75134,398.5
69,21528,400.2
69,112743,408.7
69,90842,309.1
69,90206,367.8
69,120460,410.0
69,88573,421.9
69,90544,392.8
69,65130,439.3
69,47950,390.9
69,5795,423.7
69,78923,395.3
69,103340,426.4
69,57010,380.8
69,51633,437.1
69,118319,406.7
69,42114,439.9
69,118972,402.1
69,16986,442.6
70,81485,419.8
70,88711,411.1
70,100319,420.1
70,16923,392.6
70,50165,403.1
70,50662,365.2
70,60404,452.5
70,33510,377.9
70,117148,429.4
70,36466,405.5
70,118313,403.4
70,38725,394.4
70,46738,383.4
70,121319,398.3
70,87570,405.8
70,100647,402.4
70,102734,428.4
70,284,418.5
70,85446,419.9
70,71885,372.8
70,75738,397.1
70,61104,412.3
70,78543,399.7
70,102664,400.7
70,47566,426.5
70,53018,408.5
70,10419,398.0
70,114780,388.1
70,15744,376.5
70,114770,277.7
70,101252,370.0
70,75134,400.0
70,21528,382.0
70,112743,409.5
70,90842,311.0
70,90206,416.6
70,120460,395.5
70,88573,412.2
70,90544,411.6
70,65130,399.2
70,47950,462.4
70,5795,406.8
70,78923,437.9
70,103340,398.3
70,57010,377.1
70,51633,407.4
70,118319,373.6
70,42114,396.7
70,118972,377.6
70,16986,383.6
71,81485,413.9
71,88711,423.0
71,100319,401.5
71,16923,420.2
71,50165,390.8
71,50662,291.6
71,60404,424.4
71,33510,411.9
71,117148,397.5
71,36466,433.8
71,118313,419.5
71,38725,374.5
71,46738,421.9
71,121319,399.6
71,87570,446.1
71,100647,439.7
71,102734,421.8
71,284,408.2
71,85446,395.4
71,71885,424.9
71,75738,456.1
71,61104,390.7
71,78543,365.8
71,102664,424.5
71,47566,409.6
71,53018,408.4
71,10419,364.1
71,114780,241.6
71,15744,412.5
71,114770,276.9
71,101252,373.0
71,75134,409.5
71,21528,394.8
71,112743,428.6
71,90842,304.7
71,90206,406.3
71,120460,398.3
71,88573,424.7
71,90544,418.0
71,65130,377.9
71,47950,376.9
71,5795,411.0
71,78923,425.8
71,103340,352.3
71,57010,398.9
71,51633,398.9
71,118319,393.7
71,42114,402.5
71,118972,398.6
71,16986,397.8
72,81485,417.4
72,88711,403.1
72,100319,422.6
72,16923,406.0
72,50165,413.0
72,50662,209.0
72,60404,411.3
72,33510,405.5
72,117148,423.3
72,36466,399.6
72,118313,387.6
72,38725,406.2
72,46738,395.3
72,121319,424.4
72,87570,416.6
72,100647,398.0
72,102734,403.3
72,284,444.0
72,85446,423.3
72,71885,367.4
72,75738,418.3
72,61104,392.6
72,78543,410.8
72,102664,380.2
72,47566,406.9
72,53018,405.0
72,10419,362.6
72,114780,287.3
72,15744,395.0
72,114770,288.4
72,101252,368.0
72,75134,410.6
72,21528,396.8
72,112743,386.5
72,90842,314.0
72,90206,411.6
72,120460,377.3
72,88573,411.1
72,90544,384.4
72,65130,428.6
72,47950,385.2
72,5795,374.0
72,78923,404.2
72,103340,392.5
72,57010,419.7
72,51633,399.7
72,118319,352.4
72,42114,368.4
72,118972,410.7
72,16986,403.0
73,81485,388.5
73,88711,391.8
73,100319,386.4
73,16923,413.9
73,50165,421.6
73,50662,313.2
73,60404,423.2
73,33510,420.7
73,117148,394.1
73,36466,407.1
73,118313,374.8
73,38725,400.6
73,46738,407.5
73,121319,432.9
73,87570,403.9
73,100647,442.4
73,102734,418.8
73,284,406.1
73,85446,418.4
73,71885,414.3
73,75738,403.3
73,61104,382.6
73,78543,363.5
73,102664,396.3
73,47566,396.1
73,53018,393.2
73,10419,370.3
73,114780,231.5
73,15744,426.6
73,114770,302.0
73,101252,428.0
73,75134,382.5
73,21528,393.5
73,112743,387.1
73,90842,427.3
73,90206,418.5
73,120460,417.7
73,88573,402.9
73,90544,362.8
73,65130,446.2
73,47950,414.8
73,5795,454.2
73,78923,447.6
73,103340,416.6
73,57010,412.9
73,51633,405.0
73,118319,393.5
73,42114,382.2
73,118972,404.9
73,16986,434.2
74,81485,372.0
74,88711,362.5
74,100319,425.4
74,16923,442.3
74,50165,391.8
74,50662,228.0
74,60404,371.6
74,33510,423.5
74,117148,406.5
74,36466,364.3
74,118313,405.0
74,38725,410.4
74,46738,428.5
74,121319,388.6
74,87570,418.5
74,100647,390.3
74,102734,397.3
74,284,426.7
74,85446,420.6
74,71885,407.3
74,75738,421.2
74,61104,406.2
74,78543,372.2
74,102664,401.3
74,47566,399.9
74,53018,419.8
74,10419,378.1
74,114780,300.7
74,15744,400.1
74,114770,325.5
74,101252,376.2
74,75134,406.6
74,21528,414.1
74,112743,400.4
74,90842,260.2
74,90206,393.7
74,120460,364.0
74,88573,428.4
74,90544,410.1
74,65130,425.3
74,47950,377.0
74,5795,387.2
74,78923,412.4
74,103340,396.3
74,57010,385.5
74,51633,411.6
74,118319,348.0
74,42114,391.5
74,118972,365.2
74,16986,391.8
75,81485,416.3
75,88711,421.6
75,100319,406.5
75,16923,432.2
75,50165,385.4
75,50662,279.0
75,60404,421.9
75,33510,404.1
75,117148,405.8
75,36466,400.2
75,118313,447.9
75,38725,406.5
75,46738,393.3
75,121319,413.0
75,87570,405.6
75,100647,419.0
75,102734,418.8
75,284,413.9
75,85446,391.1
75,71885,394.1
75,75738,396.6
75,61104,372.9
75,78543,370.1
75,102664,392.3
75,47566,398.4
75,53018,358.8
75,10419,401.9
75,114780,375.0
75,15744,403.3
75,114770,302.0
75,101252,416.3
75,75134,398.3
75,21528,370.4
75,112743,409.5
75,90842,373.8
75,90206,439.1
75,120460,381.8
75,88573,395.8
75,90544,394.1
75,65130,402.6
75,47950,393.1
75,5795,385.9
75,78923,417.9
75,103340,403.8
75,57010,422.8
75,51633,381.9
75,118319,407.9
75,42114,406.4
75,118972,357.5
75,16986,391.6
76,81485,384.0
76,88711,401.5
76,100319,423.0
76,16923,423.2
76,50165,413.3
76,50662,188.1
76,60404,388.3
76,33510,434.7
76,117148,409.0
76,36466,380.7
76,118313,412.3
76,38725,452.9
76,46738,371.8
76,121319,415.5
76,87570,410.0
76,100647,434.4
76,102734,419.8
76,284,412.0
76,85446,412.7
76,71885,440.6
76,75738,384.8
76,61104,389.4
76,78543,412.9
76,102664,429.1
76,47566,392.4
76,53018,375.6
76,10419,423.5
76,114780,397.5
76,15744,413.1
76,114770,393.0
76,101252,404.2
76,75134,393.6
76,21528,402.4
76,112743,379.9
76,90842,399.6
76,90206,392.1
76,120460,355.1
76,88573,393.7
76,90544,388.9
76,65130,416.6
76,47950,417.3
76,5795,366.5
76,78923,419.9
76,103340,369.6
76,57010,445.1
76,51633,437.0
76,118319,391.0
76,42114,434.2
76,118972,384.7
76,16986,403.0
77,81485,353.0
77,88711,408.0
77,100319,440.1
77,16923,406.6
77,50165,453.5
77,50662,192.0
77,60404,419.1
77,33510,396.4
77,117148,402.5
77,36466,398.5
77,118313,391.2
77,38725,429.8
77,46738,417.5
77,121319,396.8
77,87570,405.6
77,100647,414.7
77,102734,402.8
77,284,424.4
77,85446,415.7
77,71885,422.0
77,75738,422.5
77,61104,386.1
77,78543,410.7
77,102664,390.3
77,47566,422.0
77,53018,387.0
77,10419,366.3
77,114780,177.4
77,15744,361.8
77,114770,357.1
77,101252,369.6
77,75134,435.3
77,21528,435.2
77,112743,412.0
77,90842,369.2
77,90206,410.0
77,120460,421.2
77,88573,413.6
77,90544,444.6
77,65130,395.6
77,47950,411.1
77,5795,422.3
77,78923,401.8
77,103340,391.8
77,57010,412.0
77,51633,421.6
77,118319,388.3
77,42114,403.3
77,118972,441.2
77,16986,433.8
78,81485,413.7
78,88711,404.6
78,100319,419.8
78,16923,413.2
78,50165,442.9
78,50662,324.2
78,60404,439.7
78,33510,385.2
78,117148,421.2
78,36466,409.8
78,118313,404.6
78,38725,416.4
78,46738,371.2
78,121319,436.6
78,87570,365.2
78,100647,404.8
78,102734,423.8
78,284,427.3
78,85446,417.9
78,71885,424.0
78,75738,419.2
78,61104,386.5
78,78543,378.5
78,102664,391.2
78,47566,383.8
78,53018,410.4
78,10419,370.9
78,114780,284.8
78,15744,412.0
78,114770,366.4
78,101252,439.9
78,75134,383.7
78,21528,425.6
78,112743,399.4
78,90842,322.8
78,90206,442.3
78,120460,416.6
78,88573,425.7
78,90544,416.4
78,65130,349.9
78,47950,382.9
78,5795,394.4
78,78923,423.8
78,103340,385.6
78,57010,407.9
78,51633,447.6
78,118319,404.9
78,42114,440.9
78,118972,387.2
78,16986,398.0
79,81485,405.0
79,88711,375.5
79,100319,404.5
79,16923,432.0
79,50165,386.3
79,50662,245.9
79,60404,396.4
79,33510,393.3
79,117148,397.1
79,36466,433.3
79,118313,445.6
79,38725,386.5
79,46738,421.2
79,121319,400.2
79,87570,429.5
79,100647,410.9
79,102734,399.4
79,284,405.1
79,85446,395.8
79,71885,435.4
79,75738,416.0
79,61104,389.6
79,78543,431.3
79,102664,430.4
79,47566,398.2
79,53018,378.9
79,10419,406.8
79,114780,238.9
79,15744,435.0
79,114770,144.8
79,101252,408.4
79,75134,399.5
79,21528,414.9
79,112743,407.9
79,90842,379.4
79,90206,376.3
79,120460,395.5
79,88573,431.5
79,90544,359.9
79,65130,363.1
79,47950,398.3
79,5795,383.7
79,78923,410.4
79,103340,414.4
79,57010,380.3
79,51633,406.3
79,118319,361.8
79,42114,387.6
79,118972,365.1
79,16986,403.3
80,81485,381.7
80,88711,448.8
80,100319,414.0
80,16923,411.0
80,50165,427.3
80,50662,288.9
80,60404,393.0
80,33510,448.8
80,117148,340.8
80,36466,379.2
80,118313,376.8
80,38725,388.2
80,46738,419.6
80,121319,437.5
80,87570,382.1
80,100647,376.1
80,102734,386.6
80,284,423.0
80,85446,388.2
80,71885,406.6
80,75738,351.1
80,61104,410.8
80,78543,365.8
80,102664,418.5
80,47566,400.2
80,53018,408.0
80,10419,444.8
80,114780,404.2
80,15744,388.8
80,114770,294.4
80,101252,367.9
80,75134,382.7
80,21528,396.5
80,112743,400.1
80,90842,379.6
80,90206,433.6
80,120460,377.0
80,88573,408.7
80,90544,392.3
80,65130,440.3
80,47950,394.5
80,5795,402.2
80,78923,426.3
80,103340,376.5
80,57010,389.7
80,51633,377.9
80,118319,406.8
80,42114,366.5
80,118972,389.8
80,16986,400.4
81,81485,400.7
81,88711,433.7
81,100319,421.7
81,16923,421.9
81,50165,394.7
81,50662,352.2
81,60404,474.3
81,33510,397.4
81,117148,387.7
81,36466,393.5
81,118313,423.3
81,38725,393.3
81,46738,386.3
81,121319,405.2
81,87570,417.4
81,100647,433.6
81,102734,380.4
81,284,413.8
81,85446,371.2
81,71885,402.8
81,75738,407.9
81,61104,390.9
81,78543,385.2
81,102664,387.4
81,47566,419.6
81,53018,419.0
81,10419,406.8
81,114780,277.6
81,15744,406.2
81,114770,343.9
81,101252,390.1
81,75134,387.9
81,21528,362.2
81,112743,403.7
81,90842,314.9
81,90206,413.5
81,120460,387.9
81,88573,439.0
81,90544,417.1
81,65130,431.5
81,47950,424.3
81,5795,369.5
81,78923,422.4
81,103340,400.5
81,57010,441.3
81,51633,407.6
81,118319,406.3
81,42114,413.7
81,118972,390.3
81,16986,421.6
82,81485,389.3
82,88711,398.4
82,100319,421.0
82,16923,387.2
82,50165,403.6
82,50662,309.0
82,60404,429.6
82,33510,419.1
82,117148,418.2
82,36466,385.7
82,118313,402.9
82,38725,419.2
82,46738,417.7
82,121319,417.6
82,87570,411.0
82,100647,407.6
82,102734,412.9
82,284,402.3
82,85446,415.4
82,71885,426.4
82,75738,438.6
82,61104,366.5
82,78543,395.1
82,102664,364.0
82,47566,382.0
82,53018,391.6
82,10419,403.5
82,114780,341.5
82,15744,398.5
82,114770,368.6
82,101252,393.3
82,75134,411.6
82,21528,369.3
82,112743,404.5
82,90842,384.9
82,90206,435.0
82,120460,385.9
82,88573,370.6
82,90544,420.9
82,65130,374.1
82,47950,381.8
82,5795,427.8
82,78923,385.1
82,103340,365.8
82,57010,396.6
82,51633,410.8
82,118319,399.0
82,42114,422.0
82,118972,422.4
82,16986,390.0
83,81485,371.7
83,88711,430.6
83,100319,393.8
83,16923,398.1
83,50165,418.9
83,50662,244.9
83,60404,409.0
83,33510,396.2
83,117148,378.5
83,36466,402.4
83,118313,428.5
83,38725,408.4
83,46738,393.1
83,121319,406.8
83,87570,447.8
83,100647,347.8
83,102734,447.9
83,284,402.3
83,85446,400.4
83,71885,424.5
83,75738,404.9
83,61104,403.4
83,78543,397.3
83,102664,398.1
83,47566,388.2
83,53018,387.8
83,10419,402.6
83,114780,284.7
83,15744,396.9
83,114770,289.5
83,101252,424.1
83,75134,429.6
83,21528,376.4
83,112743,423.7
83,90842,348.9
83,90206,412.2
83,120460,393.5
83,88573,371.3
83,90544,409.3
83,65130,384.1
83,47950,415.9
83,5795,380.4
83,78923,417.5
83,103340,389.9
83,57010,378.5
83,51633,393.9
83,118319,439.7
83,42114,419.0
83,118972,441.4
83,16986,391.3
84,81485,386.9
84,88711,408.5
84,100319,373.7
84,16923,422.3
84,50165,411.7
84,50662,211.2
84,60404,386.7
84,33510,424.2
84,117148,420.9
84,36466,411.6
84,118313,387.7
84,38725,431.0
84,46738,394.7
84,121319,371.2
84,87570,415.4
84,100647,376.2
84,102734,429.0
84,284,440.0
84,85446,391.8
84,71885,405.9
84,75738,385.9
84,61104,410.2
84,78543,377.8
84,102664,397.8
84,47566,425.4
84,53018,377.1
84,10419,423.3
84,114780,276.5
84,15744,414.9
84,114770,248.3
84,101252,360.0
84,75134,419.1
84,21528,395.6
84,112743,421.6
84,90842,342.9
84,90206,384.5
84,120460,396.2
84,88573,441.5
84,90544,391.5
84,65130,417.5
84,47950,438.4
84,5795,389.9
84,78923,384.8
84,103340,430.2
84,57010,412.3
84,51633,385.2
84,118319,399.0
84,42114,436.3
84,118972,434.0
84,16986,395.6
85,81485,402.9
85,88711,381.1
85,100319,375.1
85,16923,433.1
85,50165,411.3
85,50662,257.2
85,60404,413.4
85,33510,393.1
85,117148,407.6
85,36466,422.6
85,118313,384.4
85,38725,432.8
85,46738,423.2
85,121319,411.5
85,87570,391.0
85,100647,388.2
85,102734,421.9
85,284,445.3
85,85446,361.7
85,71885,410.6
85,75738,378.4
85,61104,416.2
85,78543,365.0
85,102664,443.3
85,47566,392.0
85,53018,405.1
85,10419,437.3
85,114780,250.0
85,15744,412.1
85,114770,305.5
85,101252,410.9
85,75134,388.3
85,21528,359.5
85,112743,386.4
85,90842,422.1
85,90206,413.2
85,120460,379.5
85,88573,419.3
85,90544,448.4
85,65130,384.0
85,47950,429.3
85,5795,371.5
85,78923,370.5
85,103340,407.6
85,57010,349.5
85,51633,432.4
85,118319,391.3
85,42114,414.6
85,118972,383.2
85,16986,402.8
86,81485,393.5
86,88711,384.7
86,100319,421.2
86,16923,400.4
86,50165,428.6
86,50662,310.6
86,60404,424.9
86,33510,378.4
86,117148,414.4
86,36466,420.4
86,118313,402.8
86,38725,435.5
86,46738,425.2
86,121319,380.1
86,87570,381.6
86,100647,422.4
86,102734,405.5
86,284,416.6
86,85446,415.6
86,71885,414.3
86,75738,405.1
86,61104,400.8
86,78543,375.1
86,102664,402.7
86,47566,370.4
86,53018,391.3
86,10419,422.2
86,114780,266.2
86,15744,358.1
86,114770,316.9
86,101252,366.5
86,75134,326.0
86,21528,411.3
86,112743,407.5
86,90842,311.2
86,90206,417.0
86,120460,405.8
86,88573,442.4
86,90544,398.2
86,65130,444.5
86,47950,421.1
86,5795,395.4
86,78923,413.7
86,103340,372.4
86,57010,397.8
86,51633,408.4
86,118319,378.8
86,42114,399.6
86,118972,412.6
86,16986,415.4
87,81485,355.4
87,88711,381.9
87,100319,416.0
87,16923,409.6
87,50165,383.9
87,50662,335.4
87,60404,402.0
87,33510,406.7
87,117148,388.3
87,36466,399.6
87,118313,408.6
87,38725,437.2
87,46738,419.1
87,121319,424.9
87,87570,427.1
87,100647,412.4
87,102734,408.2
87,284,406.9
87,85446,410.5
87,71885,420.3
87,75738,391.5
87,61104,420.6
87,78543,417.2
87,102664,385.1
87,47566,430.3
87,53018,434.0
87,10419,398.8
87,114780,395.1
87,15744,420.6
87,114770,283.9
87,101252,378.5
87,75134,375.2
87,21528,354.8
87,112743,392.9
87,90842,441.3
87,90206,403.6
87,120460,395.0
87,88573,413.9
87,90544,380.1
87,65130,401.7
87,47950,408.5
87,5795,414.6
87,78923,417.0
87,103340,415.2
87,57010,438.1
87,51633,430.0
87,118319,405.1
87,42114,389.5
87,118972,440.9
87,16986,424.8
88,81485,388.3
88,88711,385.5
88,100319,438.6
88,16923,382.2
88,50165,425.4
88,50662,258.4
88,60404,401.1
88,33510,402.8
88,117148,390.0
88,36466,396.4
88,118313,365.1
88,38725,415.3
88,46738,433.7
88,121319,406.3
88,87570,438.1
88,100647,433.1
88,102734,410.5
88,284,430.8
88,85446,432.2
88,71885,404.7
88,75738,406.6
88,61104,414.8
88,78543,400.4
88,102664,397.8
88,47566,413.2
88,53018,426.5
88,10419,417.7
88,114780,235.6
88,15744,380.9
88,114770,239.1
88,101252,438.1
88,75134,376.9
88,21528,394.4
88,112743,414.7
88,90842,364.1
88,90206,430.4
88,120460,405.0
88,88573,401.6
88,90544,382.1
88,65130,377.8
88,47950,390.4
88,5795,424.9
88,78923,390.8
88,103340,388.2
88,57010,436.7
88,51633,438.1
88,118319,387.8
88,42114,377.3
88,118972,404.7
88,16986,423.8
89,81485,370.2
89,88711,420.0
89,100319,406.4
89,16923,411.2
89,50165,407.7
89,50662,279.4
89,60404,393.0
89,33510,399.3
89,117148,377.9
89,36466,407.6
89,118313,413.4
89,38725,411.4
89,46738,407.9
89,121319,450.0
89,87570,436.8
89,100647,370.3
89,102734,372.7
89,284,433.5
89,85446,389.6
89,71885,412.8
89,75738,444.5
89,61104,401.6
89,78543,386.4
89,102664,389.4
89,47566,395.8
89,53018,403.0
89,10419,445.0
89,114780,335.7
89,15744,356.9
89,114770,157.3
89,101252,370.7
89,75134,416.0
89,21528,361.3
89,112743,387.6
89,90842,166.9
89,90206,440.0
89,120460,404.0
89,88573,356.6
89,90544,374.8
89,65130,369.6
89,47950,381.8
89,5795,402.0
89,78923,431.8
89,103340,404.8
89,57010,406.0
89,51633,386.2
89,118319,409.1
89,42114,377.9
89,118972,393.7
89,16986,394.2
90,81485,408.4
90,88711,420.6
90,100319,421.9
90,16923,398.5
90,50165,427.1
90,50662,161.1
90,60404,421.1
90,33510,406.4
90,117148,418.9
90,36466,398.6
90,118313,372.0
90,38725,421.9
90,46738,421.8
90,121319,418.9
90,87570,392.7
90,100647,404.9
90,102734,371.5
90,284,403.2
90,85446,388.8
90,71885,394.8
90,75738,441.8
90,61104,371.4
90,78543,419.7
90,102664,431.6
90,47566,427.0
90,53018,417.9
90,10419,420.3
90,114780,316.2
90,15744,399.7
90,114770,343.8
90,101252,442.7
90,75134,411.1
90,21528,402.5
90,112743,437.4
90,90842,312.7
90,90206,383.4
90,120460,394.8
90,88573,413.1
90,90544,377.5
90,65130,387.2
90,47950,402.5
90,5795,385.8
90,78923,425.8
90,103340,402.3
90,57010,379.4
90,51633,413.9
90,118319,378.7
90,42114,384.6
90,118972,418.7
90,16986,388.4
91,81485,375.1
91,88711,449.3
91,100319,391.4
91,16923,432.8
91,50165,404.9
91,50662,177.3
91,60404,411.4
91,33510,419.1
91,117148,381.5
91,36466,413.5
91,118313,393.3
91,38725,414.4
91,46738,429.4
91,121319,439.2
91,87570,431.2
91,100647,399.8
91,102734,376.7
91,284,407.4
91,85446,381.5
91,71885,393.6
91,75738,402.0
91,61104,419.7
91,78543,422.1
91,102664,409.7
91,47566,400.1
91,53018,397.4
91,10419,396.2
91,114780,296.0
91,15744,411.7
91,114770,377.4
91,101252,371.0
91,75134,367.9
91,21528,383.9
91,112743,421.4
91,90842,360.0
91,90206,389.8
91,120460,383.2
91,88573,397.5
91,90544,404.0
91,65130,413.0
91,47950,410.3
91,5795,412.8
91,78923,395.6
91,103340,414.0
91,57010,401.7
91,51633,376.9
91,118319,438.3
91,42114,411.0
91,118972,406.2
91,16986,396.5
92,81485,402.6
92,88711,372.1
92,100319,396.4
92,16923,413.3
92,50165,403.6
92,50662,239.1
92,60404,437.5
92,33510,412.3
92,117148,396.7
92,36466,419.3
92,118313,410.3
92,38725,411.4
92,46738,436.0
92,121319,415.6
92,87570,396.8
92,100647,411.8
92,102734,395.3
92,284,403.4
92,85446,422.1
92,71885,385.6
92,75738,382.2
92,61104,386.6
92,78543,423.9
92,102664,402.0
92,47566,403.1
92,53018,403.7
92,10419,355.6
92,114780,352.4
92,15744,387.0
92,114770,181.4
92,101252,369.5
92,75134,367.1
92,21528,386.6
92,112743,421.7
92,90842,380.8
92,90206,401.2
92,120460,431.3
92,88573,407.4
92,90544,388.7
92,65130,397.3
92,47950,410.5
92,5795,373.6
92,78923,391.1
92,103340,403.3
92,57010,409.5
92,51633,422.4
92,118319,390.4
92,42114,424.0
92,118972,415.8
92,16986,395.9
93,81485,363.3
93,88711,434.4
93,100319,401.2
93,16923,422.7
93,50165,444.8
93,50662,240.8
93,60404,384.0
93,33510,406.8
93,117148,416.7
93,36466,439.1
93,118313,418.0
93,38725,388.0
93,46738,406.5
93,121319,424.4
93,87570,410.3
93,100647,388.8
93,102734,398.9
93,284,414.6
93,85446,395.1
93,71885,381.8
93,75738,394.4
93,61104,428.0
93,78543,436.0
93,102664,401.0
93,47566,438.0
93,53018,435.5
93,10419,413.5
93,114780,304.2
93,15744,410.2
93,114770,266.6
93,101252,406.6
93,75134,373.4
93,21528,412.8
93,112743,410.1
93,90842,353.3
93,90206,427.8
93,120460,438.7
93,88573,384.4
93,90544,384.8
93,65130,414.2
93,47950,385.4
93,5795,410.8
93,78923,412.1
93,103340,435.2
93,57010,411.9
93,51633,405.9
93,118319,403.7
93,42114,407.1
93,118972,416.7
93,16986,378.1
94,81485,410.3
94,88711,348.6
94,100319,442.1
94,16923,424.8
94,50165,399.6
94,50662,270.6
94,60404,456.3
94,33510,396.8
94,117148,387.3
94,36466,395.3
94,118313,413.2
94,38725,394.0
94,46738,402.7
94,121319,415.2
94,87570,401.1
94,100647,389.3
94,102734,421.4
94,284,378.9
94,85446,403.4
94,71885,416.1
94,75738,427.4
94,61104,417.1
94,78543,406.1
94,102664,356.4
94,47566,411.1
94,53018,393.6
94,10419,428.7
94,114780,260.9
94,15744,422.3
94,114770,266.6
94,101252,403.3
94,75134,400.2
94,21528,375.2
94,112743,386.7
94,90842,376.7
94,90206,419.7
94,120460,393.3
94,88573,385.3
94,90544,415.3
94,65130,371.9
94,47950,403.3
94,5795,445.1
94,78923,372.9
94,103340,431.5
94,57010,438.0
94,51633,405.1
94,118319,389.9
94,42114,415.6
94,118972,368.6
94,16986,386.3
95,81485,388.9
95,88711,451.6
95,100319,437.7
95,16923,419.9
95,50165,444.9
95,50662,244.6
95,60404,383.8
95,33510,409.2
95,117148,347.3
95,36466,435.8
95,118313,402.2
95,38725,415.0
95,46738,317.2
95,121319,417.3
95,87570,427.6
95,100647,406.6
95,102734,425.4
95,284,415.3
95,85446,408.1
95,71885,403.6
95,75738,399.8
95,61104,403.6
95,78543,405.0
95,102664,407.9
95,47566,434.0
95,53018,434.2
95,10419,398.9
95,114780,297.6
95,15744,388.7
95,114770,374.6
95,101252,412.7
95,75134,404.8
95,21528,411.4
95,112743,392.1
95,90842,228.5
95,90206,419.7
95,120460,392.9
95,88573,397.7
95,90544,398.9
95,65130,393.3
95,47950,422.3
95,5795,416.5
95,78923,402.5
95,103340,415.5
95,57010,380.6
95,51633,417.3
95,118319,398.1
95,42114,393.8
95,118972,401.4
95,16986,416.1
96,81485,408.2
96,88711,356.2
96,100319,397.4
96,16923,405.4
96,50165,395.6
96,50662,297.4
96,60404,405.5
96,33510,441.5
96,117148,379.2
96,36466,402.6
96,118313,397.1
96,38725,399.0
96,46738,396.6
96,121319,424.6
96,87570,423.5
96,100647,387.8
96,102734,445.0
96,284,430.4
96,85446,436.0
96,71885,410.5
96,75738,407.3
96,61104,409.3
96,78543,420.4
96,102664,378.6
96,47566,393.8
96,53018,360.2
96,10419,384.0
96,114780,376.0
96,15744,410.4
96,114770,306.2
96,101252,399.6
96,75134,391.5
96,21528,408.5
96,112743,412.8
96,90842,364.3
96,90206,427.7
96,120460,390.0
96,88573,374.7
96,90544,387.4
96,65130,411.4
96,47950,401.9
96,5795,375.4
96,78923,407.6
96,103340,423.9
96,57010,400.7
96,51633,394.2
96,118319,395.8
96,42114,438.8
96,118972,414.2
96,16986,385.7
97,81485,436.1
97,88711,408.1
97,100319,426.1
97,16923,440.6
97,50165,412.3
97,50662,248.6
97,60404,413.1
97,33510,422.5
97,117148,391.1
97,36466,425.7
97,118313,426.2
97,38725,420.5
97,46738,405.3
97,121319,415.9
97,87570,425.6
97,100647,406.5
97,102734,413.6
97,284,413.6
97,85446,414.7
97,71885,407.4
97,75738,380.9
97,61104,405.9
97,78543,424.3
97,102664,404.7
97,47566,428.1
97,53018,352.8
97,10419,351.7
97,114780,392.9
97,15744,336.2
97,114770,322.8
97,101252,434.5
97,75134,414.3
97,21528,327.9
97,112743,447.8
97,90842,390.3
97,90206,421.1
97,120460,342.3
97,88573,417.3
97,90544,429.5
97,65130,421.1
97,47950,389.4
97,5795,365.5
97,78923,380.2
97,103340,448.7
97,57010,432.8
97,51633,347.3
97,118319,406.8
97,42114,408.7
97,118972,357.4
97,16986,436.2
98,81485,366.2
98,88711,410.2
98,100319,422.4
98,16923,398.4
98,50165,382.5
98,50662,349.9
98,60404,423.2
98,33510,403.6
98,117148,436.4
98,36466,399.4
98,118313,410.1
98,38725,385.9
98,46738,401.9
98,121319,432.2
98,87570,398.6
98,100647,432.6
98,102734,385.7
98,284,444.3
98,85446,414.9
98,71885,402.3
98,75738,383.5
98,61104,399.4
98,78543,397.6
98,102664,409.6
98,47566,420.5
98,53018,377.3
98,10419,391.1
98,114780,376.7
98,15744,391.7
98,114770,375.3
98,101252,389.4
98,75134,404.9
98,21528,442.4
98,112743,430.3
98,90842,365.1
98,90206,361.4
98,120460,387.1
98,88573,385.8
98,90544,424.1
98,65130,408.7
98,47950,423.4
98,5795,432.6
98,78923,417.5
98,103340,387.3
98,57010,440.7
98,51633,430.6
98,118319,389.5
98,42114,369.4
98,118972,379.3
98,16986,381.8
99,81485,380.2
99,88711,363.7
99,100319,407.8
99,16923,372.9
99,50165,418.6
99,50662,172.1
99,60404,428.9
99,33510,402.1
99,117148,393.0
99,36466,424.8
99,118313,423.9
99,38725,401.2
99,46738,350.5
99,121319,437.1
99,87570,406.0
99,100647,325.9
99,102734,420.6
99,284,417.5
99,85446,434.3
99,71885,396.9
99,75738,395.2
99,61104,410.2
99,78543,367.8
99,102664,406.7
99,47566,391.5
99,53018,419.5
99,10419,402.1
99,114780,332.2
99,15744,358.3
99,114770,330.0
99,101252,321.0
99,75134,377.3
99,21528,410.8
99,112743,434.2
99,90842,378.8
99,90206,401.4
99,120460,389.0
99,88573,448.2
99,90544,384.4
99,65130,417.0
99,47950,410.1
99,5795,384.4
99,78923,404.2
99,103340,391.3
99,57010,398.6
99,51633,409.3
99,118319,378.9
99,42114,412.1
99,118972,404.0
99,16986,402.9
