0,161005,0.0
0,58411,0.0
0,283166,0.0
0,484533,0.0
0,184193,0.0
0,192598,3.6
0,746597,0.0
0,396985,0.0
0,93753,0.0
0,272868,0.1
0,606284,0.0
0,19622,0.0
0,274768,0.0
0,128186,0.0
0,63889,1.8
0,44782,0.1
0,2909,0.2
0,710510,0.0
0,224157,0.0
0,552445,0.0
0,67697,0.3
0,287762,0.0
0,55654,8.4
0,733900,0.0
0,517769,0.0
0,645658,0.0
0,68743,0.0
0,457004,0.0
0,601590,0.0
0,72032,0.1
0,965,0.0
0,545980,0.0
0,445911,0.0
0,36463,0.0
0,719809,0.0
0,117463,0.0
0,415133,0.0
0,40191,0.0
0,318293,0.1
0,101315,0.1
0,200085,1.5
0,2414,0.3
0,150252,0.0
0,704375,0.0
0,446966,0.1
0,433265,0.0
0,268168,0.1
0,340957,0.0
0,161397,0.0
0,441631,0.0
1,161005,0.0
1,58411,0.0
1,283166,0.0
1,484533,0.0
1,184193,0.0
1,192598,0.0
1,746597,0.0
1,396985,0.2
1,93753,1.2
1,272868,0.0
1,606284,0.0
1,19622,0.1
1,274768,0.0
1,128186,0.0
1,63889,3.1
1,44782,0.1
1,2909,0.2
1,710510,0.0
1,224157,3.5
1,552445,0.1
1,67697,0.1
1,287762,0.0
1,55654,15.2
1,733900,0.0
1,517769,0.0
1,645658,0.0
1,68743,0.0
1,457004,0.0
1,601590,0.0
1,72032,0.2
1,965,0.2
1,545980,0.0
1,445911,2.5
1,36463,0.0
1,719809,0.0
1,117463,0.0
1,415133,0.0
1,40191,0.0
1,318293,0.0
1,101315,0.0
1,200085,16.0
1,2414,0.1
1,150252,0.6
1,704375,0.0
1,446966,0.2
1,433265,0.0
1,268168,0.0
1,340957,0.0
1,161397,13.4
1,441631,0.0
2,161005,0.0
2,58411,0.0
2,283166,0.0
2,484533,0.0
2,184193,19.0
2,192598,0.0
2,746597,10.7
2,396985,0.0
2,93753,0.0
2,272868,0.0
2,606284,0.0
2,19622,0.2
2,274768,0.0
2,128186,0.0
2,63889,14.8
2,44782,0.4
2,2909,0.3
2,710510,0.0
2,224157,0.0
2,552445,0.0
2,67697,0.1
2,287762,0.0
2,55654,123.8
2,733900,0.0
2,517769,0.0
2,645658,0.0
2,68743,0.0
2,457004,0.0
2,601590,0.0
2,72032,11.4
2,965,0.0
2,545980,0.1
2,445911,18.6
2,36463,0.0
2,719809,0.0
2,117463,0.0
2,415133,0.1
2,40191,0.0
2,318293,0.0
2,101315,1.2
2,200085,0.2
2,2414,0.1
2,150252,19.8
2,704375,0.0
2,446966,0.8
2,433265,0.0
2,268168,3.3
2,340957,0.0
2,161397,13.9
2,441631,0.0
3,161005,0.0
3,58411,0.0
3,283166,0.0
3,484533,0.0
3,184193,0.0
3,192598,0.0
3,746597,0.9
3,396985,0.1
3,93753,0.0
3,272868,0.0
3,606284,0.0
3,19622,0.0
3,274768,0.0
3,128186,0.0
3,63889,0.2
3,44782,0.1
3,2909,0.0
3,710510,0.0
3,224157,0.0
3,552445,0.0
3,67697,0.2
3,287762,0.0
3,55654,2.8
3,733900,0.0
3,517769,0.0
3,645658,0.0
3,68743,0.0
3,457004,0.0
3,601590,0.0
3,72032,0.0
3,965,0.0
3,545980,0.0
3,445911,0.0
3,36463,0.0
3,719809,0.0
3,117463,0.0
3,415133,0.0
3,40191,0.0
3,318293,0.0
3,101315,0.0
3,200085,0.3
3,2414,0.0
3,150252,0.1
3,704375,0.0
3,446966,0.0
3,433265,0.0
3,268168,0.0
3,340957,0.0
3,161397,0.1
3,441631,0.0
4,161005,0.0
4,58411,0.0
4,283166,0.0
4,484533,0.0
4,184193,0.1
4,192598,0.0
4,746597,83.0
4,396985,0.2
4,93753,0.1
4,272868,0.0
4,606284,0.0
4,19622,0.0
4,274768,0.1
4,128186,0.2
4,63889,208.3
4,44782,0.3
4,2909,0.4
4,710510,0.1
4,224157,17.9
4,552445,0.0
4,67697,0.4
4,287762,0.4
4,55654,277.7
4,733900,0.0
4,517769,0.0
4,645658,0.0
4,68743,0.0
4,457004,0.0
4,601590,0.0
4,72032,0.0
4,965,0.0
4,545980,0.0
4,445911,67.7
4,36463,0.0
4,719809,0.0
4,117463,48.6
4,415133,0.0
4,40191,0.0
4,318293,0.0
4,101315,0.1
4,200085,5.3
4,2414,74.6
4,150252,0.3
4,704375,0.0
4,446966,0.2
4,433265,0.0
4,268168,32.8
4,340957,0.0
4,161397,0.0
4,441631,0.0
5,161005,0.3
5,58411,0.0
5,283166,0.0
5,484533,0.0
5,184193,0.3
5,192598,0.0
5,746597,0.0
5,396985,0.3
5,93753,0.0
5,272868,0.0
5,606284,0.0
5,19622,0.1
5,274768,0.0
5,128186,0.0
5,63889,5.7
5,44782,0.1
5,2909,0.6
5,710510,0.0
5,224157,0.0
5,552445,0.0
5,67697,0.0
5,287762,0.0
5,55654,23.4
5,733900,0.0
5,517769,0.0
5,645658,0.0
5,68743,0.0
5,457004,0.0
5,601590,0.0
5,72032,0.0
5,965,0.0
5,545980,0.2
5,445911,0.0
5,36463,0.0
5,719809,0.0
5,117463,0.0
5,415133,0.0
5,40191,0.0
5,318293,0.0
5,101315,0.0
5,200085,0.1
5,2414,0.4
5,150252,0.1
5,704375,0.0
5,446966,1.0
5,433265,0.1
5,268168,0.1
5,340957,0.0
5,161397,0.0
5,441631,3.7
6,161005,0.0
6,58411,0.0
6,283166,0.0
6,484533,0.0
6,184193,0.0
6,192598,0.0
6,746597,0.0
6,396985,0.0
6,93753,0.0
6,272868,0.0
6,606284,0.0
6,19622,0.0
6,274768,0.0
6,128186,0.0
6,63889,0.4
6,44782,0.0
6,2909,0.0
6,710510,0.0
6,224157,0.0
6,552445,0.0
6,67697,0.1
6,287762,0.0
6,55654,1.1
6,733900,0.0
6,517769,0.0
6,645658,0.0
6,68743,0.0
6,457004,0.0
6,601590,0.0
6,72032,0.0
6,965,0.0
6,545980,0.0
6,445911,0.0
6,36463,0.0
6,719809,0.0
6,117463,0.0
6,415133,0.0
6,40191,0.0
6,318293,0.0
6,101315,0.0
6,200085,0.0
6,2414,0.0
6,150252,0.0
6,704375,0.0
6,446966,0.0
6,433265,0.0
6,268168,0.0
6,340957,0.0
6,161397,0.1
6,441631,0.0
7,161005,0.0
7,58411,0.2
7,283166,0.0
7,484533,0.0
7,184193,0.0
7,192598,0.1
7,746597,0.0
7,396985,0.0
7,93753,0.0
7,272868,0.0
7,606284,0.0
7,19622,0.0
7,274768,0.0
7,128186,0.0
7,63889,3.4
7,44782,0.0
7,2909,0.1
7,710510,0.0
7,224157,0.0
7,552445,0.0
7,67697,0.3
7,287762,0.0
7,55654,52.6
7,733900,0.0
7,517769,0.0
7,645658,0.3
7,68743,0.1
7,457004,0.0
7,601590,0.0
7,72032,0.0
7,965,0.0
7,545980,0.0
7,445911,0.0
7,36463,0.0
7,719809,0.0
7,117463,0.0
7,415133,0.0
7,40191,0.0
7,318293,0.0
7,101315,0.1
7,200085,0.0
7,2414,0.3
7,150252,0.2
7,704375,0.0
7,446966,0.0
7,433265,0.0
7,268168,0.0
7,340957,0.0
7,161397,1.0
7,441631,0.0
8,161005,0.0
8,58411,0.0
8,283166,0.0
8,484533,0.0
8,184193,0.0
8,192598,0.1
8,746597,0.0
8,396985,0.0
8,93753,0.0
8,272868,0.0
8,606284,0.0
8,19622,0.1
8,274768,0.0
8,128186,0.0
8,63889,1.3
8,44782,0.0
8,2909,0.0
8,710510,0.0
8,224157,0.0
8,552445,0.0
8,67697,0.0
8,287762,0.0
8,55654,15.6
8,733900,0.0
8,517769,0.0
8,645658,0.0
8,68743,0.2
8,457004,0.0
8,601590,0.0
8,72032,0.0
8,965,0.0
8,545980,0.0
8,445911,0.0
8,36463,0.1
8,719809,0.0
8,117463,0.0
8,415133,0.0
8,40191,0.0
8,318293,0.0
8,101315,0.0
8,200085,3.6
8,2414,0.2
8,150252,0.0
8,704375,0.0
8,446966,0.2
8,433265,0.0
8,268168,0.0
8,340957,0.0
8,161397,0.0
8,441631,0.0
9,161005,0.0
9,58411,0.2
9,283166,0.1
9,484533,0.0
9,184193,0.4
9,192598,15.4
9,746597,0.0
9,396985,0.1
9,93753,0.0
9,272868,0.0
9,606284,0.1
9,19622,0.0
9,274768,8.2
9,128186,13.3
9,63889,29.4
9,44782,0.2
9,2909,0.1
9,710510,0.0
9,224157,14.3
9,552445,0.0
9,67697,0.3
9,287762,0.0
9,55654,98.2
9,733900,0.0
9,517769,0.6
9,645658,0.0
9,68743,0.0
9,457004,0.0
9,601590,0.0
9,72032,0.0
9,965,0.0
9,545980,0.1
9,445911,2.5
9,36463,0.2
9,719809,0.0
9,117463,0.0
9,415133,0.0
9,40191,0.0
9,318293,0.0
9,101315,10.6
9,200085,0.4
9,2414,1.2
9,150252,0.7
9,704375,0.0
9,446966,15.6
9,433265,0.0
9,268168,18.0
9,340957,0.0
9,161397,0.0
9,441631,9.7
10,161005,0.0
10,58411,0.3
10,283166,0.1
10,484533,0.0
10,184193,0.0
10,192598,17.4
10,746597,9.7
10,396985,1.6
10,93753,0.0
10,272868,0.1
10,606284,0.0
10,19622,0.0
10,274768,0.0
10,128186,28.5
10,63889,12.1
10,44782,0.2
10,2909,0.0
10,710510,0.0
10,224157,0.0
10,552445,0.0
10,67697,0.2
10,287762,0.0
10,55654,112.1
10,733900,0.0
10,517769,0.0
10,645658,0.0
10,68743,0.1
10,457004,0.0
10,601590,0.0
10,72032,0.0
10,965,0.0
10,545980,0.0
10,445911,0.0
10,36463,0.1
10,719809,0.0
10,117463,0.3
10,415133,0.0
10,40191,0.0
10,318293,0.1
10,101315,0.3
10,200085,37.8
10,2414,0.2
10,150252,1.1
10,704375,0.0
10,446966,0.5
10,433265,0.0
10,268168,0.0
10,340957,0.0
10,161397,0.1
10,441631,0.9
11,161005,0.0
11,58411,0.2
11,283166,0.0
11,484533,0.0
11,184193,0.0
11,192598,0.8
11,746597,0.0
11,396985,0.0
11,93753,0.0
11,272868,0.0
11,606284,0.0
11,19622,0.0
11,274768,0.0
11,128186,0.0
11,63889,0.8
11,44782,0.0
11,2909,0.1
11,710510,0.0
11,224157,0.0
11,552445,0.0
11,67697,0.2
11,287762,0.0
11,55654,1.5
11,733900,0.0
11,517769,0.0
11,645658,0.0
11,68743,0.0
11,457004,0.0
11,601590,0.0
11,72032,0.0
11,965,0.0
11,545980,0.0
11,445911,0.0
11,36463,0.0
11,719809,0.0
11,117463,0.0
11,415133,0.0
11,40191,0.0
11,318293,0.0
11,101315,0.1
11,200085,0.1
11,2414,0.2
11,150252,0.1
11,704375,0.0
11,446966,0.0
11,433265,0.0
11,268168,0.0
11,340957,0.0
11,161397,0.0
11,441631,0.0
12,161005,0.0
12,58411,0.0
12,283166,0.0
12,484533,0.0
12,184193,0.0
12,192598,165.3
12,746597,0.0
12,396985,31.0
12,93753,0.0
12,272868,0.1
12,606284,0.0
12,19622,0.0
12,274768,0.0
12,128186,0.0
12,63889,129.6
12,44782,0.0
12,2909,0.5
12,710510,0.0
12,224157,0.0
12,552445,0.0
12,67697,0.2
12,287762,0.0
12,55654,314.1
12,733900,0.0
12,517769,0.1
12,645658,0.0
12,68743,0.0
12,457004,0.0
12,601590,0.0
12,72032,0.1
12,965,0.0
12,545980,0.3
12,445911,10.6
12,36463,37.3
12,719809,0.0
12,117463,0.0
12,415133,0.0
12,40191,0.0
12,318293,0.0
12,101315,0.0
12,200085,26.6
12,2414,0.6
12,150252,0.1
12,704375,0.0
12,446966,55.4
12,433265,0.0
12,268168,0.0
12,340957,0.0
12,161397,162.2
12,441631,28.4
13,161005,0.0
13,58411,0.0
13,283166,0.1
13,484533,0.0
13,184193,16.0
13,192598,37.0
13,746597,1.7
13,396985,0.0
13,93753,0.0
13,272868,0.2
13,606284,0.1
13,19622,0.0
13,274768,0.1
13,128186,0.2
13,63889,4.8
13,44782,0.1
13,2909,0.2
13,710510,0.0
13,224157,0.0
13,552445,0.0
13,67697,0.3
13,287762,0.2
13,55654,66.6
13,733900,0.0
13,517769,0.0
13,645658,0.0
13,68743,0.0
13,457004,0.0
13,601590,0.0
13,72032,0.2
13,965,0.0
13,545980,0.0
13,445911,0.0
13,36463,0.0
13,719809,0.0
13,117463,0.0
13,415133,0.0
13,40191,0.0
13,318293,0.0
13,101315,9.5
13,200085,22.0
13,2414,0.6
13,150252,0.0
13,704375,0.0
13,446966,0.0
13,433265,0.0
13,268168,0.0
13,340957,0.0
13,161397,15.0
13,441631,0.0
14,161005,0.0
14,58411,0.1
14,283166,0.0
14,484533,0.0
14,184193,0.0
14,192598,2.7
14,746597,0.0
14,396985,0.1
14,93753,0.0
14,272868,0.0
14,606284,0.0
14,19622,0.0
14,274768,0.0
14,128186,0.0
14,63889,10.6
14,44782,0.0
14,2909,0.0
14,710510,0.0
14,224157,0.0
14,552445,0.0
14,67697,0.1
14,287762,0.1
14,55654,4.5
14,733900,0.1
14,517769,0.0
14,645658,0.0
14,68743,0.0
14,457004,0.0
14,601590,0.0
14,72032,0.2
14,965,0.0
14,545980,0.0
14,445911,0.0
14,36463,0.0
14,719809,0.0
14,117463,0.0
14,415133,0.0
14,40191,0.0
14,318293,0.0
14,101315,0.0
14,200085,0.2
14,2414,2.4
14,150252,0.0
14,704375,0.1
14,446966,0.7
14,433265,0.4
14,268168,0.0
14,340957,0.0
14,161397,0.9
14,441631,0.0
15,161005,0.0
15,58411,0.0
15,283166,0.1
15,484533,0.1
15,184193,0.0
15,192598,26.8
15,746597,3.6
15,396985,0.0
15,93753,0.0
15,272868,0.0
15,606284,0.0
15,19622,0.1
15,274768,0.0
15,128186,16.3
15,63889,85.6
15,44782,0.2
15,2909,0.3
15,710510,0.0
15,224157,0.0
15,552445,0.0
15,67697,0.2
15,287762,0.0
15,55654,172.2
15,733900,0.0
15,517769,0.0
15,645658,0.2
15,68743,0.0
15,457004,0.0
15,601590,0.0
15,72032,0.5
15,965,0.0
15,545980,0.0
15,445911,0.0
15,36463,0.0
15,719809,0.0
15,117463,0.0
15,415133,0.1
15,40191,0.0
15,318293,0.0
15,101315,0.1
15,200085,30.7
15,2414,0.0
15,150252,0.1
15,704375,0.0
15,446966,0.0
15,433265,0.0
15,268168,0.0
15,340957,0.0
15,161397,15.3
15,441631,0.0
16,161005,0.2
16,58411,0.1
16,283166,0.1
16,484533,0.0
16,184193,1.1
16,192598,35.1
16,746597,29.6
16,396985,0.2
16,93753,0.2
16,272868,0.0
16,606284,0.0
16,19622,0.2
16,274768,0.0
16,128186,0.0
16,63889,126.5
16,44782,0.1
16,2909,0.3
16,710510,0.0
16,224157,0.0
16,552445,0.0
16,67697,0.2
16,287762,0.0
16,55654,111.7
16,733900,0.0
16,517769,0.6
16,645658,0.0
16,68743,0.0
16,457004,0.0
16,601590,0.0
16,72032,0.7
16,965,0.1
16,545980,0.0
16,445911,14.6
16,36463,0.0
16,719809,0.0
16,117463,0.1
16,415133,0.1
16,40191,0.0
16,318293,0.0
16,101315,0.2
16,200085,17.9
16,2414,0.5
16,150252,22.7
16,704375,0.0
16,446966,0.0
16,433265,0.0
16,268168,20.5
16,340957,0.0
16,161397,0.0
16,441631,0.0
17,161005,0.0
17,58411,0.0
17,283166,0.0
17,484533,0.0
17,184193,0.0
17,192598,0.0
17,746597,0.0
17,396985,0.0
17,93753,0.0
17,272868,0.0
17,606284,0.0
17,19622,0.0
17,274768,0.0
17,128186,0.1
17,63889,0.1
17,44782,0.0
17,2909,0.0
17,710510,0.0
17,224157,0.0
17,552445,0.0
17,67697,0.0
17,287762,0.0
17,55654,0.0
17,733900,0.0
17,517769,0.0
17,645658,0.0
17,68743,0.0
17,457004,0.0
17,601590,0.0
17,72032,0.0
17,965,0.0
17,545980,0.0
17,445911,0.0
17,36463,0.0
17,719809,0.0
17,117463,0.0
17,415133,0.0
17,40191,0.0
17,318293,0.0
17,101315,0.0
17,200085,0.0
17,2414,0.0
17,150252,0.0
17,704375,0.0
17,446966,0.0
17,433265,0.0
17,268168,0.0
17,340957,0.0
17,161397,0.0
17,441631,0.0
18,161005,32.1
18,58411,0.1
18,283166,0.0
18,484533,0.0
18,184193,0.0
18,192598,55.5
18,746597,22.1
18,396985,35.2
18,93753,0.0
18,272868,0.0
18,606284,0.0
18,19622,0.1
18,274768,0.1
18,128186,0.0
18,63889,80.0
18,44782,0.0
18,2909,0.7
18,710510,0.0
18,224157,0.0
18,552445,0.0
18,67697,0.1
18,287762,0.1
18,55654,190.0
18,733900,0.0
18,517769,32.2
18,645658,0.0
18,68743,0.0
18,457004,0.0
18,601590,0.1
18,72032,0.5
18,965,0.0
18,545980,0.6
18,445911,31.1
18,36463,0.0
18,719809,0.0
18,117463,0.2
18,415133,34.1
18,40191,0.0
18,318293,0.1
18,101315,0.5
18,200085,100.6
18,2414,0.5
18,150252,0.9
18,704375,0.0
18,446966,0.0
18,433265,0.0
18,268168,0.0
18,340957,0.0
18,161397,148.8
18,441631,0.5
19,161005,0.0
19,58411,0.2
19,283166,0.1
19,484533,0.0
19,184193,31.3
19,192598,26.9
19,746597,0.0
19,396985,35.1
19,93753,0.0
19,272868,0.0
19,606284,0.0
19,19622,0.0
19,274768,0.2
19,128186,31.7
19,63889,33.6
19,44782,0.3
19,2909,0.4
19,710510,0.0
19,224157,0.0
19,552445,0.0
19,67697,0.4
19,287762,0.0
19,55654,268.5
19,733900,0.0
19,517769,0.0
19,645658,0.0
19,68743,0.0
19,457004,0.0
19,601590,0.0
19,72032,0.7
19,965,0.0
19,545980,0.0
19,445911,0.0
19,36463,0.0
19,719809,0.0
19,117463,0.0
19,415133,0.0
19,40191,0.0
19,318293,0.0
19,101315,0.0
19,200085,0.0
19,2414,1.8
19,150252,1.0
19,704375,0.0
19,446966,0.2
19,433265,0.0
19,268168,0.1
19,340957,0.0
19,161397,60.0
19,441631,0.0
20,161005,0.0
20,58411,0.0
20,283166,0.0
20,484533,0.0
20,184193,0.3
20,192598,37.8
20,746597,21.2
20,396985,0.0
20,93753,0.3
20,272868,0.1
20,606284,0.0
20,19622,0.1
20,274768,0.0
20,128186,0.0
20,63889,27.0
20,44782,0.5
20,2909,0.2
20,710510,0.0
20,224157,0.0
20,552445,0.0
20,67697,0.1
20,287762,0.0
20,55654,170.5
20,733900,0.0
20,517769,0.0
20,645658,0.0
20,68743,0.0
20,457004,0.0
20,601590,0.0
20,72032,0.0
20,965,0.0
20,545980,0.1
20,445911,0.0
20,36463,0.0
20,719809,0.0
20,117463,0.4
20,415133,0.0
20,40191,0.0
20,318293,0.0
20,101315,0.2
20,200085,1.1
20,2414,0.6
20,150252,0.1
20,704375,0.0
20,446966,14.5
20,433265,0.0
20,268168,0.0
20,340957,0.0
20,161397,31.7
20,441631,1.4
21,161005,0.0
21,58411,0.0
21,283166,0.0
21,484533,0.0
21,184193,0.0
21,192598,0.0
21,746597,0.0
21,396985,1.2
21,93753,0.1
21,272868,0.0
21,606284,0.1
21,19622,0.0
21,274768,0.1
21,128186,6.7
21,63889,28.0
21,44782,0.1
21,2909,0.1
21,710510,0.0
21,224157,0.0
21,552445,0.0
21,67697,0.0
21,287762,0.0
21,55654,22.9
21,733900,0.0
21,517769,5.4
21,645658,0.0
21,68743,0.0
21,457004,0.0
21,601590,0.0
21,72032,0.0
21,965,0.0
21,545980,0.1
21,445911,1.5
21,36463,0.0
21,719809,0.0
21,117463,0.0
21,415133,0.0
21,40191,0.0
21,318293,0.0
21,101315,0.0
21,200085,12.5
21,2414,0.3
21,150252,0.1
21,704375,0.0
21,446966,0.0
21,433265,0.0
21,268168,0.2
21,340957,0.6
21,161397,6.3
21,441631,0.0
22,161005,0.0
22,58411,0.0
22,283166,0.0
22,484533,0.0
22,184193,0.0
22,192598,2.6
22,746597,0.0
22,396985,0.0
22,93753,0.0
22,272868,0.1
22,606284,0.0
22,19622,0.0
22,274768,0.0
22,128186,0.0
22,63889,0.6
22,44782,0.1
22,2909,0.0
22,710510,0.0
22,224157,0.0
22,552445,0.0
22,67697,0.2
22,287762,0.0
22,55654,4.3
22,733900,0.0
22,517769,0.0
22,645658,0.0
22,68743,0.0
22,457004,0.0
22,601590,0.0
22,72032,0.0
22,965,0.0
22,545980,0.0
22,445911,0.2
22,36463,0.0
22,719809,0.0
22,117463,0.1
22,415133,0.0
22,40191,0.0
22,318293,0.0
22,101315,0.0
22,200085,0.1
22,2414,0.0
22,150252,0.1
22,704375,0.0
22,446966,0.8
22,433265,0.0
22,268168,0.3
22,340957,0.0
22,161397,0.0
22,441631,0.0
23,161005,0.0
23,58411,0.1
23,283166,0.0
23,484533,0.1
23,184193,28.2
23,192598,22.8
23,746597,0.0
23,396985,29.6
23,93753,0.0
23,272868,0.0
23,606284,0.0
23,19622,0.1
23,274768,0.4
23,128186,19.4
23,63889,92.2
23,44782,0.3
23,2909,0.2
23,710510,0.0
23,224157,16.7
23,552445,0.0
23,67697,0.4
23,287762,0.1
23,55654,166.0
23,733900,0.0
23,517769,0.0
23,645658,0.0
23,68743,0.0
23,457004,0.0
23,601590,0.0
23,72032,0.0
23,965,0.0
23,545980,0.2
23,445911,56.1
23,36463,0.6
23,719809,0.0
23,117463,0.1
23,415133,0.0
23,40191,0.0
23,318293,0.0
23,101315,0.2
23,200085,0.1
23,2414,0.8
23,150252,0.2
23,704375,0.0
23,446966,33.1
23,433265,0.0
23,268168,0.0
23,340957,0.0
23,161397,63.6
23,441631,0.0
24,161005,0.0
24,58411,0.1
24,283166,0.0
24,484533,0.0
24,184193,0.0
24,192598,4.2
24,746597,0.0
24,396985,1.5
24,93753,0.0
24,272868,0.0
24,606284,0.0
24,19622,0.0
24,274768,0.1
24,128186,0.3
24,63889,8.9
24,44782,0.0
24,2909,0.0
24,710510,0.0
24,224157,0.0
24,552445,0.1
24,67697,0.0
24,287762,0.0
24,55654,26.7
24,733900,0.0
24,517769,0.0
24,645658,0.0
24,68743,0.0
24,457004,0.0
24,601590,0.1
24,72032,0.2
24,965,0.0
24,545980,0.1
24,445911,0.0
24,36463,0.4
24,719809,0.0
24,117463,0.0
24,415133,0.6
24,40191,0.0
24,318293,0.0
24,101315,0.0
24,200085,0.3
24,2414,0.3
24,150252,0.3
24,704375,0.1
24,446966,0.0
24,433265,0.0
24,268168,0.2
24,340957,0.0
24,161397,17.7
24,441631,0.0
25,161005,0.0
25,58411,0.0
25,283166,0.0
25,484533,0.0
25,184193,1.4
25,192598,48.9
25,746597,18.3
25,396985,0.1
25,93753,0.0
25,272868,0.0
25,606284,0.1
25,19622,0.1
25,274768,0.0
25,128186,0.0
25,63889,55.3
25,44782,0.4
25,2909,0.3
25,710510,0.0
25,224157,0.0
25,552445,0.0
25,67697,0.2
25,287762,0.0
25,55654,225.4
25,733900,0.0
25,517769,0.0
25,645658,0.0
25,68743,0.0
25,457004,0.0
25,601590,0.0
25,72032,0.0
25,965,0.0
25,545980,21.7
25,445911,0.1
25,36463,0.0
25,719809,0.0
25,117463,0.2
25,415133,0.0
25,40191,0.0
25,318293,0.0
25,101315,0.4
25,200085,0.1
25,2414,1.2
25,150252,0.1
25,704375,0.0
25,446966,0.3
25,433265,0.0
25,268168,0.0
25,340957,0.0
25,161397,74.8
25,441631,68.7
26,161005,0.0
26,58411,0.0
26,283166,0.0
26,484533,0.0
26,184193,0.0
26,192598,17.2
26,746597,0.0
26,396985,0.1
26,93753,0.1
26,272868,0.0
26,606284,0.0
26,19622,0.1
26,274768,8.2
26,128186,0.0
26,63889,1.9
26,44782,4.5
26,2909,0.1
26,710510,0.0
26,224157,0.0
26,552445,0.0
26,67697,0.3
26,287762,0.0
26,55654,31.0
26,733900,0.0
26,517769,0.0
26,645658,0.0
26,68743,0.0
26,457004,0.0
26,601590,0.0
26,72032,0.0
26,965,0.0
26,545980,0.1
26,445911,0.8
26,36463,0.0
26,719809,0.0
26,117463,0.0
26,415133,0.0
26,40191,0.0
26,318293,0.0
26,101315,0.0
26,200085,7.4
26,2414,0.8
26,150252,6.3
26,704375,0.0
26,446966,0.0
26,433265,0.0
26,268168,0.2
26,340957,0.1
26,161397,2.0
26,441631,0.0
27,161005,0.1
27,58411,0.0
27,283166,0.0
27,484533,0.0
27,184193,0.0
27,192598,0.0
27,746597,0.0
27,396985,0.0
27,93753,0.0
27,272868,0.0
27,606284,0.1
27,19622,0.2
27,274768,0.0
27,128186,0.0
27,63889,3.2
27,44782,0.3
27,2909,0.0
27,710510,0.0
27,224157,0.0
27,552445,0.0
27,67697,0.0
27,287762,0.0
27,55654,3.1
27,733900,0.0
27,517769,0.0
27,645658,0.0
27,68743,0.0
27,457004,0.0
27,601590,0.0
27,72032,0.1
27,965,0.0
27,545980,0.0
27,445911,0.0
27,36463,0.0
27,719809,0.0
27,117463,0.0
27,415133,0.0
27,40191,0.0
27,318293,0.0
27,101315,0.0
27,200085,0.0
27,2414,0.0
27,150252,0.3
27,704375,0.0
27,446966,0.5
27,433265,0.0
27,268168,0.1
27,340957,0.0
27,161397,0.0
27,441631,0.0
28,161005,0.0
28,58411,0.0
28,283166,0.0
28,484533,0.0
28,184193,0.0
28,192598,0.0
28,746597,0.0
28,396985,0.0
28,93753,0.2
28,272868,0.2
28,606284,0.0
28,19622,0.0
28,274768,0.0
28,128186,0.0
28,63889,6.9
28,44782,0.1
28,2909,0.1
28,710510,0.0
28,224157,0.0
28,552445,0.0
28,67697,0.3
28,287762,0.0
28,55654,6.0
28,733900,0.0
28,517769,0.0
28,645658,0.0
28,68743,0.0
28,457004,0.0
28,601590,0.0
28,72032,0.3
28,965,0.0
28,545980,0.2
28,445911,0.0
28,36463,0.1
28,719809,0.0
28,117463,0.0
28,415133,0.0
28,40191,0.0
28,318293,0.0
28,101315,0.0
28,200085,0.0
28,2414,0.2
28,150252,0.5
28,704375,0.0
28,446966,0.0
28,433265,0.0
28,268168,0.1
28,340957,0.0
28,161397,1.9
28,441631,0.0
29,161005,0.0
29,58411,0.0
29,283166,0.0
29,484533,0.0
29,184193,0.0
29,192598,0.0
29,746597,0.0
29,396985,0.0
29,93753,0.0
29,272868,0.0
29,606284,0.0
29,19622,0.0
29,274768,0.0
29,128186,0.0
29,63889,0.0
29,44782,0.0
29,2909,0.0
29,710510,0.0
29,224157,0.0
29,552445,0.0
29,67697,0.0
29,287762,0.0
29,55654,0.1
29,733900,0.0
29,517769,0.0
29,645658,0.0
29,68743,0.0
29,457004,0.0
29,601590,0.0
29,72032,0.0
29,965,0.0
29,545980,0.0
29,445911,0.0
29,36463,0.0
29,719809,0.0
29,117463,0.0
29,415133,0.0
29,40191,0.0
29,318293,0.0
29,101315,0.0
29,200085,0.0
29,2414,0.0
29,150252,0.0
29,704375,0.0
29,446966,0.0
29,433265,0.0
29,268168,0.0
29,340957,0.0
29,161397,0.0
29,441631,0.0
30,161005,0.0
30,58411,0.1
30,283166,0.1
30,484533,0.0
30,184193,0.0
30,192598,44.6
30,746597,0.0
30,396985,1.3
30,93753,0.0
30,272868,0.0
30,606284,0.0
30,19622,0.0
30,274768,0.0
30,128186,40.2
30,63889,53.3
30,44782,0.0
30,2909,0.5
30,710510,0.0
30,224157,0.0
30,552445,0.0
30,67697,0.2
30,287762,0.0
30,55654,87.7
30,733900,0.0
30,517769,0.0
30,645658,0.0
30,68743,0.0
30,457004,0.0
30,601590,0.0
30,72032,0.6
30,965,0.0
30,545980,0.4
30,445911,0.0
30,36463,0.0
30,719809,0.0
30,117463,2.3
30,415133,0.0
30,40191,0.0
30,318293,0.0
30,101315,0.1
30,200085,38.8
30,2414,0.2
30,150252,0.1
30,704375,0.0
30,446966,22.9
30,433265,0.0
30,268168,0.4
30,340957,0.3
30,161397,44.5
30,441631,0.0
31,161005,0.0
31,58411,0.0
31,283166,0.0
31,484533,0.0
31,184193,0.0
31,192598,0.0
31,746597,0.0
31,396985,0.0
31,93753,0.0
31,272868,0.0
31,606284,0.0
31,19622,0.0
31,274768,0.0
31,128186,0.0
31,63889,0.5
31,44782,0.0
31,2909,0.0
31,710510,0.0
31,224157,0.0
31,552445,0.0
31,67697,0.0
31,287762,0.0
31,55654,0.7
31,733900,0.0
31,517769,0.0
31,645658,0.0
31,68743,0.0
31,457004,0.0
31,601590,0.0
31,72032,0.0
31,965,0.0
31,545980,0.0
31,445911,0.0
31,36463,0.0
31,719809,0.0
31,117463,0.0
31,415133,0.0
31,40191,0.0
31,318293,0.0
31,101315,0.1
31,200085,0.1
31,2414,0.0
31,150252,0.1
31,704375,0.0
31,446966,0.0
31,433265,0.0
31,268168,0.0
31,340957,0.0
31,161397,0.0
31,441631,0.0
32,161005,0.0
32,58411,0.2
32,283166,0.0
32,484533,0.0
32,184193,0.0
32,192598,40.5
32,746597,117.7
32,396985,92.9
32,93753,0.4
32,272868,0.3
32,606284,0.0
32,19622,0.1
32,274768,0.2
32,128186,43.6
32,63889,154.3
32,44782,0.1
32,2909,0.7
32,710510,0.0
32,224157,0.0
32,552445,0.0
32,67697,0.0
32,287762,0.0
32,55654,362.9
32,733900,0.0
32,517769,0.0
32,645658,0.0
32,68743,0.0
32,457004,0.0
32,601590,0.0
32,72032,0.3
32,965,0.0
32,545980,35.5
32,445911,0.0
32,36463,0.0
32,719809,0.1
32,117463,0.0
32,415133,0.0
32,40191,0.2
32,318293,0.0
32,101315,0.0
32,200085,0.5
32,2414,2.4
32,150252,37.0
32,704375,0.1
32,446966,29.2
32,433265,0.0
32,268168,42.7
32,340957,0.0
32,161397,27.3
32,441631,0.0
33,161005,0.0
33,58411,0.1
33,283166,0.0
33,484533,0.0
33,184193,0.1
33,192598,0.0
33,746597,0.0
33,396985,0.0
33,93753,0.0
33,272868,0.0
33,606284,0.0
33,19622,0.0
33,274768,0.0
33,128186,0.0
33,63889,4.3
33,44782,0.0
33,2909,0.1
33,710510,0.0
33,224157,0.0
33,552445,0.0
33,67697,0.0
33,287762,0.0
33,55654,9.6
33,733900,0.0
33,517769,0.1
33,645658,0.0
33,68743,0.0
33,457004,0.0
33,601590,0.0
33,72032,0.0
33,965,0.0
33,545980,0.0
33,445911,2.4
33,36463,0.0
33,719809,0.0
33,117463,0.0
33,415133,0.0
33,40191,0.3
33,318293,0.0
33,101315,0.1
33,200085,1.3
33,2414,0.7
33,150252,0.2
33,704375,0.0
33,446966,0.0
33,433265,0.0
33,268168,0.0
33,340957,0.0
33,161397,0.0
33,441631,0.0
34,161005,0.0
34,58411,0.0
34,283166,0.0
34,484533,0.0
34,184193,0.4
34,192598,0.8
34,746597,0.0
34,396985,0.1
34,93753,0.0
34,272868,0.0
34,606284,0.0
34,19622,0.0
34,274768,0.0
34,128186,0.0
34,63889,1.9
34,44782,0.0
34,2909,0.1
34,710510,0.0
34,224157,0.0
34,552445,0.0
34,67697,0.2
34,287762,0.0
34,55654,4.0
34,733900,0.0
34,517769,0.0
34,645658,0.0
34,68743,0.0
34,457004,0.0
34,601590,0.0
34,72032,0.1
34,965,0.0
34,545980,0.0
34,445911,0.0
34,36463,0.0
34,719809,0.0
34,117463,0.0
34,415133,0.0
34,40191,0.0
34,318293,0.0
34,101315,0.3
34,200085,0.1
34,2414,0.2
34,150252,0.4
34,704375,0.0
34,446966,0.0
34,433265,0.0
34,268168,0.0
34,340957,0.0
34,161397,0.0
34,441631,0.0
35,161005,0.0
35,58411,0.0
35,283166,0.0
35,484533,0.0
35,184193,0.1
35,192598,6.1
35,746597,0.0
35,396985,0.2
35,93753,0.1
35,272868,0.0
35,606284,0.0
35,19622,0.0
35,274768,0.0
35,128186,0.1
35,63889,0.9
35,44782,0.1
35,2909,0.1
35,710510,0.0
35,224157,0.0
35,552445,0.0
35,67697,0.2
35,287762,0.0
35,55654,73.1
35,733900,0.0
35,517769,0.0
35,645658,0.0
35,68743,0.0
35,457004,0.0
35,601590,0.0
35,72032,0.4
35,965,0.0
35,545980,0.2
35,445911,0.0
35,36463,0.0
35,719809,0.0
35,117463,0.2
35,415133,0.0
35,40191,0.0
35,318293,0.0
35,101315,0.1
35,200085,15.5
35,2414,0.8
35,150252,0.2
35,704375,0.0
35,446966,0.0
35,433265,0.0
35,268168,0.0
35,340957,0.0
35,161397,23.0
35,441631,0.0
36,161005,0.0
36,58411,0.1
36,283166,0.0
36,484533,0.0
36,184193,0.0
36,192598,0.7
36,746597,0.0
36,396985,0.1
36,93753,0.0
36,272868,0.0
36,606284,0.0
36,19622,0.1
36,274768,0.0
36,128186,0.3
36,63889,0.6
36,44782,0.0
36,2909,0.2
36,710510,0.0
36,224157,0.0
36,552445,0.0
36,67697,0.1
36,287762,0.0
36,55654,22.4
36,733900,0.0
36,517769,0.0
36,645658,0.0
36,68743,0.0
36,457004,0.0
36,601590,0.0
36,72032,0.0
36,965,0.0
36,545980,0.0
36,445911,0.0
36,36463,0.0
36,719809,0.0
36,117463,0.0
36,415133,0.0
36,40191,0.0
36,318293,0.0
36,101315,0.0
36,200085,0.1
36,2414,0.1
36,150252,0.1
36,704375,0.0
36,446966,0.2
36,433265,0.0
36,268168,0.0
36,340957,0.0
36,161397,0.1
36,441631,0.0
37,161005,0.0
37,58411,0.0
37,283166,0.1
37,484533,0.0
37,184193,0.0
37,192598,3.8
37,746597,0.0
37,396985,0.1
37,93753,0.0
37,272868,0.0
37,606284,0.0
37,19622,0.1
37,274768,0.0
37,128186,0.3
37,63889,2.4
37,44782,0.0
37,2909,0.1
37,710510,0.0
37,224157,0.0
37,552445,0.0
37,67697,0.2
37,287762,0.0
37,55654,2.0
37,733900,0.0
37,517769,0.0
37,645658,0.0
37,68743,0.0
37,457004,0.0
37,601590,0.0
37,72032,0.0
37,965,0.0
37,545980,0.0
37,445911,0.0
37,36463,0.0
37,719809,0.0
37,117463,0.0
37,415133,0.0
37,40191,0.0
37,318293,0.0
37,101315,0.0
37,200085,0.0
37,2414,0.1
37,150252,0.4
37,704375,0.0
37,446966,0.0
37,433265,0.0
37,268168,0.0
37,340957,0.0
37,161397,3.5
37,441631,0.0
38,161005,0.0
38,58411,0.0
38,283166,0.0
38,484533,0.0
38,184193,0.0
38,192598,1.3
38,746597,0.0
38,396985,0.0
38,93753,0.1
38,272868,0.0
38,606284,0.0
38,19622,0.0
38,274768,0.0
38,128186,0.0
38,63889,0.8
38,44782,0.0
38,2909,0.0
38,710510,0.0
38,224157,0.0
38,552445,0.0
38,67697,0.1
38,287762,0.0
38,55654,1.7
38,733900,0.0
38,517769,0.0
38,645658,0.0
38,68743,0.0
38,457004,0.0
38,601590,0.0
38,72032,0.0
38,965,0.0
38,545980,0.0
38,445911,0.0
38,36463,0.0
38,719809,0.0
38,117463,0.3
38,415133,0.0
38,40191,0.0
38,318293,0.0
38,101315,0.0
38,200085,0.1
38,2414,0.0
38,150252,0.1
38,704375,0.0
38,446966,0.0
38,433265,0.0
38,268168,0.0
38,340957,0.0
38,161397,0.0
38,441631,0.0
39,161005,0.0
39,58411,0.0
39,283166,0.0
39,484533,0.0
39,184193,0.1
39,192598,0.3
39,746597,0.0
39,396985,0.0
39,93753,0.0
39,272868,0.0
39,606284,0.0
39,19622,0.0
39,274768,0.0
39,128186,0.0
39,63889,1.6
39,44782,0.0
39,2909,0.2
39,710510,0.0
39,224157,0.0
39,552445,0.0
39,67697,0.1
39,287762,0.0
39,55654,7.7
39,733900,0.0
39,517769,0.0
39,645658,0.0
39,68743,0.1
39,457004,0.0
39,601590,0.0
39,72032,0.1
39,965,0.0
39,545980,0.0
39,445911,1.2
39,36463,0.1
39,719809,0.0
39,117463,0.0
39,415133,0.0
39,40191,0.0
39,318293,0.0
39,101315,0.2
39,200085,4.2
39,2414,0.2
39,150252,0.0
39,704375,0.0
39,446966,0.3
39,433265,0.0
39,268168,0.0
39,340957,0.0
39,161397,0.4
39,441631,0.0
40,161005,0.1
40,58411,0.0
40,283166,0.0
40,484533,0.0
40,184193,0.0
40,192598,38.3
40,746597,0.0
40,396985,0.0
40,93753,0.0
40,272868,0.1
40,606284,0.0
40,19622,0.1
40,274768,0.0
40,128186,0.0
40,63889,76.9
40,44782,0.3
40,2909,0.0
40,710510,0.0
40,224157,0.0
40,552445,0.0
40,67697,0.7
40,287762,0.0
40,55654,301.6
40,733900,0.1
40,517769,0.0
40,645658,0.0
40,68743,0.2
40,457004,0.0
40,601590,0.0
40,72032,0.4
40,965,0.0
40,545980,0.0
40,445911,79.2
40,36463,31.4
40,719809,0.0
40,117463,0.0
40,415133,0.0
40,40191,0.0
40,318293,0.0
40,101315,0.1
40,200085,0.0
40,2414,0.0
40,150252,48.7
40,704375,0.0
40,446966,35.2
40,433265,0.0
40,268168,0.7
40,340957,0.0
40,161397,59.3
40,441631,0.0
41,161005,0.0
41,58411,0.1
41,283166,0.0
41,484533,0.0
41,184193,0.0
41,192598,0.0
41,746597,0.8
41,396985,0.1
41,93753,0.0
41,272868,0.0
41,606284,0.0
41,19622,0.2
41,274768,0.0
41,128186,0.0
41,63889,0.5
41,44782,0.1
41,2909,0.0
41,710510,0.0
41,224157,0.0
41,552445,0.0
41,67697,0.3
41,287762,0.0
41,55654,5.0
41,733900,0.0
41,517769,0.0
41,645658,0.0
41,68743,0.0
41,457004,0.0
41,601590,0.0
41,72032,0.1
41,965,0.0
41,545980,0.1
41,445911,0.5
41,36463,0.0
41,719809,0.0
41,117463,0.0
41,415133,0.0
41,40191,0.0
41,318293,0.0
41,101315,0.0
41,200085,0.0
41,2414,0.0
41,150252,0.0
41,704375,0.0
41,446966,0.0
41,433265,0.1
41,268168,0.0
41,340957,0.0
41,161397,0.0
41,441631,0.0
42,161005,0.0
42,58411,0.0
42,283166,0.0
42,484533,0.0
42,184193,0.2
42,192598,0.0
42,746597,0.0
42,396985,2.3
42,93753,0.0
42,272868,0.0
42,606284,0.0
42,19622,0.1
42,274768,0.0
42,128186,0.0
42,63889,0.5
42,44782,0.0
42,2909,0.1
42,710510,0.0
42,224157,0.0
42,552445,0.0
42,67697,0.2
42,287762,0.0
42,55654,8.8
42,733900,0.0
42,517769,0.0
42,645658,0.0
42,68743,0.1
42,457004,0.0
42,601590,0.0
42,72032,0.1
42,965,0.0
42,545980,0.0
42,445911,0.0
42,36463,0.0
42,719809,0.0
42,117463,0.0
42,415133,0.0
42,40191,0.0
42,318293,0.0
42,101315,0.0
42,200085,0.0
42,2414,0.1
42,150252,0.4
42,704375,0.0
42,446966,0.0
42,433265,0.0
42,268168,0.0
42,340957,0.0
42,161397,0.4
42,441631,0.0
43,161005,24.8
43,58411,0.0
43,283166,0.2
43,484533,0.0
43,184193,0.0
43,192598,8.3
43,746597,0.0
43,396985,0.1
43,93753,0.0
43,272868,0.2
43,606284,0.0
43,19622,0.2
43,274768,0.0
43,128186,1.9
43,63889,19.7
43,44782,0.0
43,2909,0.3
43,710510,0.0
43,224157,0.0
43,552445,0.0
43,67697,0.2
43,287762,0.0
43,55654,108.7
43,733900,0.0
43,517769,0.0
43,645658,0.1
43,68743,0.4
43,457004,0.7
43,601590,0.0
43,72032,0.0
43,965,0.0
43,545980,0.0
43,445911,22.7
43,36463,0.0
43,719809,0.0
43,117463,0.0
43,415133,0.0
43,40191,0.0
43,318293,0.0
43,101315,0.1
43,200085,12.3
43,2414,18.1
43,150252,0.5
43,704375,0.0
43,446966,18.3
43,433265,0.0
43,268168,0.0
43,340957,0.0
43,161397,0.0
43,441631,0.0
44,161005,0.0
44,58411,0.0
44,283166,0.0
44,484533,0.0
44,184193,0.0
44,192598,0.0
44,746597,0.0
44,396985,0.0
44,93753,0.3
44,272868,0.0
44,606284,0.0
44,19622,0.1
44,274768,0.0
44,128186,0.0
44,63889,0.7
44,44782,0.0
44,2909,0.0
44,710510,0.0
44,224157,0.0
44,552445,0.0
44,67697,0.3
44,287762,0.1
44,55654,11.2
44,733900,0.0
44,517769,0.0
44,645658,0.0
44,68743,0.0
44,457004,0.0
44,601590,0.0
44,72032,0.0
44,965,0.0
44,545980,0.0
44,445911,0.0
44,36463,0.0
44,719809,0.0
44,117463,0.0
44,415133,0.0
44,40191,0.0
44,318293,0.0
44,101315,0.1
44,200085,0.0
44,2414,0.3
44,150252,0.1
44,704375,0.0
44,446966,0.0
44,433265,0.0
44,268168,0.0
44,340957,0.0
44,161397,0.0
44,441631,0.0
45,161005,0.0
45,58411,0.1
45,283166,0.0
45,484533,0.0
45,184193,0.3
45,192598,4.6
45,746597,0.0
45,396985,0.2
45,93753,0.2
45,272868,0.0
45,606284,0.0
45,19622,0.0
45,274768,0.0
45,128186,1.2
45,63889,21.3
45,44782,0.0
45,2909,0.1
45,710510,0.0
45,224157,0.0
45,552445,0.0
45,67697,0.0
45,287762,0.0
45,55654,23.4
45,733900,0.0
45,517769,0.0
45,645658,0.0
45,68743,0.1
45,457004,0.0
45,601590,0.0
45,72032,0.3
45,965,0.0
45,545980,0.0
45,445911,1.4
45,36463,0.0
45,719809,0.0
45,117463,0.0
45,415133,0.0
45,40191,0.0
45,318293,0.0
45,101315,0.3
45,200085,0.1
45,2414,0.1
45,150252,0.0
45,704375,0.0
45,446966,0.1
45,433265,0.0
45,268168,0.0
45,340957,0.0
45,161397,6.0
45,441631,0.7
46,161005,0.0
46,58411,0.2
46,283166,0.0
46,484533,0.0
46,184193,0.0
46,192598,0.0
46,746597,0.1
46,396985,0.0
46,93753,0.0
46,272868,0.0
46,606284,0.0
46,19622,0.0
46,274768,0.0
46,128186,0.0
46,63889,0.3
46,44782,0.1
46,2909,0.1
46,710510,0.0
46,224157,0.0
46,552445,0.0
46,67697,0.0
46,287762,0.0
46,55654,0.6
46,733900,0.0
46,517769,0.0
46,645658,0.0
46,68743,0.0
46,457004,0.0
46,601590,0.0
46,72032,0.1
46,965,0.0
46,545980,0.0
46,445911,0.0
46,36463,0.0
46,719809,0.0
46,117463,0.0
46,415133,0.0
46,40191,0.0
46,318293,0.0
46,101315,0.0
46,200085,0.0
46,2414,0.0
46,150252,0.0
46,704375,0.0
46,446966,0.0
46,433265,0.0
46,268168,0.1
46,340957,0.0
46,161397,0.0
46,441631,0.0
47,161005,0.2
47,58411,0.0
47,283166,0.0
47,484533,0.1
47,184193,0.4
47,192598,0.0
47,746597,0.0
47,396985,0.0
47,93753,0.0
47,272868,0.0
47,606284,0.0
47,19622,0.0
47,274768,0.0
47,128186,0.0
47,63889,4.8
47,44782,0.2
47,2909,0.1
47,710510,0.0
47,224157,0.0
47,552445,0.0
47,67697,0.1
47,287762,0.1
47,55654,12.0
47,733900,0.0
47,517769,0.3
47,645658,0.0
47,68743,0.1
47,457004,0.0
47,601590,0.1
47,72032,0.1
47,965,0.0
47,545980,0.0
47,445911,0.0
47,36463,0.8
47,719809,0.0
47,117463,0.0
47,415133,0.0
47,40191,0.0
47,318293,0.0
47,101315,0.1
47,200085,0.1
47,2414,0.6
47,150252,0.3
47,704375,0.0
47,446966,0.0
47,433265,0.0
47,268168,2.7
47,340957,0.0
47,161397,8.9
47,441631,0.0
48,161005,0.0
48,58411,0.0
48,283166,0.0
48,484533,0.0
48,184193,5.3
48,192598,0.9
48,746597,0.0
48,396985,0.0
48,93753,0.0
48,272868,0.1
48,606284,0.0
48,19622,0.1
48,274768,0.0
48,128186,0.0
48,63889,16.6
48,44782,0.1
48,2909,0.2
48,710510,0.0
48,224157,0.0
48,552445,0.0
48,67697,0.2
48,287762,0.0
48,55654,49.6
48,733900,0.0
48,517769,0.0
48,645658,0.0
48,68743,0.0
48,457004,0.0
48,601590,0.0
48,72032,0.3
48,965,0.0
48,545980,0.0
48,445911,0.0
48,36463,0.0
48,719809,0.0
48,117463,0.0
48,415133,0.0
48,40191,0.0
48,318293,0.0
48,101315,0.2
48,200085,0.0
48,2414,1.9
48,150252,0.1
48,704375,0.0
48,446966,0.2
48,433265,0.0
48,268168,0.0
48,340957,0.0
48,161397,10.8
48,441631,0.0
49,161005,0.0
49,58411,0.0
49,283166,0.0
49,484533,0.0
49,184193,0.0
49,192598,0.0
49,746597,0.0
49,396985,0.0
49,93753,0.0
49,272868,0.0
49,606284,0.0
49,19622,0.0
49,274768,0.0
49,128186,0.0
49,63889,0.3
49,44782,0.0
49,2909,0.1
49,710510,0.0
49,224157,0.0
49,552445,0.0
49,67697,0.0
49,287762,0.0
49,55654,1.1
49,733900,0.0
49,517769,0.0
49,645658,0.0
49,68743,0.1
49,457004,0.0
49,601590,0.0
49,72032,0.0
49,965,0.0
49,545980,0.0
49,445911,0.0
49,36463,0.0
49,719809,0.0
49,117463,0.0
49,415133,0.0
49,40191,0.0
49,318293,0.0
49,101315,0.1
49,200085,0.1
49,2414,0.0
49,150252,0.0
49,704375,0.0
49,446966,0.0
49,433265,0.0
49,268168,0.1
49,340957,0.0
49,161397,0.0
49,441631,0.0
50,161005,0.0
50,58411,0.1
50,283166,0.0
50,484533,0.0
50,184193,10.5
50,192598,4.5
50,746597,0.0
50,396985,0.1
50,93753,0.0
50,272868,0.0
50,606284,0.0
50,19622,0.1
50,274768,0.2
50,128186,0.0
50,63889,24.2
50,44782,0.1
50,2909,0.0
50,710510,0.0
50,224157,0.0
50,552445,0.0
50,67697,0.1
50,287762,0.0
50,55654,108.4
50,733900,0.0
50,517769,0.0
50,645658,0.0
50,68743,0.0
50,457004,18.6
50,601590,0.0
50,72032,0.4
50,965,0.1
50,545980,0.0
50,445911,0.0
50,36463,0.0
50,719809,0.0
50,117463,19.3
50,415133,0.0
50,40191,0.1
50,318293,0.1
50,101315,0.0
50,200085,18.5
50,2414,8.7
50,150252,0.4
50,704375,0.0
50,446966,20.4
50,433265,0.0
50,268168,0.2
50,340957,0.0
50,161397,19.6
50,441631,0.0
51,161005,0.0
51,58411,0.1
51,283166,0.1
51,484533,0.0
51,184193,0.0
51,192598,10.9
51,746597,0.0
51,396985,0.4
51,93753,0.0
51,272868,0.1
51,606284,0.0
51,19622,0.0
51,274768,0.0
51,128186,0.0
51,63889,32.9
51,44782,0.3
51,2909,0.0
51,710510,0.1
51,224157,0.0
51,552445,0.0
51,67697,0.2
51,287762,0.4
51,55654,264.7
51,733900,0.0
51,517769,0.0
51,645658,0.0
51,68743,0.0
51,457004,0.0
51,601590,0.0
51,72032,24.8
51,965,0.0
51,545980,0.0
51,445911,11.3
51,36463,0.1
51,719809,0.0
51,117463,0.0
51,415133,0.0
51,40191,0.0
51,318293,0.0
51,101315,0.0
51,200085,31.6
51,2414,0.7
51,150252,0.2
51,704375,0.0
51,446966,34.9
51,433265,0.0
51,268168,0.1
51,340957,0.0
51,161397,0.0
51,441631,39.5
52,161005,13.9
52,58411,0.0
52,283166,0.0
52,484533,0.0
52,184193,7.1
52,192598,0.1
52,746597,0.0
52,396985,15.7
52,93753,0.2
52,272868,0.0
52,606284,0.0
52,19622,0.1
52,274768,0.0
52,128186,0.2
52,63889,27.7
52,44782,0.2
52,2909,0.2
52,710510,0.0
52,224157,0.0
52,552445,0.0
52,67697,0.0
52,287762,0.0
52,55654,44.9
52,733900,0.0
52,517769,0.0
52,645658,0.0
52,68743,0.0
52,457004,0.0
52,601590,0.0
52,72032,0.2
52,965,0.0
52,545980,0.0
52,445911,0.0
52,36463,0.0
52,719809,0.0
52,117463,0.0
52,415133,0.0
52,40191,0.0
52,318293,0.0
52,101315,0.1
52,200085,21.1
52,2414,1.7
52,150252,0.4
52,704375,0.0
52,446966,0.0
52,433265,0.0
52,268168,0.1
52,340957,0.0
52,161397,22.2
52,441631,0.0
53,161005,0.0
53,58411,0.0
53,283166,0.0
53,484533,0.2
53,184193,0.0
53,192598,0.0
53,746597,1.8
53,396985,0.2
53,93753,0.2
53,272868,0.0
53,606284,0.0
53,19622,0.0
53,274768,0.0
53,128186,10.1
53,63889,33.7
53,44782,0.0
53,2909,0.2
53,710510,0.0
53,224157,0.0
53,552445,0.2
53,67697,0.1
53,287762,0.0
53,55654,45.4
53,733900,0.0
53,517769,0.0
53,645658,0.0
53,68743,0.0
53,457004,0.0
53,601590,0.0
53,72032,0.2
53,965,0.0
53,545980,0.0
53,445911,0.2
53,36463,0.0
53,719809,0.0
53,117463,0.0
53,415133,0.0
53,40191,0.0
53,318293,0.0
53,101315,0.1
53,200085,0.0
53,2414,1.8
53,150252,13.2
53,704375,0.0
53,446966,0.7
53,433265,0.0
53,268168,15.4
53,340957,0.0
53,161397,0.0
53,441631,24.6
54,161005,0.0
54,58411,0.2
54,283166,0.0
54,484533,0.0
54,184193,0.0
54,192598,27.3
54,746597,0.0
54,396985,0.0
54,93753,0.0
54,272868,0.1
54,606284,0.0
54,19622,0.0
54,274768,0.0
54,128186,61.2
54,63889,53.9
54,44782,0.4
54,2909,0.4
54,710510,0.0
54,224157,0.0
54,552445,0.0
54,67697,0.3
54,287762,0.0
54,55654,199.0
54,733900,0.0
54,517769,0.0
54,645658,0.0
54,68743,0.0
54,457004,0.0
54,601590,0.0
54,72032,0.0
54,965,0.1
54,545980,0.0
54,445911,52.8
54,36463,0.0
54,719809,0.0
54,117463,0.0
54,415133,0.0
54,40191,0.0
54,318293,0.0
54,101315,0.2
54,200085,64.1
54,2414,1.3
54,150252,0.2
54,704375,0.0
54,446966,0.0
54,433265,0.0
54,268168,0.0
54,340957,0.2
54,161397,0.1
54,441631,65.3
55,161005,0.8
55,58411,0.1
55,283166,0.0
55,484533,0.0
55,184193,36.8
55,192598,0.3
55,746597,13.1
55,396985,0.0
55,93753,0.0
55,272868,0.0
55,606284,0.0
55,19622,0.0
55,274768,0.1
55,128186,0.0
55,63889,31.8
55,44782,0.1
55,2909,0.2
55,710510,0.0
55,224157,0.0
55,552445,0.0
55,67697,0.3
55,287762,0.0
55,55654,162.2
55,733900,0.0
55,517769,0.0
55,645658,0.0
55,68743,0.1
55,457004,0.0
55,601590,0.1
55,72032,0.2
55,965,0.0
55,545980,0.1
55,445911,0.0
55,36463,0.0
55,719809,0.0
55,117463,0.0
55,415133,0.0
55,40191,0.0
55,318293,0.0
55,101315,0.0
55,200085,1.1
55,2414,1.2
55,150252,0.7
55,704375,0.0
55,446966,0.2
55,433265,0.0
55,268168,0.0
55,340957,0.0
55,161397,24.7
55,441631,0.0
56,161005,0.0
56,58411,0.0
56,283166,0.0
56,484533,0.0
56,184193,1.9
56,192598,0.0
56,746597,1.0
56,396985,0.2
56,93753,0.0
56,272868,0.1
56,606284,0.0
56,19622,0.0
56,274768,0.0
56,128186,3.4
56,63889,2.0
56,44782,0.1
56,2909,0.1
56,710510,0.0
56,224157,0.0
56,552445,0.0
56,67697,0.2
56,287762,0.0
56,55654,44.2
56,733900,0.0
56,517769,0.4
56,645658,0.0
56,68743,0.0
56,457004,0.0
56,601590,0.0
56,72032,0.2
56,965,0.0
56,545980,0.0
56,445911,0.1
56,36463,0.0
56,719809,0.0
56,117463,0.9
56,415133,0.0
56,40191,0.0
56,318293,0.1
56,101315,0.0
56,200085,0.0
56,2414,0.5
56,150252,0.1
56,704375,0.0
56,446966,0.0
56,433265,0.0
56,268168,0.0
56,340957,0.0
56,161397,1.9
56,441631,0.0
57,161005,0.0
57,58411,0.0
57,283166,0.0
57,484533,0.0
57,184193,0.1
57,192598,0.0
57,746597,0.0
57,396985,0.0
57,93753,0.1
57,272868,0.0
57,606284,0.0
57,19622,0.0
57,274768,0.0
57,128186,0.0
57,63889,0.5
57,44782,0.0
57,2909,0.0
57,710510,0.0
57,224157,0.0
57,552445,0.0
57,67697,0.0
57,287762,0.0
57,55654,2.1
57,733900,0.0
57,517769,0.0
57,645658,0.0
57,68743,0.0
57,457004,0.0
57,601590,0.0
57,72032,0.0
57,965,0.0
57,545980,0.0
57,445911,0.0
57,36463,0.6
57,719809,0.0
57,117463,0.0
57,415133,0.0
57,40191,0.0
57,318293,0.0
57,101315,0.0
57,200085,0.0
57,2414,0.6
57,150252,0.2
57,704375,0.0
57,446966,0.1
57,433265,0.0
57,268168,0.0
57,340957,0.0
57,161397,1.2
57,441631,0.0
58,161005,0.2
58,58411,0.0
58,283166,0.0
58,484533,0.0
58,184193,1.2
58,192598,1.4
58,746597,0.3
58,396985,0.4
58,93753,0.0
58,272868,0.1
58,606284,0.1
58,19622,0.0
58,274768,0.0
58,128186,0.0
58,63889,7.5
58,44782,0.0
58,2909,0.1
58,710510,0.0
58,224157,0.0
58,552445,0.0
58,67697,0.0
58,287762,0.0
58,55654,32.7
58,733900,0.0
58,517769,8.6
58,645658,0.0
58,68743,0.0
58,457004,0.0
58,601590,0.0
58,72032,0.2
58,965,0.0
58,545980,0.1
58,445911,0.3
58,36463,0.2
58,719809,0.0
58,117463,0.0
58,415133,0.0
58,40191,0.0
58,318293,0.0
58,101315,0.3
58,200085,0.0
58,2414,0.0
58,150252,0.2
58,704375,0.0
58,446966,3.7
58,433265,0.0
58,268168,0.0
58,340957,0.0
58,161397,0.0
58,441631,5.3
59,161005,0.0
59,58411,0.0
59,283166,0.0
59,484533,0.0
59,184193,0.0
59,192598,0.0
59,746597,0.0
59,396985,0.0
59,93753,0.0
59,272868,0.0
59,606284,0.0
59,19622,0.0
59,274768,0.0
59,128186,0.0
59,63889,0.4
59,44782,0.0
59,2909,0.0
59,710510,0.0
59,224157,0.0
59,552445,0.0
59,67697,0.0
59,287762,0.0
59,55654,1.0
59,733900,0.0
59,517769,0.0
59,645658,0.0
59,68743,0.0
59,457004,0.0
59,601590,0.0
59,72032,0.0
59,965,0.0
59,545980,0.0
59,445911,0.0
59,36463,0.0
59,719809,0.0
59,117463,0.0
59,415133,0.0
59,40191,0.0
59,318293,0.0
59,101315,0.1
59,200085,0.0
59,2414,0.0
59,150252,0.0
59,704375,0.0
59,446966,0.0
59,433265,0.0
59,268168,0.0
59,340957,0.0
59,161397,0.0
59,441631,0.0
60,161005,0.0
60,58411,0.2
60,283166,0.0
60,484533,0.0
60,184193,0.0
60,192598,64.5
60,746597,0.0
60,396985,0.2
60,93753,0.1
60,272868,0.1
60,606284,0.0
60,19622,0.0
60,274768,0.0
60,128186,28.7
60,63889,93.1
60,44782,0.4
60,2909,0.3
60,710510,0.0
60,224157,0.0
60,552445,0.0
60,67697,0.2
60,287762,0.2
60,55654,228.7
60,733900,0.1
60,517769,0.0
60,645658,0.0
60,68743,0.1
60,457004,0.0
60,601590,0.1
60,72032,0.1
60,965,0.0
60,545980,0.0
60,445911,0.0
60,36463,0.0
60,719809,0.0
60,117463,0.0
60,415133,0.0
60,40191,0.0
60,318293,0.0
60,101315,0.0
60,200085,0.1
60,2414,0.2
60,150252,18.2
60,704375,0.0
60,446966,27.4
60,433265,0.0
60,268168,34.0
60,340957,0.0
60,161397,33.4
60,441631,0.0
61,161005,0.0
61,58411,0.0
61,283166,0.0
61,484533,0.0
61,184193,0.0
61,192598,50.0
61,746597,45.4
61,396985,29.8
61,93753,0.1
61,272868,0.1
61,606284,0.1
61,19622,0.0
61,274768,0.0
61,128186,16.2
61,63889,26.7
61,44782,0.2
61,2909,0.5
61,710510,0.0
61,224157,0.0
61,552445,0.0
61,67697,0.1
61,287762,0.0
61,55654,209.4
61,733900,0.0
61,517769,22.0
61,645658,0.3
61,68743,0.0
61,457004,3.9
61,601590,0.0
61,72032,0.3
61,965,0.0
61,545980,0.0
61,445911,0.0
61,36463,0.0
61,719809,0.0
61,117463,0.0
61,415133,0.0
61,40191,0.0
61,318293,0.0
61,101315,0.0
61,200085,21.5
61,2414,0.8
61,150252,0.7
61,704375,0.0
61,446966,0.2
61,433265,0.0
61,268168,0.3
61,340957,0.0
61,161397,23.4
61,441631,0.0
62,161005,0.0
62,58411,0.0
62,283166,0.0
62,484533,0.0
62,184193,0.3
62,192598,40.4
62,746597,0.0
62,396985,35.5
62,93753,0.0
62,272868,0.1
62,606284,0.0
62,19622,0.1
62,274768,0.0
62,128186,53.2
62,63889,138.6
62,44782,0.4
62,2909,0.7
62,710510,0.0
62,224157,0.0
62,552445,0.0
62,67697,0.3
62,287762,0.0
62,55654,210.8
62,733900,0.1
62,517769,38.8
62,645658,0.0
62,68743,0.0
62,457004,0.0
62,601590,0.0
62,72032,0.0
62,965,0.0
62,545980,0.4
62,445911,0.0
62,36463,0.3
62,719809,0.0
62,117463,1.6
62,415133,0.1
62,40191,0.0
62,318293,0.0
62,101315,0.1
62,200085,0.0
62,2414,0.2
62,150252,0.1
62,704375,0.0
62,446966,0.1
62,433265,0.0
62,268168,0.0
62,340957,0.0
62,161397,0.0
62,441631,0.5
63,161005,0.0
63,58411,0.1
63,283166,0.0
63,484533,0.0
63,184193,0.0
63,192598,2.8
63,746597,0.0
63,396985,2.5
63,93753,0.0
63,272868,0.0
63,606284,0.0
63,19622,0.0
63,274768,8.7
63,128186,0.0
63,63889,5.3
63,44782,0.2
63,2909,0.0
63,710510,0.0
63,224157,0.0
63,552445,0.0
63,67697,0.1
63,287762,0.0
63,55654,42.4
63,733900,0.0
63,517769,0.1
63,645658,0.0
63,68743,0.0
63,457004,0.0
63,601590,0.0
63,72032,0.1
63,965,0.0
63,545980,0.1
63,445911,0.0
63,36463,0.0
63,719809,0.0
63,117463,3.0
63,415133,6.1
63,40191,0.0
63,318293,0.0
63,101315,0.0
63,200085,0.1
63,2414,0.2
63,150252,8.3
63,704375,0.0
63,446966,0.0
63,433265,0.0
63,268168,0.0
63,340957,0.0
63,161397,7.8
63,441631,0.0
64,161005,0.0
64,58411,0.0
64,283166,0.0
64,484533,0.0
64,184193,0.0
64,192598,0.0
64,746597,0.0
64,396985,0.0
64,93753,0.0
64,272868,0.1
64,606284,0.0
64,19622,0.0
64,274768,0.0
64,128186,0.0
64,63889,0.7
64,44782,0.0
64,2909,0.0
64,710510,0.0
64,224157,0.0
64,552445,0.0
64,67697,0.1
64,287762,0.0
64,55654,2.9
64,733900,0.0
64,517769,0.0
64,645658,0.0
64,68743,0.0
64,457004,0.0
64,601590,0.0
64,72032,0.0
64,965,0.0
64,545980,0.1
64,445911,0.0
64,36463,0.0
64,719809,0.0
64,117463,0.0
64,415133,0.0
64,40191,0.0
64,318293,0.1
64,101315,0.0
64,200085,0.1
64,2414,0.0
64,150252,0.0
64,704375,0.0
64,446966,0.0
64,433265,0.0
64,268168,0.0
64,340957,0.0
64,161397,0.0
64,441631,0.0
65,161005,0.0
65,58411,0.0
65,283166,0.2
65,484533,0.0
65,184193,0.5
65,192598,0.1
65,746597,0.0
65,396985,0.1
65,93753,0.1
65,272868,0.0
65,606284,0.0
65,19622,0.0
65,274768,1.2
65,128186,0.0
65,63889,52.9
65,44782,0.2
65,2909,0.1
65,710510,0.0
65,224157,0.0
65,552445,0.0
65,67697,0.3
65,287762,0.0
65,55654,85.5
65,733900,0.0
65,517769,0.0
65,645658,0.2
65,68743,0.0
65,457004,0.0
65,601590,0.0
65,72032,0.4
65,965,0.0
65,545980,0.0
65,445911,0.0
65,36463,0.1
65,719809,0.0
65,117463,0.0
65,415133,0.0
65,40191,0.0
65,318293,0.0
65,101315,0.1
65,200085,15.5
65,2414,18.4
65,150252,0.0
65,704375,0.1
65,446966,0.0
65,433265,0.0
65,268168,0.0
65,340957,0.0
65,161397,31.0
65,441631,0.0
66,161005,7.1
66,58411,0.0
66,283166,0.1
66,484533,0.0
66,184193,0.0
66,192598,0.9
66,746597,0.0
66,396985,1.2
66,93753,0.0
66,272868,0.1
66,606284,0.0
66,19622,0.0
66,274768,0.0
66,128186,0.0
66,63889,1.0
66,44782,0.0
66,2909,0.3
66,710510,0.0
66,224157,0.0
66,552445,0.1
66,67697,0.3
66,287762,0.0
66,55654,15.1
66,733900,0.0
66,517769,0.0
66,645658,0.0
66,68743,0.0
66,457004,0.0
66,601590,0.0
66,72032,0.2
66,965,0.0
66,545980,0.1
66,445911,0.0
66,36463,0.8
66,719809,0.0
66,117463,0.0
66,415133,0.0
66,40191,0.0
66,318293,0.0
66,101315,0.0
66,200085,9.2
66,2414,0.5
66,150252,0.2
66,704375,0.0
66,446966,0.0
66,433265,0.0
66,268168,0.0
66,340957,0.0
66,161397,3.8
66,441631,0.2
67,161005,0.0
67,58411,0.0
67,283166,0.1
67,484533,0.0
67,184193,0.0
67,192598,51.7
67,746597,0.0
67,396985,0.0
67,93753,0.0
67,272868,0.0
67,606284,0.0
67,19622,0.1
67,274768,0.0
67,128186,0.0
67,63889,8.7
67,44782,0.0
67,2909,0.1
67,710510,0.0
67,224157,0.0
67,552445,0.0
67,67697,0.6
67,287762,0.0
67,55654,62.0
67,733900,0.0
67,517769,0.0
67,645658,0.0
67,68743,0.0
67,457004,0.0
67,601590,0.0
67,72032,0.3
67,965,0.1
67,545980,0.0
67,445911,8.8
67,36463,0.1
67,719809,0.0
67,117463,0.0
67,415133,0.0
67,40191,0.0
67,318293,0.0
67,101315,0.0
67,200085,0.0
67,2414,0.4
67,150252,0.3
67,704375,0.0
67,446966,0.3
67,433265,0.1
67,268168,0.0
67,340957,0.0
67,161397,20.5
67,441631,0.0
68,161005,0.0
68,58411,0.1
68,283166,0.0
68,484533,0.0
68,184193,0.0
68,192598,0.0
68,746597,0.0
68,396985,0.0
68,93753,0.0
68,272868,0.0
68,606284,0.0
68,19622,0.0
68,274768,0.0
68,128186,0.0
68,63889,0.0
68,44782,0.0
68,2909,0.0
68,710510,0.0
68,224157,0.0
68,552445,0.0
68,67697,0.0
68,287762,0.0
68,55654,0.7
68,733900,0.0
68,517769,0.0
68,645658,0.0
68,68743,0.0
68,457004,0.0
68,601590,0.0
68,72032,0.0
68,965,0.0
68,545980,0.0
68,445911,0.0
68,36463,0.0
68,719809,0.0
68,117463,0.0
68,415133,0.0
68,40191,0.0
68,318293,0.0
68,101315,0.0
68,200085,0.1
68,2414,0.0
68,150252,0.0
68,704375,0.0
68,446966,0.0
68,433265,0.0
68,268168,0.1
68,340957,0.0
68,161397,0.0
68,441631,0.0
69,161005,0.0
69,58411,0.1
69,283166,0.0
69,484533,0.0
69,184193,0.0
69,192598,0.0
69,746597,0.6
69,396985,0.2
69,93753,0.0
69,272868,0.0
69,606284,0.0
69,19622,0.0
69,274768,0.2
69,128186,0.0
69,63889,0.7
69,44782,0.0
69,2909,0.2
69,710510,0.0
69,224157,0.0
69,552445,0.0
69,67697,0.0
69,287762,0.0
69,55654,11.3
69,733900,0.0
69,517769,0.0
69,645658,0.0
69,68743,0.0
69,457004,0.0
69,601590,0.0
69,72032,0.0
69,965,0.0
69,545980,0.0
69,445911,0.4
69,36463,0.0
69,719809,0.0
69,117463,0.0
69,415133,0.0
69,40191,0.0
69,318293,0.0
69,101315,0.0
69,200085,0.1
69,2414,0.1
69,150252,0.1
69,704375,0.0
69,446966,0.0
69,433265,0.0
69,268168,0.0
69,340957,0.0
69,161397,0.1
69,441631,0.0
70,161005,0.0
70,58411,0.0
70,283166,0.0
70,484533,0.0
70,184193,0.0
70,192598,0.3
70,746597,16.4
70,396985,0.0
70,93753,0.0
70,272868,0.0
70,606284,0.0
70,19622,0.0
70,274768,0.0
70,128186,6.5
70,63889,18.3
70,44782,0.1
70,2909,0.1
70,710510,0.0
70,224157,6.6
70,552445,0.0
70,67697,0.0
70,287762,0.0
70,55654,122.5
70,733900,0.0
70,517769,0.0
70,645658,0.0
70,68743,0.0
70,457004,0.0
70,601590,0.0
70,72032,0.1
70,965,0.0
70,545980,0.0
70,445911,0.0
70,36463,0.1
70,719809,0.0
70,117463,0.4
70,415133,0.0
70,40191,0.0
70,318293,0.0
70,101315,0.0
70,200085,11.1
70,2414,0.7
70,150252,0.2
70,704375,0.0
70,446966,0.2
70,433265,0.0
70,268168,0.7
70,340957,0.1
70,161397,58.3
70,441631,0.0
71,161005,0.0
71,58411,0.0
71,283166,0.1
71,484533,0.0
71,184193,0.0
71,192598,18.4
71,746597,1.2
71,396985,0.1
71,93753,0.0
71,272868,0.1
71,606284,0.0
71,19622,0.1
71,274768,0.0
71,128186,16.8
71,63889,23.8
71,44782,0.0
71,2909,0.2
71,710510,0.0
71,224157,0.0
71,552445,0.0
71,67697,0.1
71,287762,0.0
71,55654,87.2
71,733900,0.0
71,517769,0.1
71,645658,0.0
71,68743,0.0
71,457004,0.0
71,601590,0.0
71,72032,0.4
71,965,0.0
71,545980,0.0
71,445911,0.0
71,36463,0.0
71,719809,0.0
71,117463,0.0
71,415133,0.0
71,40191,0.0
71,318293,0.0
71,101315,0.0
71,200085,10.8
71,2414,0.1
71,150252,0.3
71,704375,0.0
71,446966,1.3
71,433265,0.0
71,268168,0.1
71,340957,0.0
71,161397,0.0
71,441631,0.0
72,161005,0.0
72,58411,0.0
72,283166,0.0
72,484533,0.0
72,184193,7.0
72,192598,0.4
72,746597,0.2
72,396985,26.7
72,93753,0.0
72,272868,0.1
72,606284,0.0
72,19622,0.0
72,274768,0.0
72,128186,0.0
72,63889,21.9
72,44782,0.0
72,2909,0.5
72,710510,0.0
72,224157,0.0
72,552445,0.1
72,67697,0.1
72,287762,0.0
72,55654,147.1
72,733900,0.0
72,517769,0.0
72,645658,0.0
72,68743,0.0
72,457004,0.0
72,601590,0.0
72,72032,0.0
72,965,0.0
72,545980,0.3
72,445911,34.4
72,36463,0.0
72,719809,0.0
72,117463,0.0
72,415133,0.0
72,40191,0.0
72,318293,0.0
72,101315,0.0
72,200085,0.0
72,2414,1.2
72,150252,0.9
72,704375,0.0
72,446966,0.0
72,433265,0.0
72,268168,0.0
72,340957,0.0
72,161397,18.9
72,441631,0.0
73,161005,0.5
73,58411,0.1
73,283166,0.0
73,484533,0.1
73,184193,0.0
73,192598,0.0
73,746597,0.0
73,396985,0.1
73,93753,0.0
73,272868,0.1
73,606284,0.0
73,19622,0.0
73,274768,0.0
73,128186,0.2
73,63889,24.3
73,44782,0.1
73,2909,0.2
73,710510,0.0
73,224157,2.4
73,552445,0.0
73,67697,0.1
73,287762,0.0
73,55654,38.5
73,733900,0.0
73,517769,0.0
73,645658,0.0
73,68743,0.0
73,457004,0.0
73,601590,0.0
73,72032,0.0
73,965,0.0
73,545980,0.2
73,445911,0.0
73,36463,0.0
73,719809,0.0
73,117463,0.0
73,415133,0.0
73,40191,0.3
73,318293,0.0
73,101315,0.0
73,200085,0.0
73,2414,0.3
73,150252,0.0
73,704375,0.1
73,446966,0.0
73,433265,0.0
73,268168,0.0
73,340957,0.0
73,161397,4.3
73,441631,0.0
74,161005,0.0
74,58411,0.1
74,283166,0.1
74,484533,0.1
74,184193,0.1
74,192598,15.1
74,746597,0.0
74,396985,0.1
74,93753,0.1
74,272868,0.0
74,606284,0.0
74,19622,0.0
74,274768,0.0
74,128186,0.0
74,63889,0.9
74,44782,0.1
74,2909,0.1
74,710510,0.0
74,224157,0.0
74,552445,0.0
74,67697,0.0
74,287762,0.0
74,55654,33.6
74,733900,0.0
74,517769,0.1
74,645658,0.0
74,68743,0.2
74,457004,0.0
74,601590,0.0
74,72032,0.4
74,965,0.0
74,545980,0.0
74,445911,7.0
74,36463,0.0
74,719809,0.0
74,117463,0.0
74,415133,0.0
74,40191,0.0
74,318293,0.0
74,101315,0.0
74,200085,0.0
74,2414,0.1
74,150252,0.8
74,704375,0.0
74,446966,0.0
74,433265,0.0
74,268168,0.2
74,340957,0.0
74,161397,0.2
74,441631,0.0
75,161005,0.0
75,58411,0.0
75,283166,0.0
75,484533,0.0
75,184193,0.0
75,192598,0.0
75,746597,0.0
75,396985,0.4
75,93753,0.0
75,272868,0.0
75,606284,0.1
75,19622,0.0
75,274768,0.0
75,128186,0.9
75,63889,2.8
75,44782,0.2
75,2909,0.1
75,710510,0.0
75,224157,0.0
75,552445,0.0
75,67697,0.1
75,287762,0.0
75,55654,63.2
75,733900,0.0
75,517769,0.0
75,645658,0.0
75,68743,0.1
75,457004,0.0
75,601590,0.0
75,72032,0.2
75,965,0.1
75,545980,5.1
75,445911,0.9
75,36463,0.0
75,719809,0.0
75,117463,0.0
75,415133,0.0
75,40191,0.0
75,318293,0.0
75,101315,0.0
75,200085,7.2
75,2414,0.2
75,150252,4.7
75,704375,0.0
75,446966,0.0
75,433265,0.0
75,268168,0.0
75,340957,0.0
75,161397,0.0
75,441631,0.0
76,161005,0.3
76,58411,0.0
76,283166,0.0
76,484533,0.0
76,184193,0.4
76,192598,0.0
76,746597,0.0
76,396985,0.0
76,93753,0.0
76,272868,0.1
76,606284,0.0
76,19622,0.1
76,274768,0.0
76,128186,0.0
76,63889,67.3
76,44782,0.2
76,2909,0.4
76,710510,0.0
76,224157,0.0
76,552445,0.0
76,67697,0.3
76,287762,0.4
76,55654,157.2
76,733900,0.0
76,517769,0.0
76,645658,0.0
76,68743,0.1
76,457004,0.0
76,601590,0.1
76,72032,0.3
76,965,0.0
76,545980,14.5
76,445911,1.2
76,36463,0.0
76,719809,0.0
76,117463,0.0
76,415133,0.0
76,40191,0.0
76,318293,0.0
76,101315,0.1
76,200085,0.0
76,2414,0.5
76,150252,0.3
76,704375,0.0
76,446966,0.0
76,433265,0.1
76,268168,0.0
76,340957,0.0
76,161397,12.9
76,441631,17.3
77,161005,0.0
77,58411,0.0
77,283166,0.0
77,484533,0.0
77,184193,0.0
77,192598,0.0
77,746597,0.0
77,396985,7.2
77,93753,0.1
77,272868,0.0
77,606284,0.0
77,19622,0.0
77,274768,0.0
77,128186,0.0
77,63889,26.1
77,44782,0.3
77,2909,0.1
77,710510,0.0
77,224157,0.0
77,552445,0.0
77,67697,0.0
77,287762,0.0
77,55654,42.4
77,733900,0.0
77,517769,0.0
77,645658,0.0
77,68743,0.1
77,457004,0.0
77,601590,0.0
77,72032,0.0
77,965,0.0
77,545980,0.1
77,445911,1.0
77,36463,0.0
77,719809,0.0
77,117463,0.0
77,415133,0.0
77,40191,0.0
77,318293,0.0
77,101315,0.5
77,200085,3.3
77,2414,0.1
77,150252,0.6
77,704375,0.0
77,446966,0.0
77,433265,0.0
77,268168,8.5
77,340957,0.0
77,161397,11.2
77,441631,0.0
78,161005,18.3
78,58411,0.1
78,283166,0.0
78,484533,0.0
78,184193,0.3
78,192598,16.9
78,746597,0.0
78,396985,0.0
78,93753,0.0
78,272868,0.0
78,606284,0.0
78,19622,0.2
78,274768,0.0
78,128186,40.8
78,63889,43.2
78,44782,0.2
78,2909,0.4
78,710510,0.0
78,224157,21.4
78,552445,0.1
78,67697,0.3
78,287762,0.1
78,55654,150.0
78,733900,0.0
78,517769,0.0
78,645658,0.0
78,68743,0.0
78,457004,0.0
78,601590,0.0
78,72032,17.2
78,965,0.0
78,545980,0.0
78,445911,20.2
78,36463,0.0
78,719809,0.0
78,117463,0.0
78,415133,0.0
78,40191,0.0
78,318293,0.0
78,101315,0.1
78,200085,0.1
78,2414,1.5
78,150252,24.1
78,704375,0.0
78,446966,0.0
78,433265,0.2
78,268168,1.6
78,340957,0.0
78,161397,34.8
78,441631,31.9
79,161005,0.0
79,58411,0.1
79,283166,0.0
79,484533,0.0
79,184193,0.0
79,192598,0.0
79,746597,0.0
79,396985,0.0
79,93753,0.1
79,272868,0.0
79,606284,0.0
79,19622,0.1
79,274768,0.0
79,128186,0.0
79,63889,9.3
79,44782,0.1
79,2909,0.0
79,710510,0.0
79,224157,0.0
79,552445,0.0
79,67697,0.5
79,287762,0.0
79,55654,32.6
79,733900,0.0
79,517769,0.0
79,645658,0.0
79,68743,0.0
79,457004,0.0
79,601590,0.0
79,72032,0.4
79,965,0.0
79,545980,0.3
79,445911,0.0
79,36463,0.0
79,719809,0.0
79,117463,0.0
79,415133,0.0
79,40191,0.1
79,318293,0.0
79,101315,0.2
79,200085,13.7
79,2414,0.0
79,150252,0.0
79,704375,0.0
79,446966,10.1
79,433265,0.0
79,268168,0.1
79,340957,0.0
79,161397,2.3
79,441631,0.0
80,161005,0.0
80,58411,0.0
80,283166,0.1
80,484533,0.0
80,184193,0.0
80,192598,15.4
80,746597,0.0
80,396985,0.0
80,93753,0.2
80,272868,0.0
80,606284,0.0
80,19622,0.0
80,274768,0.0
80,128186,0.0
80,63889,13.4
80,44782,0.0
80,2909,0.1
80,710510,0.0
80,224157,0.0
80,552445,0.0
80,67697,0.2
80,287762,0.2
80,55654,30.5
80,733900,0.0
80,517769,0.0
80,645658,0.0
80,68743,0.0
80,457004,0.0
80,601590,0.1
80,72032,0.3
80,965,0.0
80,545980,0.0
80,445911,0.0
80,36463,0.0
80,719809,0.0
80,117463,0.2
80,415133,0.0
80,40191,0.0
80,318293,0.0
80,101315,0.1
80,200085,0.0
80,2414,0.3
80,150252,0.0
80,704375,0.0
80,446966,31.5
80,433265,0.0
80,268168,0.0
80,340957,0.0
80,161397,20.4
80,441631,0.0
81,161005,0.0
81,58411,0.0
81,283166,0.0
81,484533,0.0
81,184193,0.2
81,192598,2.7
81,746597,0.0
81,396985,0.0
81,93753,0.0
81,272868,0.1
81,606284,0.0
81,19622,0.0
81,274768,0.0
81,128186,0.0
81,63889,0.5
81,44782,0.1
81,2909,0.1
81,710510,0.0
81,224157,1.1
81,552445,0.0
81,67697,0.0
81,287762,0.0
81,55654,12.8
81,733900,0.0
81,517769,0.6
81,645658,0.1
81,68743,0.0
81,457004,0.0
81,601590,0.0
81,72032,0.1
81,965,0.0
81,545980,0.0
81,445911,0.8
81,36463,0.0
81,719809,0.0
81,117463,0.0
81,415133,0.0
81,40191,0.1
81,318293,0.0
81,101315,0.2
81,200085,0.2
81,2414,0.1
81,150252,0.6
81,704375,0.0
81,446966,0.6
81,433265,0.0
81,268168,0.0
81,340957,0.0
81,161397,7.8
81,441631,0.1
82,161005,0.0
82,58411,0.0
82,283166,0.0
82,484533,0.0
82,184193,12.5
82,192598,25.6
82,746597,19.0
82,396985,0.3
82,93753,0.1
82,272868,0.0
82,606284,0.0
82,19622,0.1
82,274768,0.0
82,128186,0.0
82,63889,17.6
82,44782,0.1
82,2909,0.2
82,710510,0.0
82,224157,0.0
82,552445,0.0
82,67697,0.3
82,287762,0.0
82,55654,156.3
82,733900,0.0
82,517769,0.0
82,645658,0.0
82,68743,0.1
82,457004,0.0
82,601590,0.0
82,72032,0.0
82,965,0.1
82,545980,0.0
82,445911,0.0
82,36463,0.0
82,719809,0.0
82,117463,0.0
82,415133,0.0
82,40191,0.1
82,318293,0.0
82,101315,0.2
82,200085,0.1
82,2414,0.5
82,150252,0.3
82,704375,0.0
82,446966,0.1
82,433265,0.1
82,268168,34.3
82,340957,0.0
82,161397,0.0
82,441631,0.0
83,161005,0.0
83,58411,0.0
83,283166,0.0
83,484533,0.0
83,184193,0.0
83,192598,0.0
83,746597,0.2
83,396985,0.2
83,93753,0.0
83,272868,0.0
83,606284,0.0
83,19622,0.0
83,274768,0.0
83,128186,0.0
83,63889,0.4
83,44782,0.0
83,2909,0.3
83,710510,0.0
83,224157,0.0
83,552445,0.1
83,67697,0.1
83,287762,0.0
83,55654,12.1
83,733900,0.0
83,517769,0.0
83,645658,0.0
83,68743,0.0
83,457004,0.0
83,601590,0.0
83,72032,0.1
83,965,0.0
83,545980,0.0
83,445911,0.0
83,36463,0.0
83,719809,0.0
83,117463,1.0
83,415133,0.0
83,40191,0.0
83,318293,0.0
83,101315,0.1
83,200085,0.0
83,2414,5.6
83,150252,0.2
83,704375,0.0
83,446966,0.0
83,433265,0.0
83,268168,0.0
83,340957,0.0
83,161397,1.4
83,441631,0.0
84,161005,0.0
84,58411,0.0
84,283166,0.0
84,484533,0.0
84,184193,0.0
84,192598,0.0
84,746597,0.0
84,396985,0.0
84,93753,0.0
84,272868,0.1
84,606284,0.0
84,19622,0.1
84,274768,0.0
84,128186,0.4
84,63889,0.9
84,44782,0.1
84,2909,0.1
84,710510,0.0
84,224157,0.5
84,552445,0.0
84,67697,0.0
84,287762,0.0
84,55654,12.2
84,733900,0.0
84,517769,0.0
84,645658,0.0
84,68743,0.0
84,457004,0.0
84,601590,0.0
84,72032,0.0
84,965,0.0
84,545980,0.2
84,445911,0.1
84,36463,0.0
84,719809,0.0
84,117463,0.0
84,415133,0.0
84,40191,0.0
84,318293,0.0
84,101315,0.0
84,200085,0.0
84,2414,0.0
84,150252,0.2
84,704375,0.0
84,446966,0.0
84,433265,0.0
84,268168,2.3
84,340957,0.0
84,161397,0.3
84,441631,0.0
85,161005,0.0
85,58411,0.1
85,283166,0.2
85,484533,0.0
85,184193,0.0
85,192598,14.0
85,746597,0.0
85,396985,0.0
85,93753,0.1
85,272868,0.3
85,606284,0.0
85,19622,0.0
85,274768,0.0
85,128186,40.7
85,63889,63.2
85,44782,0.1
85,2909,0.0
85,710510,0.0
85,224157,21.2
85,552445,0.0
85,67697,0.2
85,287762,0.0
85,55654,168.6
85,733900,0.0
85,517769,0.0
85,645658,0.0
85,68743,0.0
85,457004,0.0
85,601590,0.0
85,72032,0.4
85,965,0.0
85,545980,0.0
85,445911,0.0
85,36463,0.0
85,719809,0.0
85,117463,0.0
85,415133,0.0
85,40191,0.0
85,318293,0.0
85,101315,0.0
85,200085,0.1
85,2414,31.6
85,150252,0.7
85,704375,0.0
85,446966,0.0
85,433265,0.0
85,268168,0.0
85,340957,0.0
85,161397,0.7
85,441631,0.7
86,161005,0.0
86,58411,0.0
86,283166,0.1
86,484533,0.0
86,184193,0.0
86,192598,4.3
86,746597,0.0
86,396985,0.0
86,93753,0.0
86,272868,0.0
86,606284,0.0
86,19622,0.0
86,274768,0.0
86,128186,0.0
86,63889,1.1
86,44782,0.1
86,2909,0.1
86,710510,0.0
86,224157,0.0
86,552445,0.0
86,67697,0.0
86,287762,0.0
86,55654,3.6
86,733900,0.0
86,517769,0.0
86,645658,0.0
86,68743,0.1
86,457004,3.0
86,601590,0.0
86,72032,0.0
86,965,0.0
86,545980,0.0
86,445911,0.0
86,36463,0.0
86,719809,0.0
86,117463,0.0
86,415133,0.0
86,40191,0.0
86,318293,0.0
86,101315,0.2
86,200085,0.0
86,2414,0.2
86,150252,1.0
86,704375,0.0
86,446966,0.0
86,433265,0.0
86,268168,0.0
86,340957,0.0
86,161397,0.0
86,441631,0.0
87,161005,0.0
87,58411,0.1
87,283166,0.0
87,484533,0.0
87,184193,0.1
87,192598,0.0
87,746597,28.1
87,396985,0.4
87,93753,0.0
87,272868,0.0
87,606284,0.0
87,19622,0.1
87,274768,0.0
87,128186,0.0
87,63889,53.4
87,44782,0.6
87,2909,0.4
87,710510,0.0
87,224157,0.0
87,552445,0.0
87,67697,0.3
87,287762,28.4
87,55654,264.7
87,733900,0.1
87,517769,0.0
87,645658,0.0
87,68743,0.0
87,457004,0.0
87,601590,0.0
87,72032,0.1
87,965,0.0
87,545980,35.7
87,445911,62.7
87,36463,29.8
87,719809,0.0
87,117463,31.3
87,415133,0.0
87,40191,0.0
87,318293,0.0
87,101315,0.0
87,200085,27.7
87,2414,0.0
87,150252,0.4
87,704375,0.0
87,446966,0.3
87,433265,0.0
87,268168,0.0
87,340957,19.3
87,161397,22.3
87,441631,0.4
88,161005,0.0
88,58411,0.0
88,283166,0.0
88,484533,0.0
88,184193,0.0
88,192598,0.0
88,746597,0.0
88,396985,0.2
88,93753,0.0
88,272868,0.0
88,606284,0.0
88,19622,0.0
88,274768,0.0
88,128186,0.0
88,63889,2.7
88,44782,0.0
88,2909,0.0
88,710510,0.0
88,224157,0.0
88,552445,0.0
88,67697,0.0
88,287762,0.0
88,55654,6.3
88,733900,0.0
88,517769,0.0
88,645658,0.0
88,68743,0.0
88,457004,0.0
88,601590,0.0
88,72032,0.0
88,965,0.0
88,545980,0.5
88,445911,0.0
88,36463,0.0
88,719809,0.0
88,117463,0.0
88,415133,0.0
88,40191,0.0
88,318293,0.0
88,101315,0.0
88,200085,0.1
88,2414,0.0
88,150252,0.0
88,704375,0.0
88,446966,0.0
88,433265,0.0
88,268168,0.0
88,340957,0.0
88,161397,0.1
88,441631,0.0
89,161005,0.0
89,58411,0.0
89,283166,0.0
89,484533,0.0
89,184193,0.0
89,192598,34.2
89,746597,2.5
89,396985,0.3
89,93753,0.1
89,272868,0.0
89,606284,0.0
89,19622,0.1
89,274768,13.0
89,128186,16.7
89,63889,40.3
89,44782,0.0
89,2909,0.1
89,710510,0.0
89,224157,0.0
89,552445,0.0
89,67697,0.2
89,287762,0.2
89,55654,177.9
89,733900,0.0
89,517769,0.0
89,645658,0.0
89,68743,0.1
89,457004,0.0
89,601590,0.0
89,72032,24.0
89,965,0.0
89,545980,0.0
89,445911,0.0
89,36463,0.8
89,719809,0.0
89,117463,27.9
89,415133,0.0
89,40191,0.0
89,318293,0.0
89,101315,0.1
89,200085,19.0
89,2414,2.8
89,150252,0.4
89,704375,0.0
89,446966,0.0
89,433265,0.0
89,268168,0.0
89,340957,0.0
89,161397,19.0
89,441631,0.2
90,161005,0.0
90,58411,0.2
90,283166,0.1
90,484533,0.0
90,184193,0.0
90,192598,0.1
90,746597,0.0
90,396985,0.1
90,93753,0.0
90,272868,0.2
90,606284,0.0
90,19622,0.0
90,274768,0.0
90,128186,12.3
90,63889,50.3
90,44782,0.0
90,2909,0.1
90,710510,0.0
90,224157,0.0
90,552445,0.0
90,67697,0.4
90,287762,0.0
90,55654,65.2
90,733900,0.0
90,517769,0.0
90,645658,0.0
90,68743,0.0
90,457004,0.0
90,601590,0.0
90,72032,14.1
90,965,0.0
90,545980,0.0
90,445911,0.3
90,36463,0.0
90,719809,0.0
90,117463,0.0
90,415133,0.0
90,40191,0.0
90,318293,0.0
90,101315,0.1
90,200085,0.0
90,2414,1.3
90,150252,0.0
90,704375,0.0
90,446966,12.4
90,433265,0.0
90,268168,0.0
90,340957,0.0
90,161397,0.9
90,441631,0.0
91,161005,0.0
91,58411,0.1
91,283166,0.0
91,484533,0.0
91,184193,0.6
91,192598,13.8
91,746597,0.0
91,396985,0.1
91,93753,0.0
91,272868,0.0
91,606284,0.0
91,19622,0.0
91,274768,0.0
91,128186,16.4
91,63889,35.3
91,44782,0.0
91,2909,0.2
91,710510,0.0
91,224157,0.0
91,552445,0.0
91,67697,0.2
91,287762,0.0
91,55654,58.2
91,733900,0.0
91,517769,0.3
91,645658,0.0
91,68743,0.0
91,457004,0.0
91,601590,0.0
91,72032,0.2
91,965,0.0
91,545980,6.8
91,445911,0.1
91,36463,0.0
91,719809,0.0
91,117463,0.0
91,415133,0.0
91,40191,0.0
91,318293,0.0
91,101315,0.1
91,200085,0.1
91,2414,0.6
91,150252,0.3
91,704375,0.0
91,446966,0.1
91,433265,0.0
91,268168,0.0
91,340957,0.0
91,161397,34.4
91,441631,0.0
92,161005,0.2
92,58411,0.0
92,283166,0.0
92,484533,0.0
92,184193,0.0
92,192598,15.7
92,746597,8.1
92,396985,0.0
92,93753,0.0
92,272868,0.1
92,606284,0.0
92,19622,0.1
92,274768,0.0
92,128186,0.0
92,63889,8.3
92,44782,0.0
92,2909,0.1
92,710510,0.0
92,224157,0.0
92,552445,0.0
92,67697,0.0
92,287762,0.3
92,55654,30.7
92,733900,0.0
92,517769,0.2
92,645658,0.0
92,68743,0.0
92,457004,0.0
92,601590,0.0
92,72032,0.2
92,965,0.0
92,545980,0.0
92,445911,0.8
92,36463,0.1
92,719809,0.0
92,117463,0.0
92,415133,0.0
92,40191,0.0
92,318293,0.0
92,101315,0.0
92,200085,0.6
92,2414,0.2
92,150252,0.4
92,704375,0.0
92,446966,0.1
92,433265,0.0
92,268168,0.0
92,340957,0.0
92,161397,0.0
92,441631,0.0
93,161005,0.1
93,58411,0.0
93,283166,0.0
93,484533,0.0
93,184193,0.1
93,192598,5.3
93,746597,0.0
93,396985,1.4
93,93753,0.0
93,272868,0.0
93,606284,0.0
93,19622,0.1
93,274768,0.0
93,128186,0.0
93,63889,1.7
93,44782,0.1
93,2909,0.0
93,710510,0.0
93,224157,0.0
93,552445,0.0
93,67697,0.3
93,287762,0.0
93,55654,20.0
93,733900,0.0
93,517769,0.0
93,645658,0.0
93,68743,0.0
93,457004,0.0
93,601590,0.0
93,72032,0.0
93,965,0.0
93,545980,0.0
93,445911,0.0
93,36463,0.0
93,719809,0.0
93,117463,0.1
93,415133,0.0
93,40191,0.0
93,318293,0.0
93,101315,0.1
93,200085,3.6
93,2414,0.7
93,150252,0.0
93,704375,0.0
93,446966,10.1
93,433265,0.0
93,268168,0.0
93,340957,0.0
93,161397,10.4
93,441631,0.0
94,161005,0.0
94,58411,0.1
94,283166,0.0
94,484533,0.0
94,184193,0.0
94,192598,2.9
94,746597,0.0
94,396985,0.1
94,93753,0.0
94,272868,0.0
94,606284,0.0
94,19622,0.0
94,274768,0.0
94,128186,0.0
94,63889,1.6
94,44782,0.1
94,2909,0.1
94,710510,0.0
94,224157,0.0
94,552445,0.0
94,67697,0.1
94,287762,0.0
94,55654,1.5
94,733900,0.0
94,517769,0.4
94,645658,0.0
94,68743,0.1
94,457004,0.0
94,601590,0.0
94,72032,0.0
94,965,0.0
94,545980,0.1
94,445911,0.0
94,36463,0.0
94,719809,0.0
94,117463,0.0
94,415133,0.0
94,40191,0.0
94,318293,0.0
94,101315,0.5
94,200085,0.6
94,2414,0.0
94,150252,0.3
94,704375,0.0
94,446966,0.0
94,433265,0.0
94,268168,0.0
94,340957,0.0
94,161397,0.0
94,441631,0.0
95,161005,0.0
95,58411,0.0
95,283166,0.1
95,484533,0.1
95,184193,31.8
95,192598,35.4
95,746597,0.0
95,396985,0.0
95,93753,0.2
95,272868,0.1
95,606284,0.1
95,19622,0.0
95,274768,0.0
95,128186,0.0
95,63889,5.0
95,44782,32.8
95,2909,0.2
95,710510,0.0
95,224157,0.0
95,552445,0.0
95,67697,0.3
95,287762,0.0
95,55654,280.1
95,733900,0.0
95,517769,0.0
95,645658,0.0
95,68743,0.0
95,457004,0.0
95,601590,0.1
95,72032,0.5
95,965,0.0
95,545980,0.0
95,445911,0.0
95,36463,0.1
95,719809,0.0
95,117463,1.3
95,415133,0.0
95,40191,0.0
95,318293,0.0
95,101315,0.1
95,200085,0.1
95,2414,35.8
95,150252,1.3
95,704375,0.0
95,446966,0.0
95,433265,0.0
95,268168,3.2
95,340957,0.2
95,161397,37.3
95,441631,0.0
96,161005,0.0
96,58411,0.0
96,283166,0.2
96,484533,0.0
96,184193,0.1
96,192598,9.5
96,746597,0.0
96,396985,0.4
96,93753,0.2
96,272868,0.0
96,606284,0.0
96,19622,0.0
96,274768,0.0
96,128186,0.0
96,63889,16.7
96,44782,0.0
96,2909,0.1
96,710510,0.0
96,224157,0.0
96,552445,0.0
96,67697,0.0
96,287762,0.0
96,55654,44.0
96,733900,0.0
96,517769,0.1
96,645658,0.0
96,68743,0.3
96,457004,0.0
96,601590,0.0
96,72032,0.0
96,965,0.0
96,545980,0.0
96,445911,10.4
96,36463,0.0
96,719809,0.0
96,117463,0.0
96,415133,0.0
96,40191,0.0
96,318293,0.0
96,101315,0.3
96,200085,0.8
96,2414,2.1
96,150252,0.1
96,704375,0.0
96,446966,0.0
96,433265,0.0
96,268168,0.1
96,340957,0.0
96,161397,4.5
96,441631,0.0
97,161005,0.0
97,58411,0.0
97,283166,0.0
97,484533,0.0
97,184193,0.0
97,192598,0.1
97,746597,0.0
97,396985,0.0
97,93753,0.0
97,272868,0.0
97,606284,0.0
97,19622,0.0
97,274768,0.0
97,128186,0.0
97,63889,0.1
97,44782,0.0
97,2909,0.1
97,710510,0.0
97,224157,0.0
97,552445,0.0
97,67697,0.0
97,287762,0.0
97,55654,0.7
97,733900,0.0
97,517769,0.1
97,645658,0.0
97,68743,0.0
97,457004,0.0
97,601590,0.0
97,72032,0.0
97,965,0.0
97,545980,0.0
97,445911,0.0
97,36463,0.0
97,719809,0.0
97,117463,0.0
97,415133,0.0
97,40191,0.0
97,318293,0.0
97,101315,0.1
97,200085,0.0
97,2414,0.0
97,150252,0.0
97,704375,0.0
97,446966,0.0
97,433265,0.0
97,268168,0.0
97,340957,0.0
97,161397,0.0
97,441631,0.0
98,161005,4.1
98,58411,0.0
98,283166,0.0
98,484533,0.0
98,184193,0.0
98,192598,7.6
98,746597,0.0
98,396985,0.0
98,93753,0.0
98,272868,0.0
98,606284,0.0
98,19622,0.0
98,274768,0.0
98,128186,0.0
98,63889,4.6
98,44782,0.0
98,2909,0.1
98,710510,0.0
98,224157,0.0
98,552445,0.0
98,67697,0.0
98,287762,0.0
98,55654,11.4
98,733900,0.0
98,517769,0.0
98,645658,0.0
98,68743,0.0
98,457004,0.0
98,601590,0.0
98,72032,0.0
98,965,0.0
98,545980,0.0
98,445911,0.0
98,36463,0.3
98,719809,0.0
98,117463,0.1
98,415133,0.0
98,40191,0.1
98,318293,0.0
98,101315,0.2
98,200085,0.0
98,2414,1.6
98,150252,0.0
98,704375,0.0
98,446966,0.0
98,433265,0.0
98,268168,0.0
98,340957,0.0
98,161397,2.0
98,441631,0.3
99,161005,0.0
99,58411,0.1
99,283166,0.1
99,484533,0.0
99,184193,28.6
99,192598,63.6
99,746597,0.0
99,396985,0.1
99,93753,0.1
99,272868,0.1
99,606284,0.0
99,19622,0.0
99,274768,0.0
99,128186,33.8
99,63889,1.4
99,44782,0.0
99,2909,0.1
99,710510,0.0
99,224157,0.0
99,552445,0.0
99,67697,0.1
99,287762,0.0
99,55654,223.9
99,733900,0.0
99,517769,0.0
99,645658,0.0
99,68743,0.0
99,457004,0.0
99,601590,0.0
99,72032,0.2
99,965,0.2
99,545980,0.3
99,445911,0.0
99,36463,0.0
99,719809,0.0
99,117463,0.0
99,415133,0.0
99,40191,0.0
99,318293,0.0
99,101315,0.3
99,200085,10.8
99,2414,0.3
99,150252,1.0
99,704375,0.0
99,446966,33.2
99,433265,0.0
99,268168,28.8
99,340957,0.0
99,161397,81.1
99,441631,0.0
