0,81485,41.7
0,88711,16.5
0,100319,21.7
0,16923,33
0,50165,26.1
0,50662,12.6
0,60404,33.3
0,33510,29.1
0,117148,40.8
0,36466,26.7
0,118313,30.7
0,38725,35.7
0,46738,24.2
0,121319,31.9
0,87570,23
0,100647,16.5
0,102734,18.9
0,284,22.9
0,85446,20.1
0,71885,21.6
0,75738,18.2
0,61104,29.5
0,78543,25.5
0,102664,22.9
0,47566,20
0,53018,20.8
0,10419,20
0,114780,14.4
0,15744,16.6
0,114770,13.6
0,101252,18
0,75134,21.3
0,21528,22.3
0,112743,22.7
0,90842,9.9
0,90206,33.5
0,120460,16.9
0,88573,20.7
0,90544,26.6
0,65130,11.4
0,47950,21.4
0,5795,16.7
0,78923,16.6
0,103340,24.5
0,57010,23.2
0,51633,27.9
0,118319,29
0,42114,24.8
0,118972,25.7
0,16986,30.2
1,81485,71.9
1,88711,46.4
1,100319,45.7
1,16923,65.2
1,50165,43.5
1,50662,29.3
1,60404,74.7
1,33510,65.7
1,117148,78.5
1,36466,60.6
1,118313,57.3
1,38725,62.3
1,46738,40
1,121319,54.5
1,87570,69.1
1,100647,44.9
1,102734,48.6
1,284,47.8
1,85446,40.1
1,71885,63.1
1,75738,54.4
1,61104,70.8
1,78543,52.5
1,102664,71.6
1,47566,52.4
1,53018,41.9
1,10419,50.2
1,114780,22.7
1,15744,44.6
1,114770,11.7
1,101252,33.1
1,75134,35
1,21528,36
1,112743,61.9
1,90842,35.1
1,90206,53.3
1,120460,46.3
1,88573,35.8
1,90544,56.5
1,65130,50.3
1,47950,57.1
1,5795,49.4
1,78923,41.1
1,103340,64.4
1,57010,50.7
1,51633,57.3
1,118319,49.2
1,42114,50.6
1,118972,72.9
1,16986,37.2
2,81485,160
2,88711,116.7
2,100319,173.4
2,16923,174.2
2,50165,155.6
2,50662,96.6
2,60404,164.2
2,33510,199.8
2,117148,188.5
2,36466,138.7
2,118313,126.7
2,38725,166.5
2,46738,142
2,121319,147.9
2,87570,166.3
2,100647,89.2
2,102734,188.6
2,284,151.7
2,85446,114.8
2,71885,143.1
2,75738,153.4
2,61104,150.8
2,78543,188
2,102664,156
2,47566,155
2,53018,155.5
2,10419,142.2
2,114780,73.2
2,15744,118.5
2,114770,82.4
2,101252,159
2,75134,117.3
2,21528,182.9
2,112743,143.2
2,90842,119.4
2,90206,145.7
2,120460,152.9
2,88573,158.6
2,90544,185.8
2,65130,142
2,47950,168
2,5795,160.4
2,78923,179.8
2,103340,173.1
2,57010,172.9
2,51633,170.6
2,118319,172.2
2,42114,160.4
2,118972,190.8
2,16986,139.5
3,81485,33.3
3,88711,13.9
3,100319,19
3,16923,26
3,50165,26.7
3,50662,12.3
3,60404,26.7
3,33510,20
3,117148,36.9
3,36466,26.6
3,118313,32.6
3,38725,25.1
3,46738,14.3
3,121319,25.4
3,87570,30.5
3,100647,10.4
3,102734,25.1
3,284,27.1
3,85446,13
3,71885,18.6
3,75738,27.1
3,61104,28.7
3,78543,22.3
3,102664,25.4
3,47566,20.8
3,53018,23.9
3,10419,8.4
3,114780,11.3
3,15744,15.6
3,114770,8.3
3,101252,18.5
3,75134,16.8
3,21528,16.8
3,112743,19.4
3,90842,12.5
3,90206,17.6
3,120460,17
3,88573,17.7
3,90544,20.8
3,65130,24.3
3,47950,36.3
3,5795,17.3
3,78923,24.3
3,103340,30.6
3,57010,21.9
3,51633,20.1
3,118319,17
3,42114,15.1
3,118972,27.4
3,16986,20.1
4,81485,364.1
4,88711,357.1
4,100319,399.3
4,16923,406.4
4,50165,379.3
4,50662,129.1
4,60404,426.6
4,33510,344.3
4,117148,355.1
4,36466,358.9
4,118313,392.6
4,38725,380.4
4,46738,354.2
4,121319,378.1
4,87570,377.1
4,100647,402.4
4,102734,364.3
4,284,366
4,85446,331.3
4,71885,391.6
4,75738,379.3
4,61104,360.1
4,78543,403.6
4,102664,399.8
4,47566,352.2
4,53018,382.2
4,10419,354.6
4,114780,316.5
4,15744,384.5
4,114770,297.9
4,101252,362.3
4,75134,383
4,21528,397.5
4,112743,405.7
4,90842,315.1
4,90206,393.7
4,120460,338.3
4,88573,347.2
4,90544,352.2
4,65130,362.9
4,47950,389.7
4,5795,369.3
4,78923,354
4,103340,351.2
4,57010,365.8
4,51633,369.1
4,118319,386.7
4,42114,344.1
4,118972,367.8
4,16986,331.8
5,81485,67.4
5,88711,47.2
5,100319,50
5,16923,56.4
5,50165,50
5,50662,18.3
5,60404,48.4
5,33510,44.3
5,117148,58.7
5,36466,51.6
5,118313,60.6
5,38725,54.2
5,46738,30.7
5,121319,49.4
5,87570,46.5
5,100647,42.1
5,102734,45
5,284,53.3
5,85446,34
5,71885,45.3
5,75738,48.7
5,61104,61.5
5,78543,41.6
5,102664,65.2
5,47566,60.2
5,53018,45.9
5,10419,43.1
5,114780,21.7
5,15744,45.1
5,114770,17.2
5,101252,34.5
5,75134,41.9
5,21528,59.8
5,112743,40.3
5,90842,27.1
5,90206,33.5
5,120460,32
5,88573,44
5,90544,55.3
5,65130,33.4
5,47950,43.2
5,5795,33.7
5,78923,39.7
5,103340,41.4
5,57010,52.3
5,51633,42.3
5,118319,58.5
5,42114,60.2
5,118972,63.6
5,16986,35.6
6,81485,8.3
6,88711,7.8
6,100319,4.8
6,16923,8.2
6,50165,6.9
6,50662,4.7
6,60404,6.5
6,33510,6.6
6,117148,7.7
6,36466,4.5
6,118313,7.9
6,38725,5.4
6,46738,5.8
6,121319,7.1
6,87570,5.5
6,100647,3.4
6,102734,5.5
6,284,5.5
6,85446,4.4
6,71885,6.5
6,75738,5.7
6,61104,3.8
6,78543,5.4
6,102664,4
6,47566,4.1
6,53018,4.9
6,10419,4.9
6,114780,4.3
6,15744,2.2
6,114770,4.3
6,101252,4.8
6,75134,4.9
6,21528,3.4
6,112743,8.5
6,90842,2.5
6,90206,6.6
6,120460,3.7
6,88573,5.7
6,90544,5.4
6,65130,4.2
6,47950,5.9
6,5795,4.3
6,78923,5.5
6,103340,5
6,57010,3.8
6,51633,3.3
6,118319,5.7
6,42114,6.4
6,118972,5.5
6,16986,8.3
7,81485,111.4
7,88711,91.3
7,100319,125
7,16923,128.3
7,50165,117.5
7,50662,46.1
7,60404,134.7
7,33510,112.2
7,117148,117.9
7,36466,92.4
7,118313,131.2
7,38725,101.4
7,46738,110.9
7,121319,88.5
7,87570,123.3
7,100647,102.6
7,102734,132.3
7,284,86.9
7,85446,112
7,71885,102.8
7,75738,119.9
7,61104,134.1
7,78543,111.8
7,102664,117.4
7,47566,113.7
7,53018,99.4
7,10419,103.5
7,114780,25.3
7,15744,94.5
7,114770,49.5
7,101252,56.2
7,75134,123.7
7,21528,81.6
7,112743,109.7
7,90842,79.1
7,90206,121.8
7,120460,109.7
7,88573,71.7
7,90544,97.8
7,65130,83.1
7,47950,137
7,5795,91.1
7,78923,77.9
7,103340,68.5
7,57010,121.2
7,51633,70.8
7,118319,92.8
7,42114,100
7,118972,129.1
7,16986,93.4
8,81485,43.8
8,88711,23.6
8,100319,30
8,16923,37.8
8,50165,30.7
8,50662,11.9
8,60404,53.7
8,33510,33.8
8,117148,37.2
8,36466,37.4
8,118313,36.9
8,38725,29.5
8,46738,23.1
8,121319,41.7
8,87570,26
8,100647,20.5
8,102734,37.1
8,284,31.2
8,85446,22.8
8,71885,31.4
8,75738,36.4
8,61104,22.2
8,78543,21.8
8,102664,23.5
8,47566,21.6
8,53018,30.2
8,10419,17.3
8,114780,17.2
8,15744,20.3
8,114770,8.8
8,101252,27.6
8,75134,29.4
8,21528,21.8
8,112743,36.4
8,90842,16.5
8,90206,29.3
8,120460,17.7
8,88573,21.5
8,90544,22
8,65130,17.9
8,47950,32.8
8,5795,29.6
8,78923,23.9
8,103340,29.8
8,57010,21.6
8,51633,27.4
8,118319,26
8,42114,43
8,118972,25.3
8,16986,25.2
9,81485,185.8
9,88711,157.2
9,100319,151.4
9,16923,170.3
9,50165,158.9
9,50662,120.9
9,60404,188.5
9,33510,203.9
9,117148,171.6
9,36466,165.2
9,118313,178.7
9,38725,166.2
9,46738,184.5
9,121319,197
9,87570,151.9
9,100647,173.7
9,102734,162.7
9,284,183.8
9,85446,189.8
9,71885,169.9
9,75738,164.9
9,61104,181
9,78543,177
9,102664,164.8
9,47566,160
9,53018,146.1
9,10419,151.3
9,114780,92.1
9,15744,153.9
9,114770,118.1
9,101252,142.7
9,75134,159.5
9,21528,150.5
9,112743,180.2
9,90842,133.9
9,90206,183.7
9,120460,177.8
9,88573,154.2
9,90544,189.5
9,65130,155.2
9,47950,154.9
9,5795,170.2
9,78923,176.7
9,103340,162.7
9,57010,169.2
9,51633,170.1
9,118319,196
9,42114,152.1
9,118972,220.6
9,16986,173.9
10,81485,158.5
10,88711,166.7
10,100319,167.2
10,16923,167.1
10,50165,154
10,50662,125.6
10,60404,191.6
10,33510,158.6
10,117148,179.4
10,36466,158
10,118313,162.4
10,38725,166.6
10,46738,182.6
10,121319,183.6
10,87570,160.8
10,100647,179.8
10,102734,163.6
10,284,167.8
10,85446,156.4
10,71885,178.9
10,75738,194.1
10,61104,190.8
10,78543,177.1
10,102664,192.9
10,47566,150.4
10,53018,137.3
10,10419,148.8
10,114780,75.9
10,15744,174.3
10,114770,92.6
10,101252,165.7
10,75134,151.9
10,21528,140.7
10,112743,175.3
10,90842,112.7
10,90206,167
10,120460,139.2
10,88573,161
10,90544,126.4
10,65130,165.8
10,47950,175.6
10,5795,151.2
10,78923,110.6
10,103340,198.7
10,57010,144.3
10,51633,178.3
10,118319,185
10,42114,174.8
10,118972,185.3
10,16986,172.9
11,81485,8.6
11,88711,5.1
11,100319,6.7
11,16923,7.5
11,50165,7.3
11,50662,4.1
11,60404,5.8
11,33510,4.8
11,117148,8.2
11,36466,7.9
11,118313,12
11,38725,4.8
11,46738,4.5
11,121319,6.2
11,87570,4
11,100647,7.3
11,102734,4.8
11,284,6.6
11,85446,3.7
11,71885,5.2
11,75738,4.4
11,61104,4.3
11,78543,5.8
11,102664,5.7
11,47566,5
11,53018,4.6
11,10419,4
11,114780,3.8
11,15744,5.1
11,114770,2.7
11,101252,5.5
11,75134,4
11,21528,3.4
11,112743,6.9
11,90842,3.8
11,90206,4.7
11,120460,3.9
11,88573,4.8
11,90544,5.7
11,65130,7
11,47950,5.4
11,5795,5.8
11,78923,6.3
11,103340,3.9
11,57010,5.2
11,51633,4
11,118319,4.8
11,42114,6.1
11,118972,6.1
11,16986,1.8
12,81485,350.8
12,88711,361.6
12,100319,409.3
12,16923,367.3
12,50165,399.1
12,50662,324
12,60404,374.7
12,33510,389
12,117148,383
12,36466,361.3
12,118313,370.6
12,38725,367.9
12,46738,397.8
12,121319,401.3
12,87570,400.2
12,100647,391.6
12,102734,347
12,284,367.7
12,85446,377.8
12,71885,388.5
12,75738,359.6
12,61104,398.8
12,78543,351.3
12,102664,394.1
12,47566,395.8
12,53018,345.7
12,10419,391.1
12,114780,214.6
12,15744,352.5
12,114770,322.8
12,101252,410.3
12,75134,361.3
12,21528,355.2
12,112743,373.8
12,90842,428.2
12,90206,395.8
12,120460,361.6
12,88573,373.4
12,90544,366
12,65130,358.3
12,47950,308.5
12,5795,362.7
12,78923,374.9
12,103340,387.4
12,57010,363.2
12,51633,388.8
12,118319,377.8
12,42114,390.8
12,118972,394.7
12,16986,359.3
13,81485,172.3
13,88711,148.8
13,100319,180.2
13,16923,170.3
13,50165,156.9
13,50662,78.5
13,60404,195.3
13,33510,169.8
13,117148,164.4
13,36466,174.7
13,118313,194.5
13,38725,157
13,46738,173.7
13,121319,188.1
13,87570,146.5
13,100647,153.9
13,102734,179.3
13,284,173.8
13,85446,151.5
13,71885,175
13,75738,177.4
13,61104,170.8
13,78543,172.1
13,102664,173.9
13,47566,164.8
13,53018,175.3
13,10419,155.6
13,114780,91.4
13,15744,156.3
13,114770,103.3
13,101252,138.6
13,75134,188.1
13,21528,146.7
13,112743,172.5
13,90842,78
13,90206,180.7
13,120460,154
13,88573,141.3
13,90544,130.7
13,65130,133.4
13,47950,168.5
13,5795,171.5
13,78923,160.2
13,103340,185.6
13,57010,158.1
13,51633,181.4
13,118319,198.1
13,42114,145.9
13,118972,185.8
13,16986,208.2
14,81485,52
14,88711,33
14,100319,48
14,16923,58.2
14,50165,38.5
14,50662,17.8
14,60404,59
14,33510,42.6
14,117148,44.8
14,36466,46.2
14,118313,48.7
14,38725,40.1
14,46738,43.1
14,121319,58.8
14,87570,35.1
14,100647,32.2
14,102734,44.4
14,284,51.9
14,85446,34.4
14,71885,35.3
14,75738,41.2
14,61104,55.4
14,78543,31.7
14,102664,43.2
14,47566,59.3
14,53018,57.2
14,10419,23.7
14,114780,23.5
14,15744,34.7
14,114770,18.4
14,101252,20.7
14,75134,21.5
14,21528,32.6
14,112743,39.9
14,90842,19.2
14,90206,39.8
14,120460,38.8
14,88573,45.9
14,90544,34.8
14,65130,24.4
14,47950,45.3
14,5795,36.2
14,78923,34.5
14,103340,28.1
14,57010,51.7
14,51633,39.6
14,118319,44.1
14,42114,35.5
14,118972,43.7
14,16986,35.3
15,81485,217.1
15,88711,277.3
15,100319,240
15,16923,256.4
15,50165,243.1
15,50662,193.4
15,60404,308.1
15,33510,281.6
15,117148,276.1
15,36466,257.8
15,118313,266.5
15,38725,249.6
15,46738,219
15,121319,275.8
15,87570,272
15,100647,287.7
15,102734,271.8
15,284,263.6
15,85446,253.1
15,71885,223
15,75738,259.2
15,61104,248.4
15,78543,254.2
15,102664,271.1
15,47566,251.1
15,53018,221.3
15,10419,222.9
15,114780,138.5
15,15744,282.9
15,114770,128.2
15,101252,193.1
15,75134,287.4
15,21528,290.2
15,112743,242.3
15,90842,248.4
15,90206,253.8
15,120460,199.1
15,88573,279.6
15,90544,241.6
15,65130,248.2
15,47950,256
15,5795,259.2
15,78923,240.6
15,103340,246.3
15,57010,270.4
15,51633,282.2
15,118319,235.6
15,42114,208.6
15,118972,253.4
15,16986,259.5
16,81485,173.1
16,88711,230.2
16,100319,179.4
16,16923,242.1
16,50165,248.4
16,50662,94.2
16,60404,225.6
16,33510,195.3
16,117148,244.5
16,36466,239
16,118313,212.5
16,38725,215.9
16,46738,240.9
16,121319,224.8
16,87570,197.3
16,100647,266.7
16,102734,206.3
16,284,205.6
16,85446,184.8
16,71885,254.9
16,75738,208.4
16,61104,227.6
16,78543,224
16,102664,229.4
16,47566,232.2
16,53018,190
16,10419,257.3
16,114780,169.2
16,15744,233.6
16,114770,84.2
16,101252,225.6
16,75134,206.3
16,21528,207.7
16,112743,234.4
16,90842,150.5
16,90206,235.7
16,120460,228.5
16,88573,224
16,90544,214.8
16,65130,205.5
16,47950,233
16,5795,194.5
16,78923,197.4
16,103340,208.5
16,57010,236.9
16,51633,214.9
16,118319,206.3
16,42114,213.2
16,118972,211.5
16,16986,203.7
17,81485,1.2
17,88711,0.7
17,100319,1.6
17,16923,1
17,50165,0.6
17,50662,1.5
17,60404,1.3
17,33510,0.5
17,117148,0.8
17,36466,0.9
17,118313,0.5
17,38725,1.2
17,46738,0.8
17,121319,0.3
17,87570,1.1
17,100647,1.2
17,102734,1.1
17,284,0.3
17,85446,0.1
17,71885,1
17,75738,0.9
17,61104,0.8
17,78543,1
17,102664,1.1
17,47566,0.6
17,53018,0.8
17,10419,0.8
17,114780,0.8
17,15744,0.3
17,114770,0.9
17,101252,0.9
17,75134,0.6
17,21528,0.9
17,112743,0.8
17,90842,0.7
17,90206,1.4
17,120460,0.6
17,88573,1.1
17,90544,0.9
17,65130,0.5
17,47950,0.6
17,5795,0.5
17,78923,0.5
17,103340,0.7
17,57010,0.8
17,51633,0.5
17,118319,0.4
17,42114,0.5
17,118972,1
17,16986,0.9
18,81485,262.3
18,88711,305.9
18,100319,346.9
18,16923,345
18,50165,315.6
18,50662,220.2
18,60404,375.6
18,33510,334.7
18,117148,303.5
18,36466,298.5
18,118313,330.4
18,38725,339.7
18,46738,339.6
18,121319,324.4
18,87570,341
18,100647,345.5
18,102734,359.1
18,284,326.1
18,85446,321.1
18,71885,328.1
18,75738,324.5
18,61104,322.1
18,78543,313
18,102664,364.7
18,47566,328.6
18,53018,303.9
18,10419,316.5
18,114780,230.2
18,15744,272.3
18,114770,255.3
18,101252,292
18,75134,317.3
18,21528,335.2
18,112743,319.9
18,90842,324.9
18,90206,303.9
18,120460,295.2
18,88573,340
18,90544,266.4
18,65130,318.9
18,47950,350.6
18,5795,329
18,78923,320.6
18,103340,337.9
18,57010,309.6
18,51633,325.7
18,118319,330.5
18,42114,306.3
18,118972,311.1
18,16986,313
19,81485,295.2
19,88711,305.5
19,100319,310.6
19,16923,359.5
19,50165,345.8
19,50662,179.2
19,60404,338.6
19,33510,335
19,117148,295.3
19,36466,274.5
19,118313,346.9
19,38725,350.4
19,46738,295.9
19,121319,348.9
19,87570,340.1
19,100647,304.2
19,102734,327.7
19,284,320.6
19,85446,352.5
19,71885,320.8
19,75738,330.2
19,61104,313.4
19,78543,331.9
19,102664,319.2
19,47566,298.7
19,53018,319.8
19,10419,341.3
19,114780,219.3
19,15744,293.9
19,114770,242.4
19,101252,306.7
19,75134,343.8
19,21528,319.1
19,112743,330.6
19,90842,247.9
19,90206,311.8
19,120460,358.9
19,88573,298.5
19,90544,270.8
19,65130,295.2
19,47950,336.6
19,5795,329.4
19,78923,328.8
19,103340,309.9
19,57010,348.6
19,51633,364.6
19,118319,317.2
19,42114,294.1
19,118972,295.3
19,16986,303.9
20,81485,176.4
20,88711,192.3
20,100319,250.5
20,16923,213.5
20,50165,224.3
20,50662,185.7
20,60404,245.7
20,33510,209.2
20,117148,244.6
20,36466,274.9
20,118313,228.8
20,38725,234.9
20,46738,170.4
20,121319,238.1
20,87570,200.3
20,100647,233.1
20,102734,242.4
20,284,212.3
20,85446,186.9
20,71885,204.5
20,75738,191.7
20,61104,209.1
20,78543,215.7
20,102664,219.6
20,47566,189.3
20,53018,204.4
20,10419,216.8
20,114780,135.2
20,15744,181.6
20,114770,94.4
20,101252,191
20,75134,210.5
20,21528,207
20,112743,206.9
20,90842,141.5
20,90206,205
20,120460,189.6
20,88573,188.4
20,90544,229.3
20,65130,207.1
20,47950,241
20,5795,215.1
20,78923,231.2
20,103340,225.6
20,57010,207
20,51633,219.3
20,118319,210.8
20,42114,224.8
20,118972,214.1
20,16986,195.1
21,81485,80.1
21,88711,84.8
21,100319,97
21,16923,111.4
21,50165,109.9
21,50662,24.7
21,60404,91.5
21,33510,102.2
21,117148,99.7
21,36466,101.4
21,118313,99.3
21,38725,120.8
21,46738,75.9
21,121319,99.6
21,87570,99.7
21,100647,79.5
21,102734,82.5
21,284,97.7
21,85446,90.5
21,71885,119
21,75738,96.8
21,61104,105.6
21,78543,81.5
21,102664,76.2
21,47566,62.9
21,53018,93.7
21,10419,72.8
21,114780,47.1
21,15744,73.5
21,114770,38.6
21,101252,81.2
21,75134,88.1
21,21528,106
21,112743,87.1
21,90842,70.7
21,90206,62.7
21,120460,74.3
21,88573,76.9
21,90544,81.9
21,65130,89.7
21,47950,101.7
21,5795,70.1
21,78923,71.2
21,103340,90.9
21,57010,89.7
21,51633,75.7
21,118319,121.5
21,42114,68.4
21,118972,69.6
21,16986,62.6
22,81485,33.4
22,88711,21.9
22,100319,24.9
22,16923,24.4
22,50165,28.2
22,50662,11.7
22,60404,25.9
22,33510,21.5
22,117148,27.3
22,36466,28.5
22,118313,32.8
22,38725,27.5
22,46738,17.5
22,121319,26.2
22,87570,18.2
22,100647,15.1
22,102734,21.6
22,284,22.1
22,85446,16.5
22,71885,19
22,75738,28.9
22,61104,26.9
22,78543,24.3
22,102664,25.1
22,47566,15.3
22,53018,16.5
22,10419,16
22,114780,9.5
22,15744,9.6
22,114770,8
22,101252,13.6
22,75134,18.8
22,21528,14.9
22,112743,23.1
22,90842,11.3
22,90206,18
22,120460,15.1
22,88573,23.3
22,90544,15.6
22,65130,25.7
22,47950,23.7
22,5795,19.4
22,78923,16.5
22,103340,11.6
22,57010,18.4
22,51633,17.8
22,118319,20
22,42114,17.9
22,118972,29.5
22,16986,15
23,81485,237.2
23,88711,252.3
23,100319,252.8
23,16923,248.9
23,50165,258.1
23,50662,161.3
23,60404,244.2
23,33510,240.5
23,117148,268.9
23,36466,297.5
23,118313,255.1
23,38725,266.1
23,46738,232.8
23,121319,270.3
23,87570,284.8
23,100647,216.2
23,102734,238.1
23,284,283.5
23,85446,222
23,71885,248
23,75738,238.6
23,61104,261.3
23,78543,284.1
23,102664,296.6
23,47566,252.9
23,53018,280.9
23,10419,222.7
23,114780,109.5
23,15744,235.4
23,114770,198.9
23,101252,253.6
23,75134,261.3
23,21528,254.4
23,112743,268.7
23,90842,139.6
23,90206,262.5
23,120460,274.4
23,88573,254.3
23,90544,235.7
23,65130,242.9
23,47950,279.5
23,5795,271.6
23,78923,246.7
23,103340,246.2
23,57010,257.7
23,51633,289.9
23,118319,256.6
23,42114,284.6
23,118972,260.7
23,16986,280.8
24,81485,81
24,88711,54
24,100319,104.3
24,16923,98.9
24,50165,83.7
24,50662,38.5
24,60404,113.3
24,33510,93.8
24,117148,102.7
24,36466,100.3
24,118313,122.8
24,38725,69.3
24,46738,67.5
24,121319,84.9
24,87570,83.5
24,100647,68.7
24,102734,83.3
24,284,77.1
24,85446,93.6
24,71885,80.4
24,75738,57.4
24,61104,104.9
24,78543,73
24,102664,86.8
24,47566,69
24,53018,80.6
24,10419,69.7
24,114780,37.8
24,15744,77.3
24,114770,44.5
24,101252,43.8
24,75134,48.9
24,21528,69.7
24,112743,67.9
24,90842,53.5
24,90206,74.3
24,120460,46.6
24,88573,96.5
24,90544,75.2
24,65130,64.8
24,47950,89.3
24,5795,100.7
24,78923,65.9
24,103340,79.3
24,57010,63
24,51633,82.1
24,118319,91.3
24,42114,65.9
24,118972,80.7
24,16986,91.9
25,81485,248.4
25,88711,233.1
25,100319,215.4
25,16923,276.1
25,50165,247.4
25,50662,126.5
25,60404,246.6
25,33510,238.7
25,117148,258.4
25,36466,245.6
25,118313,253.7
25,38725,244.3
25,46738,280.4
25,121319,263.4
25,87570,262.9
25,100647,247.1
25,102734,220.4
25,284,249.6
25,85446,245.1
25,71885,255.2
25,75738,248.5
25,61104,246.7
25,78543,251.3
25,102664,231.9
25,47566,254.9
25,53018,254.9
25,10419,268.6
25,114780,121
25,15744,255.2
25,114770,155.2
25,101252,230.7
25,75134,242.8
25,21528,273.4
25,112743,274.9
25,90842,251.2
25,90206,240.9
25,120460,253.2
25,88573,257.3
25,90544,225.8
25,65130,250
25,47950,268.4
25,5795,254.1
25,78923,250.8
25,103340,250.4
25,57010,260.7
25,51633,262.9
25,118319,268.9
25,42114,208.6
25,118972,262.8
25,16986,276
26,81485,82.3
26,88711,47.3
26,100319,85.6
26,16923,100
26,50165,69.6
26,50662,38.3
26,60404,104.5
26,33510,82.9
26,117148,93.3
26,36466,119.9
26,118313,101.8
26,38725,97.1
26,46738,70.1
26,121319,100.5
26,87570,111.8
26,100647,90.8
26,102734,96.2
26,284,114.6
26,85446,77.1
26,71885,93.1
26,75738,103.5
26,61104,110.4
26,78543,84.6
26,102664,93.8
26,47566,78
26,53018,88.3
26,10419,89.3
26,114780,59.9
26,15744,83.8
26,114770,27.8
26,101252,58
26,75134,106.1
26,21528,95.6
26,112743,130.4
26,90842,48.4
26,90206,97.1
26,120460,87.1
26,88573,82.1
26,90544,86.1
26,65130,90.5
26,47950,95.7
26,5795,83.3
26,78923,108.2
26,103340,111.6
26,57010,120.7
26,51633,98.1
26,118319,95.9
26,42114,100.5
26,118972,103.9
26,16986,93.5
27,81485,18.8
27,88711,12.8
27,100319,17
27,16923,12.2
27,50165,9.6
27,50662,9.3
27,60404,20
27,33510,9.6
27,117148,17.2
27,36466,14.1
27,118313,17.3
27,38725,12.1
27,46738,8.5
27,121319,14
27,87570,11.4
27,100647,9.8
27,102734,14.6
27,284,16.3
27,85446,7.2
27,71885,11
27,75738,12.1
27,61104,13.3
27,78543,18.8
27,102664,15.1
27,47566,14.2
27,53018,13.4
27,10419,11.3
27,114780,6
27,15744,10.2
27,114770,6.4
27,101252,10.8
27,75134,15.3
27,21528,15.9
27,112743,13.8
27,90842,6.7
27,90206,11.1
27,120460,10.6
27,88573,13.1
27,90544,13.8
27,65130,11.9
27,47950,11.7
27,5795,8.7
27,78923,11.2
27,103340,9.7
27,57010,12
27,51633,11.8
27,118319,12
27,42114,8.6
27,118972,12.5
27,16986,8.2
28,81485,40.5
28,88711,20.7
28,100319,31
28,16923,30.7
28,50165,16.3
28,50662,13.9
28,60404,43.5
28,33510,20.8
28,117148,35.3
28,36466,31.9
28,118313,38.8
28,38725,23
28,46738,22.1
28,121319,23.5
28,87570,23.7
28,100647,26.9
28,102734,28.9
28,284,30.1
28,85446,25.4
28,71885,30.1
28,75738,28.4
28,61104,27.6
28,78543,29.9
28,102664,26
28,47566,24.8
28,53018,28.8
28,10419,24.5
28,114780,12.1
28,15744,19.1
28,114770,12.5
28,101252,19.1
28,75134,13.9
28,21528,10.3
28,112743,25.6
28,90842,13.1
28,90206,36.6
28,120460,25.1
28,88573,23.7
28,90544,31.3
28,65130,20.1
28,47950,29.7
28,5795,19.7
28,78923,25.4
28,103340,30.9
28,57010,29.7
28,51633,31.5
28,118319,21.5
28,42114,28.6
28,118972,23.9
28,16986,18.8
29,81485,0.4
29,88711,0.6
29,100319,0.5
29,16923,0.5
29,50165,0.8
29,50662,0.4
29,60404,0.9
29,33510,0.6
29,117148,0.6
29,36466,0.4
29,118313,1.1
29,38725,0.7
29,46738,0.6
29,121319,0.9
29,87570,1
29,100647,1.1
29,102734,1.2
29,284,0.3
29,85446,0.5
29,71885,0.8
29,75738,0.7
29,61104,0.9
29,78543,0.3
29,102664,0.7
29,47566,1.3
29,53018,0.8
29,10419,0.7
29,114780,0.3
29,15744,0.5
29,114770,1.1
29,101252,0.7
29,75134,0.7
29,21528,0.7
29,112743,0.3
29,90842,0.5
29,90206,0.7
29,120460,0.6
29,88573,0.4
29,90544,0.7
29,65130,0.5
29,47950,0.8
29,5795,0.4
29,78923,0.6
29,103340,0.7
29,57010,0.5
29,51633,0.4
29,118319,0.5
29,42114,0.5
29,118972,0.3
29,16986,0.4
30,81485,220.1
30,88711,237.4
30,100319,226.5
30,16923,233.6
30,50165,199.2
30,50662,118.3
30,60404,265.6
30,33510,202.9
30,117148,244.6
30,36466,244.7
30,118313,263.2
30,38725,248.6
30,46738,207.8
30,121319,242.1
30,87570,259.4
30,100647,202.4
30,102734,232.3
30,284,212
30,85446,224.3
30,71885,244.8
30,75738,209.7
30,61104,224.1
30,78543,212.6
30,102664,243.3
30,47566,222.8
30,53018,259.1
30,10419,240.8
30,114780,129.7
30,15744,217.2
30,114770,142.3
30,101252,235.8
30,75134,214.6
30,21528,209.5
30,112743,213.6
30,90842,188.9
30,90206,252.3
30,120460,252.5
30,88573,230.5
30,90544,198.9
30,65130,242.1
30,47950,258.3
30,5795,242.1
30,78923,226.7
30,103340,217.2
30,57010,232.6
30,51633,227.4
30,118319,203.5
30,42114,218.2
30,118972,234.1
30,16986,232.9
31,81485,6.3
31,88711,4.4
31,100319,3.3
31,16923,3.1
31,50165,4.6
31,50662,4.9
31,60404,5.1
31,33510,4.5
31,117148,5
31,36466,4.7
31,118313,3.3
31,38725,3.5
31,46738,3.5
31,121319,3.8
31,87570,3.2
31,100647,3.2
31,102734,3.6
31,284,5
31,85446,3.1
31,71885,3.6
31,75738,4.6
31,61104,5.6
31,78543,3.9
31,102664,5.2
31,47566,3.8
31,53018,4.1
31,10419,3.3
31,114780,3.7
31,15744,3.1
31,114770,3.2
31,101252,4.5
31,75134,4.3
31,21528,3.5
31,112743,3.8
31,90842,2.1
31,90206,4.4
31,120460,3.2
31,88573,3.8
31,90544,3.5
31,65130,4.5
31,47950,4.4
31,5795,2.9
31,78923,5.3
31,103340,2.6
31,57010,3.5
31,51633,5.2
31,118319,3.7
31,42114,3.8
31,118972,3.3
31,16986,4.1
32,81485,358
32,88711,406.2
32,100319,437.8
32,16923,423.6
32,50165,408.2
32,50662,300.4
32,60404,427.3
32,33510,391.4
32,117148,389.5
32,36466,407.4
32,118313,398
32,38725,431.2
32,46738,422.1
32,121319,434.2
32,87570,392
32,100647,433.9
32,102734,403.8
32,284,405.3
32,85446,436.9
32,71885,406.4
32,75738,394.9
32,61104,388
32,78543,400.3
32,102664,437.4
32,47566,413.7
32,53018,397.6
32,10419,396.9
32,114780,289.3
32,15744,404.4
32,114770,371.1
32,101252,414.8
32,75134,369.9
32,21528,404.9
32,112743,416.8
32,90842,326.4
32,90206,402.1
32,120460,390.1
32,88573,405.2
32,90544,382.3
32,65130,416.3
32,47950,385.2
32,5795,388.4
32,78923,405.1
32,103340,407.4
32,57010,395.9
32,51633,369.8
32,118319,360.9
32,42114,397.6
32,118972,364.3
32,16986,454.8
33,81485,39.4
33,88711,21.3
33,100319,22.4
33,16923,23.5
33,50165,21.2
33,50662,10.7
33,60404,29.7
33,33510,24.8
33,117148,31.7
33,36466,25.5
33,118313,27.5
33,38725,19.3
33,46738,19.3
33,121319,21.6
33,87570,24.5
33,100647,22.8
33,102734,20.8
33,284,26.2
33,85446,18.4
33,71885,24.4
33,75738,28.6
33,61104,24.9
33,78543,27.3
33,102664,25.3
33,47566,14.6
33,53018,24.4
33,10419,17.6
33,114780,9.6
33,15744,27.4
33,114770,10.9
33,101252,15.9
33,75134,12.9
33,21528,19.3
33,112743,23.1
33,90842,10.7
33,90206,19.2
33,120460,16.7
33,88573,17.5
33,90544,23.2
33,65130,19
33,47950,19.1
33,5795,21.2
33,78923,17
33,103340,23
33,57010,21.3
33,51633,18.8
33,118319,19.6
33,42114,24
33,118972,33.3
33,16986,15.9
34,81485,14.6
34,88711,13.4
34,100319,10.9
34,16923,16.8
34,50165,20
34,50662,9.7
34,60404,19.2
34,33510,13
34,117148,17.1
34,36466,13.5
34,118313,18.7
34,38725,15.9
34,46738,13.7
34,121319,9.9
34,87570,15.9
34,100647,12.6
34,102734,13.4
34,284,9.9
34,85446,9
34,71885,14.1
34,75738,11.5
34,61104,16.9
34,78543,16.8
34,102664,16.5
34,47566,13.9
34,53018,13
34,10419,11.1
34,114780,8
34,15744,10.5
34,114770,8.8
34,101252,7.9
34,75134,12.6
34,21528,12.2
34,112743,11.9
34,90842,7
34,90206,18.3
34,120460,10
34,88573,15.3
34,90544,10
34,65130,10.5
34,47950,12
34,5795,10.1
34,78923,13.8
34,103340,15.7
34,57010,16.3
34,51633,12.4
34,118319,15.3
34,42114,13.7
34,118972,12.6
34,16986,9.9
35,81485,106.9
35,88711,110.1
35,100319,107.6
35,16923,116.3
35,50165,101.7
35,50662,41.2
35,60404,137.4
35,33510,110.3
35,117148,106.2
35,36466,109.2
35,118313,130.5
35,38725,125.6
35,46738,74.1
35,121319,122.8
35,87570,110.2
35,100647,122
35,102734,91.8
35,284,112.3
35,85446,114.1
35,71885,136.2
35,75738,121.7
35,61104,119
35,78543,129.3
35,102664,127.1
35,47566,108.2
35,53018,105.2
35,10419,91.9
35,114780,51.4
35,15744,116.4
35,114770,39.4
35,101252,103.3
35,75134,94.4
35,21528,74.1
35,112743,95.6
35,90842,60.2
35,90206,118.9
35,120460,80.1
35,88573,109.3
35,90544,88.4
35,65130,117.4
35,47950,111.7
35,5795,100.5
35,78923,110.6
35,103340,125.5
35,57010,106.5
35,51633,94.2
35,118319,115
35,42114,93.1
35,118972,99.2
35,16986,87.6
36,81485,60.2
36,88711,31.8
36,100319,48.3
36,16923,36.8
36,50165,46.2
36,50662,26.7
36,60404,39.3
36,33510,36.6
36,117148,59.4
36,36466,40.1
36,118313,41.9
36,38725,37
36,46738,24.1
36,121319,50.1
36,87570,44.2
36,100647,50.1
36,102734,32
36,284,31
36,85446,26.6
36,71885,41.9
36,75738,25
36,61104,41.1
36,78543,34.4
36,102664,41.7
36,47566,48.7
36,53018,40.9
36,10419,38.2
36,114780,17.1
36,15744,32.1
36,114770,14.4
36,101252,36
36,75134,22.9
36,21528,34.2
36,112743,34.6
36,90842,24.4
36,90206,34.6
36,120460,33
36,88573,34.4
36,90544,34.9
36,65130,53.3
36,47950,36.7
36,5795,35.7
36,78923,30.2
36,103340,39.9
36,57010,31.1
36,51633,36.3
36,118319,26.5
36,42114,47.9
36,118972,39
36,16986,25.4
37,81485,30.1
37,88711,21.9
37,100319,20.8
37,16923,19
37,50165,22.1
37,50662,9.8
37,60404,22.8
37,33510,16.9
37,117148,32.2
37,36466,16.7
37,118313,31.4
37,38725,21.5
37,46738,17.7
37,121319,20.7
37,87570,14.7
37,100647,18.8
37,102734,23.5
37,284,18.8
37,85446,13.8
37,71885,15.9
37,75738,21.8
37,61104,13.3
37,78543,19.4
37,102664,25.2
37,47566,23.2
37,53018,21
37,10419,15
37,114780,7.9
37,15744,16.8
37,114770,14.6
37,101252,13.8
37,75134,18.2
37,21528,14.7
37,112743,20.5
37,90842,14.5
37,90206,21.8
37,120460,19.8
37,88573,21.1
37,90544,16.8
37,65130,19
37,47950,21
37,5795,22.7
37,78923,17.5
37,103340,21.9
37,57010,18.7
37,51633,16
37,118319,22.2
37,42114,14.7
37,118972,23.5
37,16986,18.7
38,81485,12.3
38,88711,8.7
38,100319,9.5
38,16923,11
38,50165,8.1
38,50662,5.2
38,60404,14.1
38,33510,7.8
38,117148,7.1
38,36466,7.4
38,118313,12.8
38,38725,7.9
38,46738,8
38,121319,10.9
38,87570,4.5
38,100647,6.1
38,102734,8.6
38,284,7.1
38,85446,5.6
38,71885,7.8
38,75738,9.3
38,61104,6.2
38,78543,6.8
38,102664,8.5
38,47566,8
38,53018,8.7
38,10419,7.2
38,114780,5.4
38,15744,6.1
38,114770,7.7
38,101252,7.6
38,75134,5.5
38,21528,6.4
38,112743,8.1
38,90842,4.6
38,90206,5.4
38,120460,4.8
38,88573,8.4
38,90544,10.3
38,65130,7.8
38,47950,6.1
38,5795,6.9
38,78923,7.2
38,103340,4.1
38,57010,8.2
38,51633,6.5
38,118319,6.7
38,42114,9.8
38,118972,10
38,16986,7.4
39,81485,18.8
39,88711,10.2
39,100319,11.4
39,16923,15.3
39,50165,15.1
39,50662,6.2
39,60404,14.8
39,33510,16.4
39,117148,19.1
39,36466,14.2
39,118313,28.5
39,38725,19.8
39,46738,9.4
39,121319,15.2
39,87570,18
39,100647,7.7
39,102734,19.5
39,284,13.5
39,85446,11.1
39,71885,16.6
39,75738,13.7
39,61104,17.7
39,78543,14.5
39,102664,15.6
39,47566,11.7
39,53018,17
39,10419,13.3
39,114780,10.2
39,15744,17.1
39,114770,6.5
39,101252,11.4
39,75134,10.9
39,21528,15.3
39,112743,19.7
39,90842,7
39,90206,17.9
39,120460,10.9
39,88573,10
39,90544,18.6
39,65130,9.8
39,47950,16.7
39,5795,14.9
39,78923,14.4
39,103340,10.1
39,57010,20
39,51633,10.5
39,118319,8.5
39,42114,15.3
39,118972,13.9
39,16986,13.9
40,81485,370.5
40,88711,336.3
40,100319,391.6
40,16923,392.8
40,50165,354.7
40,50662,336.6
40,60404,378.3
40,33510,371.2
40,117148,364.3
40,36466,409.6
40,118313,398.2
40,38725,379.5
40,46738,414.1
40,121319,400.2
40,87570,388.7
40,100647,383.9
40,102734,384.9
40,284,367.2
40,85446,416.4
40,71885,389.4
40,75738,384.8
40,61104,395.1
40,78543,371.3
40,102664,367.4
40,47566,388.5
40,53018,397.9
40,10419,362.8
40,114780,236.6
40,15744,370.9
40,114770,327.2
40,101252,391.1
40,75134,359.8
40,21528,367.3
40,112743,378.4
40,90842,345.5
40,90206,345.2
40,120460,411
40,88573,371.5
40,90544,380.7
40,65130,357.8
40,47950,374.7
40,5795,379.2
40,78923,357.4
40,103340,403.5
40,57010,393
40,51633,389.5
40,118319,330.6
40,42114,392.4
40,118972,404.9
40,16986,352.1
41,81485,31.9
41,88711,17
41,100319,28.8
41,16923,24
41,50165,17.3
41,50662,15.8
41,60404,22.5
41,33510,11.7
41,117148,24.6
41,36466,27.3
41,118313,27
41,38725,30.1
41,46738,9.8
41,121319,27.5
41,87570,23.3
41,100647,17.6
41,102734,21.4
41,284,24.7
41,85446,15.2
41,71885,27.3
41,75738,27
41,61104,24.2
41,78543,16.4
41,102664,20.5
41,47566,18.9
41,53018,18.3
41,10419,15.6
41,114780,9.5
41,15744,15.1
41,114770,8.3
41,101252,17
41,75134,11.1
41,21528,12.3
41,112743,30.2
41,90842,10.7
41,90206,23.3
41,120460,13.5
41,88573,11.7
41,90544,17
41,65130,22.9
41,47950,22.4
41,5795,15.4
41,78923,25.3
41,103340,20.9
41,57010,16.7
41,51633,10.8
41,118319,17.2
41,42114,19.9
41,118972,18.5
41,16986,15.1
42,81485,34.8
42,88711,32.6
42,100319,25.3
42,16923,34.7
42,50165,24.8
42,50662,12.2
42,60404,27.1
42,33510,24.1
42,117148,42.1
42,36466,29.2
42,118313,35.8
42,38725,26
42,46738,14.5
42,121319,30.1
42,87570,17.2
42,100647,24
42,102734,19.5
42,284,24.3
42,85446,17.2
42,71885,28.3
42,75738,20.6
42,61104,35.4
42,78543,20.3
42,102664,20.6
42,47566,25.8
42,53018,25.1
42,10419,15
42,114780,9.6
42,15744,20.6
42,114770,10
42,101252,14.9
42,75134,19.5
42,21528,16.6
42,112743,18.3
42,90842,8.5
42,90206,21
42,120460,23.1
42,88573,20.3
42,90544,21.4
42,65130,29.4
42,47950,16
42,5795,23.9
42,78923,20.3
42,103340,23.3
42,57010,19.7
42,51633,23
42,118319,19.4
42,42114,19.4
42,118972,26
42,16986,26.8
43,81485,156.5
43,88711,159.1
43,100319,186.2
43,16923,183.9
43,50165,209.8
43,50662,117.6
43,60404,203.9
43,33510,181.1
43,117148,212.3
43,36466,175.9
43,118313,217.2
43,38725,191.1
43,46738,141.6
43,121319,174.5
43,87570,202.2
43,100647,149.4
43,102734,195.9
43,284,186.5
43,85446,220.8
43,71885,194.7
43,75738,162.1
43,61104,182.3
43,78543,217.4
43,102664,179.5
43,47566,195.6
43,53018,176.6
43,10419,161.8
43,114780,111.6
43,15744,180
43,114770,121.8
43,101252,169.4
43,75134,153.2
43,21528,190.2
43,112743,154.5
43,90842,101.5
43,90206,194.9
43,120460,158.2
43,88573,203.4
43,90544,201.7
43,65130,155.1
43,47950,191.2
43,5795,214.1
43,78923,187.9
43,103340,186
43,57010,171.1
43,51633,143
43,118319,180.8
43,42114,128.6
43,118972,189.8
43,16986,187.3
44,81485,30
44,88711,25.5
44,100319,17.2
44,16923,23.8
44,50165,16.4
44,50662,11.6
44,60404,29.9
44,33510,24.3
44,117148,31.6
44,36466,26.7
44,118313,21.6
44,38725,33.3
44,46738,14.7
44,121319,29
44,87570,19
44,100647,19.8
44,102734,30.4
44,284,20.9
44,85446,22.4
44,71885,25.4
44,75738,22.1
44,61104,35.4
44,78543,23.5
44,102664,27
44,47566,27.1
44,53018,24.2
44,10419,13.2
44,114780,13
44,15744,17.6
44,114770,9.4
44,101252,16.2
44,75134,19.7
44,21528,24.1
44,112743,26.2
44,90842,10
44,90206,25.5
44,120460,13.9
44,88573,30
44,90544,21
44,65130,22.8
44,47950,19.1
44,5795,16.3
44,78923,20.3
44,103340,17.6
44,57010,27.8
44,51633,22
44,118319,16.5
44,42114,17.7
44,118972,25.7
44,16986,17.8
45,81485,68.8
45,88711,44.4
45,100319,74.7
45,16923,54.6
45,50165,70.8
45,50662,45.4
45,60404,72.6
45,33510,58.6
45,117148,65.8
45,36466,71.3
45,118313,81.4
45,38725,74.2
45,46738,51.7
45,121319,76.3
45,87570,53.2
45,100647,47
45,102734,58.2
45,284,91.3
45,85446,60.9
45,71885,60.6
45,75738,63.1
45,61104,66.3
45,78543,57.3
45,102664,69.1
45,47566,38.5
45,53018,50.1
45,10419,33.2
45,114780,20.6
45,15744,33.1
45,114770,43.1
45,101252,42.8
45,75134,66
45,21528,36.7
45,112743,40.4
45,90842,44
45,90206,75.7
45,120460,62.1
45,88573,52.3
45,90544,72.4
45,65130,87.8
45,47950,51.1
45,5795,88.7
45,78923,68.4
45,103340,67.6
45,57010,71.5
45,51633,73.8
45,118319,67.5
45,42114,61.1
45,118972,74.5
45,16986,64.7
46,81485,8.5
46,88711,5.8
46,100319,5.6
46,16923,7
46,50165,5.7
46,50662,3.5
46,60404,6.1
46,33510,5.9
46,117148,6.5
46,36466,3.8
46,118313,6.1
46,38725,4.5
46,46738,6
46,121319,4.5
46,87570,4.4
46,100647,5.4
46,102734,4.3
46,284,4.5
46,85446,4.6
46,71885,5.5
46,75738,6.1
46,61104,4.3
46,78543,6
46,102664,5.6
46,47566,5.5
46,53018,4.3
46,10419,5.2
46,114780,4.1
46,15744,3.9
46,114770,3.6
46,101252,5.8
46,75134,5.6
46,21528,5.1
46,112743,5
46,90842,4.7
46,90206,5.6
46,120460,5.6
46,88573,4
46,90544,5.1
46,65130,4.4
46,47950,5.8
46,5795,4.4
46,78923,4.5
46,103340,7.1
46,57010,2.9
46,51633,3.4
46,118319,5.4
46,42114,5.7
46,118972,6
46,16986,4.1
47,81485,82.3
47,88711,63.9
47,100319,78.5
47,16923,77.6
47,50165,81.3
47,50662,55.5
47,60404,84.7
47,33510,77.4
47,117148,98.2
47,36466,106
47,118313,92.5
47,38725,92.2
47,46738,74.8
47,121319,74.2
47,87570,89.8
47,100647,61.6
47,102734,96.2
47,284,68.3
47,85446,80.7
47,71885,93.5
47,75738,81.6
47,61104,106
47,78543,123.1
47,102664,96.6
47,47566,73.6
47,53018,93.4
47,10419,73
47,114780,63.8
47,15744,87.2
47,114770,39.6
47,101252,68.4
47,75134,66.7
47,21528,66.6
47,112743,66
47,90842,30.3
47,90206,90.4
47,120460,86.1
47,88573,88.8
47,90544,95.1
47,65130,69.5
47,47950,105.8
47,5795,63.4
47,78923,69.5
47,103340,89.5
47,57010,95.2
47,51633,93.7
47,118319,90.7
47,42114,66.3
47,118972,93.6
47,16986,79.4
48,81485,97
48,88711,85.9
48,100319,90.6
48,16923,112.9
48,50165,99.2
48,50662,35.8
48,60404,82
48,33510,84.8
48,117148,80.7
48,36466,89.9
48,118313,85.9
48,38725,86.2
48,46738,58.7
48,121319,61.4
48,87570,86.2
48,100647,57.5
48,102734,86.6
48,284,74.1
48,85446,60.6
48,71885,71
48,75738,80.7
48,61104,112.3
48,78543,89.2
48,102664,84.7
48,47566,81.9
48,53018,74.3
48,10419,91.1
48,114780,37.7
48,15744,51.2
48,114770,35.9
48,101252,79.3
48,75134,71.8
48,21528,76.4
48,112743,83.1
48,90842,45.2
48,90206,74.5
48,120460,81.6
48,88573,80.5
48,90544,70.1
48,65130,97.5
48,47950,98.3
48,5795,76.7
48,78923,76.8
48,103340,95.1
48,57010,85.7
48,51633,87.7
48,118319,66.9
48,42114,63.4
48,118972,100.9
48,16986,100.9
49,81485,3.4
49,88711,4.1
49,100319,3.9
49,16923,5.5
49,50165,4.3
49,50662,2.8
49,60404,4.6
49,33510,3.9
49,117148,4.7
49,36466,5
49,118313,4.9
49,38725,4.5
49,46738,4.1
49,121319,3.7
49,87570,3.5
49,100647,5
49,102734,2.2
49,284,4.9
49,85446,3.6
49,71885,3.6
49,75738,4.8
49,61104,4.1
49,78543,4.6
49,102664,4
49,47566,3.6
49,53018,3.1
49,10419,2.6
49,114780,2.7
49,15744,3.6
49,114770,3
49,101252,2.1
49,75134,5.3
49,21528,3.8
49,112743,4.3
49,90842,2.2
49,90206,3.5
49,120460,5
49,88573,4.4
49,90544,3.7
49,65130,3.4
49,47950,4.7
49,5795,2.8
49,78923,3.1
49,103340,1.5
49,57010,2.6
49,51633,3.5
49,118319,3.2
49,42114,3.5
49,118972,3.2
49,16986,3.5
50,81485,200.2
50,88711,181.4
50,100319,191.9
50,16923,250.1
50,50165,207.2
50,50662,103.7
50,60404,222.3
50,33510,197.1
50,117148,207.1
50,36466,231.9
50,118313,231.9
50,38725,206
50,46738,165.7
50,121319,215.2
50,87570,231.6
50,100647,240.4
50,102734,177.3
50,284,212.4
50,85446,198.9
50,71885,184
50,75738,225.9
50,61104,216
50,78543,222.8
50,102664,200.2
50,47566,213.1
50,53018,148.4
50,10419,194.3
50,114780,70.6
50,15744,201.2
50,114770,163.6
50,101252,182.7
50,75134,206
50,21528,209.3
50,112743,207.3
50,90842,183.1
50,90206,189.9
50,120460,199.4
50,88573,217.1
50,90544,221.6
50,65130,209.6
50,47950,207.1
50,5795,209.4
50,78923,210.1
50,103340,165.7
50,57010,190.3
50,51633,231.2
50,118319,213.3
50,42114,204.5
50,118972,162.5
50,16986,211.7
51,81485,251.2
51,88711,320.4
51,100319,278.7
51,16923,329.9
51,50165,280.6
51,50662,209.3
51,60404,347.7
51,33510,266.4
51,117148,274.8
51,36466,267.8
51,118313,283.2
51,38725,264.8
51,46738,245.3
51,121319,316
51,87570,298.2
51,100647,267.8
51,102734,268
51,284,288.7
51,85446,308.9
51,71885,303.7
51,75738,313.2
51,61104,277.9
51,78543,292.6
51,102664,309
51,47566,278
51,53018,284.6
51,10419,294.3
51,114780,231
51,15744,254.3
51,114770,168.6
51,101252,297.5
51,75134,289.9
51,21528,283.4
51,112743,285.3
51,90842,286.1
51,90206,271.8
51,120460,304.8
51,88573,276.7
51,90544,265
51,65130,307.7
51,47950,305.8
51,5795,277.1
51,78923,282
51,103340,240
51,57010,293.1
51,51633,298.6
51,118319,288
51,42114,280
51,118972,321
51,16986,311.9
52,81485,140.6
52,88711,146.8
52,100319,138.7
52,16923,162.9
52,50165,138.6
52,50662,97.3
52,60404,127.8
52,33510,151.9
52,117148,146.6
52,36466,149
52,118313,159.6
52,38725,110.6
52,46738,181.5
52,121319,151
52,87570,136.3
52,100647,105.7
52,102734,157.3
52,284,144.7
52,85446,160.1
52,71885,164.1
52,75738,109.9
52,61104,173.5
52,78543,152
52,102664,132.8
52,47566,136.8
52,53018,141.9
52,10419,118.4
52,114780,78.5
52,15744,141.6
52,114770,76.8
52,101252,98
52,75134,106.4
52,21528,139.5
52,112743,129
52,90842,64.9
52,90206,126.1
52,120460,142.7
52,88573,124.3
52,90544,130.6
52,65130,148.9
52,47950,126.5
52,5795,152.3
52,78923,121.4
52,103340,123
52,57010,133.3
52,51633,141.2
52,118319,154.5
52,42114,157
52,118972,133
52,16986,107.5
53,81485,135.8
53,88711,148
53,100319,151.6
53,16923,131.4
53,50165,161.5
53,50662,38
53,60404,135.1
53,33510,134.4
53,117148,170
53,36466,145.3
53,118313,155
53,38725,160.6
53,46738,112.6
53,121319,159.4
53,87570,157
53,100647,116.1
53,102734,125.2
53,284,163.8
53,85446,128.1
53,71885,171.9
53,75738,162.5
53,61104,128
53,78543,152.4
53,102664,144.5
53,47566,146.9
53,53018,148.5
53,10419,148.7
53,114780,32.5
53,15744,141.9
53,114770,54.3
53,101252,113.9
53,75134,93.1
53,21528,116.5
53,112743,159
53,90842,49
53,90206,179
53,120460,105.7
53,88573,86.5
53,90544,151.7
53,65130,136.9
53,47950,146.8
53,5795,143.2
53,78923,132.6
53,103340,140.3
53,57010,168
53,51633,174.2
53,118319,130.5
53,42114,155.7
53,118972,153.2
53,16986,166.1
54,81485,280.2
54,88711,286.2
54,100319,313.8
54,16923,260.3
54,50165,318.5
54,50662,147.7
54,60404,307.8
54,33510,292.9
54,117148,304.2
54,36466,281.1
54,118313,272.1
54,38725,311.7
54,46738,288.1
54,121319,318.8
54,87570,323.5
54,100647,290.2
54,102734,296.4
54,284,301.9
54,85446,285.8
54,71885,285.2
54,75738,352.2
54,61104,270.7
54,78543,310
54,102664,325
54,47566,310.2
54,53018,291
54,10419,309.2
54,114780,149.1
54,15744,282.6
54,114770,174.4
54,101252,279.9
54,75134,259.3
54,21528,317.6
54,112743,300.6
54,90842,213.7
54,90206,267.5
54,120460,320.8
54,88573,301.5
54,90544,313.6
54,65130,298.1
54,47950,286.1
54,5795,290.6
54,78923,298.1
54,103340,305.1
54,57010,296.3
54,51633,322.9
54,118319,272.5
54,42114,288.9
54,118972,286.8
54,16986,326.4
55,81485,215.7
55,88711,210.3
55,100319,267.4
55,16923,251.7
55,50165,245.4
55,50662,77.7
55,60404,287.1
55,33510,262.5
55,117148,252.3
55,36466,211.4
55,118313,265.6
55,38725,261.3
55,46738,219.9
55,121319,256.4
55,87570,248
55,100647,234.2
55,102734,248.8
55,284,224.4
55,85446,196.4
55,71885,221.5
55,75738,240
55,61104,233.9
55,78543,208.3
55,102664,268.4
55,47566,226.2
55,53018,274.4
55,10419,245
55,114780,153.7
55,15744,230.5
55,114770,125
55,101252,217.7
55,75134,269.8
55,21528,249.1
55,112743,245.1
55,90842,100.7
55,90206,262.8
55,120460,244.5
55,88573,264.6
55,90544,226.1
55,65130,249.1
55,47950,222
55,5795,214.3
55,78923,237.5
55,103340,208.7
55,57010,243.9
55,51633,256
55,118319,244.7
55,42114,229.2
55,118972,264.1
55,16986,221.9
56,81485,92.8
56,88711,77.6
56,100319,82.6
56,16923,79.4
56,50165,70.6
56,50662,19.4
56,60404,101.7
56,33510,70.2
56,117148,90.9
56,36466,89.3
56,118313,88
56,38725,96.3
56,46738,50.5
56,121319,115.2
56,87570,78.4
56,100647,92.2
56,102734,59.7
56,284,84.5
56,85446,80.2
56,71885,73.8
56,75738,91.4
56,61104,98
56,78543,78.1
56,102664,95.1
56,47566,51.9
56,53018,87.4
56,10419,56.8
56,114780,39.6
56,15744,102.9
56,114770,32
56,101252,86.2
56,75134,37.6
56,21528,72.9
56,112743,92.3
56,90842,55.3
56,90206,72.7
56,120460,61.5
56,88573,44.9
56,90544,77.4
56,65130,50.5
56,47950,58.7
56,5795,53.1
56,78923,86.5
56,103340,81.6
56,57010,68
56,51633,81.3
56,118319,82.8
56,42114,52.2
56,118972,82.2
56,16986,71.6
57,81485,8.4
57,88711,8.3
57,100319,7.8
57,16923,7.1
57,50165,8.4
57,50662,5.5
57,60404,7.2
57,33510,4.7
57,117148,9.6
57,36466,8.7
57,118313,8.8
57,38725,5.7
57,46738,7.2
57,121319,6.8
57,87570,5.7
57,100647,4.3
57,102734,9.6
57,284,6.3
57,85446,7.6
57,71885,5.5
57,75738,8.5
57,61104,4.9
57,78543,8.2
57,102664,7.6
57,47566,6.3
57,53018,5.2
57,10419,4.2
57,114780,4.4
57,15744,5
57,114770,5.6
57,101252,3.7
57,75134,5.8
57,21528,5.4
57,112743,7
57,90842,6.1
57,90206,5.4
57,120460,2.4
57,88573,6.1
57,90544,7.2
57,65130,4.9
57,47950,5.7
57,5795,4
57,78923,5.4
57,103340,6.6
57,57010,6
57,51633,4.9
57,118319,5.9
57,42114,9.2
57,118972,4.2
57,16986,4.6
58,81485,65.4
58,88711,54.9
58,100319,67.5
58,16923,77.2
58,50165,89.6
58,50662,28.6
58,60404,72.2
58,33510,62.1
58,117148,88.4
58,36466,78.7
58,118313,73.7
58,38725,59.5
58,46738,55.1
58,121319,73
58,87570,76.1
58,100647,49.1
58,102734,71.3
58,284,62.2
58,85446,59.1
58,71885,54.1
58,75738,74.6
58,61104,69.6
58,78543,69.8
58,102664,84.7
58,47566,99.6
58,53018,67.3
58,10419,73.3
58,114780,40.9
58,15744,61.2
58,114770,21
58,101252,45.2
58,75134,60.7
58,21528,44.3
58,112743,46.8
58,90842,22.7
58,90206,58.4
58,120460,48.7
58,88573,56.2
58,90544,58.6
58,65130,59.9
58,47950,72.2
58,5795,68.7
58,78923,74.9
58,103340,58.6
58,57010,53.4
58,51633,82.5
58,118319,70.7
58,42114,50.5
58,118972,58.3
58,16986,67.5
59,81485,6.8
59,88711,3.2
59,100319,4.4
59,16923,7.1
59,50165,2.7
59,50662,3.1
59,60404,5
59,33510,3
59,117148,5.9
59,36466,5.3
59,118313,4.2
59,38725,2.5
59,46738,2.8
59,121319,4.3
59,87570,4.1
59,100647,3.1
59,102734,2.7
59,284,4.6
59,85446,2.9
59,71885,6.1
59,75738,4.6
59,61104,4.3
59,78543,2
59,102664,4.9
59,47566,3.9
59,53018,3.8
59,10419,3.5
59,114780,2.6
59,15744,4.4
59,114770,3.1
59,101252,3.6
59,75134,3.2
59,21528,4.5
59,112743,3.6
59,90842,3.6
59,90206,3
59,120460,3.3
59,88573,3.4
59,90544,4.4
59,65130,3.2
59,47950,3.9
59,5795,3.8
59,78923,3.1
59,103340,3.8
59,57010,3.1
59,51633,3.3
59,118319,3.1
59,42114,4.4
59,118972,2.8
59,16986,2.8
60,81485,290.1
60,88711,364.9
60,100319,340.7
60,16923,301.4
60,50165,302.3
60,50662,164.1
60,60404,340.1
60,33510,319.5
60,117148,305.4
60,36466,301.1
60,118313,326.6
60,38725,291.3
60,46738,351.8
60,121319,297.4
60,87570,311.5
60,100647,341.5
60,102734,339.6
60,284,329.9
60,85446,322.4
60,71885,327.2
60,75738,308.4
60,61104,308.8
60,78543,268.1
60,102664,329.1
60,47566,281.5
60,53018,324.1
60,10419,307.4
60,114780,184.6
60,15744,289.4
60,114770,210.1
60,101252,336.7
60,75134,340.3
60,21528,284.7
60,112743,271.5
60,90842,241.8
60,90206,343.2
60,120460,329.9
60,88573,304.9
60,90544,321.3
60,65130,308.2
60,47950,326.4
60,5795,331.7
60,78923,307.5
60,103340,308.3
60,57010,307.8
60,51633,332
60,118319,294.3
60,42114,310.8
60,118972,350.8
60,16986,316.8
61,81485,202.2
61,88711,200.5
61,100319,201.1
61,16923,222.4
61,50165,227.5
61,50662,135.4
61,60404,213.4
61,33510,203.7
61,117148,215.1
61,36466,205.8
61,118313,214.2
61,38725,233.9
61,46738,207
61,121319,227.9
61,87570,202.6
61,100647,187.2
61,102734,208.1
61,284,197
61,85446,230.5
61,71885,222.3
61,75738,250.3
61,61104,214.8
61,78543,215.7
61,102664,215.6
61,47566,235.6
61,53018,206.4
61,10419,218.6
61,114780,82.7
61,15744,215.4
61,114770,110.3
61,101252,195.5
61,75134,237.1
61,21528,178
61,112743,231.4
61,90842,126.1
61,90206,212.6
61,120460,181.1
61,88573,183.9
61,90544,237.9
61,65130,183.1
61,47950,189.9
61,5795,221.6
61,78923,228.7
61,103340,215.5
61,57010,234.6
61,51633,222.8
61,118319,230.6
61,42114,218.6
61,118972,221.4
61,16986,195.3
62,81485,268.6
62,88711,331.3
62,100319,291.6
62,16923,329.4
62,50165,317.4
62,50662,109.2
62,60404,307.9
62,33510,316.8
62,117148,255.9
62,36466,312.5
62,118313,341.5
62,38725,308.2
62,46738,292.6
62,121319,296.8
62,87570,254.3
62,100647,300.7
62,102734,316.8
62,284,301.5
62,85446,347.4
62,71885,299.4
62,75738,265.4
62,61104,303
62,78543,306.3
62,102664,269.3
62,47566,286.3
62,53018,310.8
62,10419,263.2
62,114780,104.2
62,15744,285.1
62,114770,236.5
62,101252,299.8
62,75134,310.7
62,21528,282.7
62,112743,303.3
62,90842,265.3
62,90206,292.8
62,120460,273.5
62,88573,320.1
62,90544,257.5
62,65130,303.2
62,47950,307.1
62,5795,280.3
62,78923,323.3
62,103340,304.8
62,57010,300.5
62,51633,323
62,118319,282.6
62,42114,310.8
62,118972,314.6
62,16986,304.8
63,81485,103
63,88711,80.8
63,100319,81.9
63,16923,90.9
63,50165,77.2
63,50662,17.9
63,60404,121.2
63,33510,59.6
63,117148,100.5
63,36466,98.3
63,118313,118.6
63,38725,103.3
63,46738,58.6
63,121319,100.2
63,87570,82.7
63,100647,95.6
63,102734,84.7
63,284,86.9
63,85446,57.4
63,71885,80.4
63,75738,105.5
63,61104,95.3
63,78543,90.2
63,102664,93.9
63,47566,81.6
63,53018,76
63,10419,89.7
63,114780,27.9
63,15744,76.7
63,114770,21.2
63,101252,58.7
63,75134,60.6
63,21528,60.5
63,112743,77.8
63,90842,43
63,90206,80.3
63,120460,75.3
63,88573,91.7
63,90544,82.5
63,65130,79.3
63,47950,66.6
63,5795,73.1
63,78923,77.6
63,103340,84.7
63,57010,94.3
63,51633,87.7
63,118319,100.6
63,42114,103
63,118972,79.6
63,16986,73.2
64,81485,9.4
64,88711,6.1
64,100319,9.2
64,16923,7.2
64,50165,6.7
64,50662,5.8
64,60404,7.5
64,33510,9.5
64,117148,8.8
64,36466,8.5
64,118313,7.4
64,38725,8.4
64,46738,7.6
64,121319,7.5
64,87570,6.6
64,100647,6
64,102734,7.1
64,284,7.5
64,85446,5.9
64,71885,7.3
64,75738,9.5
64,61104,7.6
64,78543,6.4
64,102664,9.2
64,47566,9.5
64,53018,7.6
64,10419,6.6
64,114780,4.5
64,15744,5.5
64,114770,5.8
64,101252,6.6
64,75134,6
64,21528,5.6
64,112743,7.4
64,90842,6.4
64,90206,7
64,120460,7.1
64,88573,7.6
64,90544,5.8
64,65130,6.7
64,47950,7
64,5795,5.5
64,78923,10.6
64,103340,8.3
64,57010,6.6
64,51633,6.5
64,118319,4.7
64,42114,6.5
64,118972,10
64,16986,5.1
65,81485,203
65,88711,183.8
65,100319,247.3
65,16923,189.8
65,50165,204.6
65,50662,49.8
65,60404,210
65,33510,199.8
65,117148,188.4
65,36466,176.4
65,118313,201.7
65,38725,209.2
65,46738,164
65,121319,183.9
65,87570,192.6
65,100647,169.8
65,102734,185.7
65,284,190.4
65,85446,175.3
65,71885,220
65,75738,186.8
65,61104,188.2
65,78543,201.8
65,102664,188.4
65,47566,181.4
65,53018,221.9
65,10419,151
65,114780,123
65,15744,141.3
65,114770,62.6
65,101252,192.9
65,75134,133.6
65,21528,176.9
65,112743,181.1
65,90842,169.4
65,90206,203.8
65,120460,167
65,88573,196.8
65,90544,206.3
65,65130,172.2
65,47950,187.3
65,5795,189
65,78923,168.6
65,103340,211.3
65,57010,193.5
65,51633,214.4
65,118319,168.8
65,42114,204.7
65,118972,183.5
65,16986,194.5
66,81485,74.7
66,88711,73.4
66,100319,62.8
66,16923,84.9
66,50165,75.6
66,50662,23.6
66,60404,62.4
66,33510,66.3
66,117148,96.5
66,36466,73.6
66,118313,67.7
66,38725,75
66,46738,59.6
66,121319,90.1
66,87570,77.1
66,100647,50.4
66,102734,68.9
66,284,74.4
66,85446,75.3
66,71885,65.4
66,75738,71.7
66,61104,71.6
66,78543,58.1
66,102664,58.1
66,47566,68.4
66,53018,64.4
66,10419,52.1
66,114780,39.7
66,15744,63.9
66,114770,46.8
66,101252,45.3
66,75134,49.3
66,21528,57.5
66,112743,66.2
66,90842,47.4
66,90206,66.3
66,120460,68.7
66,88573,56.8
66,90544,60.9
66,65130,66.4
66,47950,47.4
66,5795,59.4
66,78923,77.2
66,103340,66.1
66,57010,82.3
66,51633,37.8
66,118319,60.2
66,42114,69.6
66,118972,76.9
66,16986,49.3
67,81485,143.6
67,88711,165
67,100319,143.1
67,16923,140.5
67,50165,175.3
67,50662,76.2
67,60404,168.2
67,33510,156.5
67,117148,153
67,36466,162.5
67,118313,144.7
67,38725,140.6
67,46738,139.4
67,121319,157.5
67,87570,147.8
67,100647,130.9
67,102734,140.5
67,284,166.8
67,85446,118.4
67,71885,150.1
67,75738,169.3
67,61104,145.2
67,78543,135.4
67,102664,155.9
67,47566,120.3
67,53018,156.4
67,10419,122.7
67,114780,49.1
67,15744,168.4
67,114770,117.4
67,101252,117
67,75134,98
67,21528,119.8
67,112743,147.1
67,90842,53.5
67,90206,111.2
67,120460,131.1
67,88573,119
67,90544,139.2
67,65130,144.4
67,47950,157.7
67,5795,111
67,78923,116
67,103340,143.9
67,57010,148.5
67,51633,142.7
67,118319,126.1
67,42114,120.4
67,118972,122.7
67,16986,164
68,81485,2.9
68,88711,1.4
68,100319,1.7
68,16923,2.7
68,50165,4.1
68,50662,2
68,60404,1.9
68,33510,2
68,117148,4.4
68,36466,2.9
68,118313,4.1
68,38725,2.7
68,46738,3.1
68,121319,2.6
68,87570,3
68,100647,1.8
68,102734,2.1
68,284,3.3
68,85446,2
68,71885,2.3
68,75738,1.7
68,61104,1.6
68,78543,2.2
68,102664,3.3
68,47566,2.5
68,53018,2.7
68,10419,2.4
68,114780,1.1
68,15744,2.6
68,114770,2.8
68,101252,2
68,75134,2
68,21528,3.1
68,112743,1.4
68,90842,1.8
68,90206,2.1
68,120460,1.5
68,88573,2.6
68,90544,1.9
68,65130,2
68,47950,2.3
68,5795,1.8
68,78923,2.3
68,103340,1.6
68,57010,2.7
68,51633,1.2
68,118319,3.6
68,42114,2.4
68,118972,2.5
68,16986,3
69,81485,31.7
69,88711,17.7
69,100319,22.5
69,16923,17.8
69,50165,17.9
69,50662,10.1
69,60404,23.9
69,33510,27.3
69,117148,27.4
69,36466,25
69,118313,25.5
69,38725,29.5
69,46738,10.3
69,121319,28.1
69,87570,23.9
69,100647,20.8
69,102734,21.8
69,284,15.8
69,85446,22
69,71885,24.2
69,75738,28.6
69,61104,19.3
69,78543,19.9
69,102664,29
69,47566,11.4
69,53018,22.1
69,10419,11.9
69,114780,6.7
69,15744,9.8
69,114770,9.5
69,101252,11.1
69,75134,10.8
69,21528,21
69,112743,12.5
69,90842,10.8
69,90206,15.7
69,120460,18.7
69,88573,18.4
69,90544,22.4
69,65130,14.1
69,47950,22.6
69,5795,13.7
69,78923,12.8
69,103340,16.1
69,57010,28.7
69,51633,10.3
69,118319,21.2
69,42114,17.4
69,118972,23.5
69,16986,13.3
70,81485,155.7
70,88711,174.2
70,100319,138.7
70,16923,171.5
70,50165,182.1
70,50662,48.2
70,60404,179.1
70,33510,147.6
70,117148,183.4
70,36466,188.4
70,118313,167.8
70,38725,181.2
70,46738,189.1
70,121319,179.5
70,87570,152.9
70,100647,113
70,102734,168.5
70,284,168.1
70,85446,172.5
70,71885,158.6
70,75738,169.4
70,61104,190.8
70,78543,146.1
70,102664,160.5
70,47566,167.6
70,53018,147.5
70,10419,173.7
70,114780,92.8
70,15744,160.8
70,114770,97.8
70,101252,124.1
70,75134,122.8
70,21528,143.3
70,112743,164.9
70,90842,111.7
70,90206,145.6
70,120460,98.2
70,88573,152.8
70,90544,176.6
70,65130,196.4
70,47950,174.6
70,5795,181.7
70,78923,187.9
70,103340,158.7
70,57010,172.4
70,51633,144.1
70,118319,127.5
70,42114,159.9
70,118972,149
70,16986,163.2
71,81485,166.2
71,88711,108
71,100319,95.5
71,16923,157.9
71,50165,153.4
71,50662,116.2
71,60404,165.2
71,33510,133.4
71,117148,132.3
71,36466,160.1
71,118313,161.3
71,38725,140.6
71,46738,70
71,121319,146.2
71,87570,81.9
71,100647,92.6
71,102734,148.9
71,284,96.2
71,85446,120.3
71,71885,147
71,75738,141.9
71,61104,139.5
71,78543,164.3
71,102664,136.9
71,47566,122.9
71,53018,138.7
71,10419,118.1
71,114780,77.8
71,15744,153.4
71,114770,51.2
71,101252,101.2
71,75134,136
71,21528,144.2
71,112743,142.4
71,90842,92.9
71,90206,158.7
71,120460,126.8
71,88573,118.5
71,90544,115.3
71,65130,124.8
71,47950,118.5
71,5795,130.3
71,78923,140.8
71,103340,114.8
71,57010,113.9
71,51633,140.6
71,118319,147.2
71,42114,132.9
71,118972,156.5
71,16986,143.8
72,81485,230
72,88711,184.1
72,100319,196.1
72,16923,195
72,50165,200.5
72,50662,80.5
72,60404,210.7
72,33510,185.8
72,117148,208
72,36466,198.8
72,118313,207.3
72,38725,215.1
72,46738,179.4
72,121319,207
72,87570,181.6
72,100647,185.7
72,102734,175.8
72,284,198.2
72,85446,175.5
72,71885,180.4
72,75738,173.5
72,61104,215.3
72,78543,211.6
72,102664,202.5
72,47566,171.6
72,53018,160
72,10419,132.5
72,114780,140
72,15744,210.3
72,114770,55.1
72,101252,170.7
72,75134,219.4
72,21528,190.4
72,112743,195.7
72,90842,148.2
72,90206,200.6
72,120460,183.1
72,88573,177.2
72,90544,191
72,65130,207.4
72,47950,191.1
72,5795,196.5
72,78923,182.2
72,103340,210
72,57010,218.8
72,51633,214.2
72,118319,191.6
72,42114,167.4
72,118972,201.8
72,16986,213.1
73,81485,66.3
73,88711,63.9
73,100319,69.6
73,16923,60.9
73,50165,50.8
73,50662,42.6
73,60404,79.9
73,33510,60
73,117148,79
73,36466,58.3
73,118313,68.4
73,38725,61.3
73,46738,60.5
73,121319,75.3
73,87570,56
73,100647,55.7
73,102734,49
73,284,62.1
73,85446,23.9
73,71885,67.6
73,75738,50.8
73,61104,79.6
73,78543,50.8
73,102664,80.1
73,47566,77.1
73,53018,77.5
73,10419,39.5
73,114780,19.4
73,15744,45.6
73,114770,34.9
73,101252,31.9
73,75134,58.3
73,21528,54.7
73,112743,67.5
73,90842,47
73,90206,66.3
73,120460,37.4
73,88573,42.4
73,90544,39.3
73,65130,75.4
73,47950,63.4
73,5795,45.7
73,78923,53.6
73,103340,47.9
73,57010,52.9
73,51633,56.6
73,118319,46.4
73,42114,48.7
73,118972,66.3
73,16986,56.2
74,81485,104.7
74,88711,60
74,100319,71.8
74,16923,81.4
74,50165,87.3
74,50662,49.6
74,60404,75.2
74,33510,99.9
74,117148,109.9
74,36466,91
74,118313,95.8
74,38725,99.3
74,46738,68.9
74,121319,85.2
74,87570,107.9
74,100647,109.6
74,102734,93.9
74,284,99.8
74,85446,79.5
74,71885,91.2
74,75738,95.7
74,61104,111.6
74,78543,88
74,102664,67.4
74,47566,94.9
74,53018,75.6
74,10419,61.9
74,114780,37.3
74,15744,83
74,114770,38.7
74,101252,58.2
74,75134,66.8
74,21528,69.9
74,112743,87.3
74,90842,31.6
74,90206,62.9
74,120460,99.4
74,88573,82
74,90544,73.4
74,65130,70.9
74,47950,85.1
74,5795,78.1
74,78923,82.5
74,103340,78.9
74,57010,82.3
74,51633,95.1
74,118319,89.2
74,42114,81.5
74,118972,94.9
74,16986,62.6
75,81485,84.6
75,88711,70.1
75,100319,89.5
75,16923,72.5
75,50165,80.1
75,50662,28.7
75,60404,124.1
75,33510,72
75,117148,93
75,36466,98.2
75,118313,76.4
75,38725,93.5
75,46738,48.9
75,121319,84.8
75,87570,64.3
75,100647,44.8
75,102734,75.4
75,284,71.3
75,85446,77.7
75,71885,60.4
75,75738,86.8
75,61104,86.7
75,78543,69.8
75,102664,71.5
75,47566,99.4
75,53018,81.5
75,10419,85.9
75,114780,31.7
75,15744,56.3
75,114770,31.9
75,101252,80.1
75,75134,83.8
75,21528,79.4
75,112743,77.2
75,90842,27.2
75,90206,78.1
75,120460,58.4
75,88573,101
75,90544,58.4
75,65130,51
75,47950,86.4
75,5795,74
75,78923,73.5
75,103340,76.1
75,57010,90.2
75,51633,79.6
75,118319,68.1
75,42114,56.7
75,118972,99.2
75,16986,69.5
76,81485,190.7
76,88711,200
76,100319,230.3
76,16923,227.4
76,50165,196.2
76,50662,84.4
76,60404,224.6
76,33510,214.1
76,117148,191.1
76,36466,210.6
76,118313,194.7
76,38725,201.1
76,46738,220.2
76,121319,220.5
76,87570,225.8
76,100647,171.7
76,102734,248.1
76,284,219
76,85446,200.8
76,71885,210.7
76,75738,184.5
76,61104,200.7
76,78543,207.8
76,102664,183.9
76,47566,180.2
76,53018,190.8
76,10419,191.2
76,114780,145.1
76,15744,178.6
76,114770,87.2
76,101252,169.1
76,75134,188.8
76,21528,213.2
76,112743,177.1
76,90842,87.5
76,90206,193.9
76,120460,183.5
76,88573,198.1
76,90544,231.8
76,65130,224.3
76,47950,175.2
76,5795,240.5
76,78923,214.7
76,103340,210.2
76,57010,192.6
76,51633,208
76,118319,225.7
76,42114,172.3
76,118972,219.9
76,16986,219.8
77,81485,78.1
77,88711,82.9
77,100319,85
77,16923,93.5
77,50165,97.4
77,50662,21.6
77,60404,66.6
77,33510,64.4
77,117148,108.7
77,36466,74.9
77,118313,113.4
77,38725,91
77,46738,54.7
77,121319,82.5
77,87570,84.8
77,100647,95.2
77,102734,52.8
77,284,57
77,85446,86.2
77,71885,89.4
77,75738,100.7
77,61104,82.4
77,78543,104.8
77,102664,64.6
77,47566,66
77,53018,81.1
77,10419,91.2
77,114780,39
77,15744,47.6
77,114770,48.3
77,101252,53.4
77,75134,59.7
77,21528,72.3
77,112743,105.2
77,90842,73.7
77,90206,95.1
77,120460,63.3
77,88573,63.8
77,90544,77.2
77,65130,80.4
77,47950,75.8
77,5795,105.3
77,78923,70.4
77,103340,77
77,57010,91.7
77,51633,92
77,118319,91.9
77,42114,120.9
77,118972,93.4
77,16986,83.3
78,81485,205
78,88711,259.3
78,100319,198.5
78,16923,259.7
78,50165,284.2
78,50662,160
78,60404,282.5
78,33510,251.1
78,117148,257.3
78,36466,256.9
78,118313,239.3
78,38725,259.8
78,46738,207.2
78,121319,265.9
78,87570,240.6
78,100647,232.5
78,102734,242.5
78,284,255.3
78,85446,242.6
78,71885,219.8
78,75738,237.1
78,61104,279
78,78543,231.8
78,102664,271.2
78,47566,249
78,53018,223.8
78,10419,226.9
78,114780,152.5
78,15744,190.5
78,114770,109.8
78,101252,209
78,75134,210.4
78,21528,227.1
78,112743,219
78,90842,148.8
78,90206,272
78,120460,259.7
78,88573,232.4
78,90544,237.3
78,65130,241.1
78,47950,241.3
78,5795,264
78,78923,225
78,103340,231.8
78,57010,246.9
78,51633,244.6
78,118319,229.5
78,42114,262.5
78,118972,244.6
78,16986,271.2
79,81485,109.7
79,88711,92
79,100319,109.7
79,16923,114.4
79,50165,105.3
79,50662,45.6
79,60404,119.6
79,33510,112
79,117148,111.6
79,36466,101.3
79,118313,117.1
79,38725,83
79,46738,61.7
79,121319,102.1
79,87570,114.9
79,100647,74.4
79,102734,95.5
79,284,89.9
79,85446,82
79,71885,97.6
79,75738,99
79,61104,80.2
79,78543,99.3
79,102664,92.6
79,47566,90.3
79,53018,72.7
79,10419,90.3
79,114780,54.8
79,15744,76.8
79,114770,47.5
79,101252,79.4
79,75134,60.5
79,21528,99
79,112743,76.8
79,90842,41.8
79,90206,104.7
79,120460,92.8
79,88573,113.8
79,90544,119.1
79,65130,71.8
79,47950,96.9
79,5795,119
79,78923,81.2
79,103340,114.9
79,57010,115.3
79,51633,86.1
79,118319,77.1
79,42114,91.6
79,118972,82.8
79,16986,90.2
80,81485,105.5
80,88711,115.6
80,100319,83.9
80,16923,105.8
80,50165,95.4
80,50662,32.4
80,60404,116
80,33510,85.6
80,117148,103
80,36466,102.7
80,118313,105.9
80,38725,114.8
80,46738,57.7
80,121319,121
80,87570,100.5
80,100647,92.3
80,102734,86.6
80,284,104.3
80,85446,86.1
80,71885,116.5
80,75738,111.4
80,61104,110.4
80,78543,99.2
80,102664,151.9
80,47566,126.3
80,53018,114
80,10419,55.1
80,114780,51.6
80,15744,82.5
80,114770,46.8
80,101252,105
80,75134,77
80,21528,103.8
80,112743,105.3
80,90842,61.6
80,90206,100.2
80,120460,69.6
80,88573,87.2
80,90544,90.5
80,65130,77.6
80,47950,93.5
80,5795,120
80,78923,120
80,103340,94.6
80,57010,104.2
80,51633,74.2
80,118319,131.6
80,42114,82.8
80,118972,88.2
80,16986,107.8
81,81485,62.9
81,88711,43.3
81,100319,56.4
81,16923,72.4
81,50165,50.2
81,50662,12.9
81,60404,53.7
81,33510,54.6
81,117148,52
81,36466,50.5
81,118313,59.7
81,38725,55.6
81,46738,45.8
81,121319,63.7
81,87570,52.1
81,100647,25.8
81,102734,38.8
81,284,51.6
81,85446,52.4
81,71885,62
81,75738,47.3
81,61104,65
81,78543,56.8
81,102664,58.6
81,47566,37
81,53018,35.8
81,10419,61.8
81,114780,25.3
81,15744,36.6
81,114770,21.7
81,101252,32.4
81,75134,24.5
81,21528,42.7
81,112743,41.3
81,90842,24.9
81,90206,47.1
81,120460,30.4
81,88573,39
81,90544,35
81,65130,39.8
81,47950,64.3
81,5795,52.4
81,78923,50.6
81,103340,51.3
81,57010,44.4
81,51633,47.9
81,118319,42.2
81,42114,59.3
81,118972,53
81,16986,53.2
82,81485,217.1
82,88711,218.9
82,100319,231
82,16923,210.5
82,50165,233.4
82,50662,103.8
82,60404,205.5
82,33510,225.2
82,117148,203.2
82,36466,217.2
82,118313,207.8
82,38725,214.4
82,46738,171.3
82,121319,219.3
82,87570,197.7
82,100647,197
82,102734,199.1
82,284,215.7
82,85446,189.3
82,71885,202.8
82,75738,214.3
82,61104,227.3
82,78543,209
82,102664,230.1
82,47566,221.4
82,53018,219.1
82,10419,165.6
82,114780,92.2
82,15744,166.1
82,114770,76
82,101252,205.3
82,75134,223.9
82,21528,215
82,112743,196.6
82,90842,134.9
82,90206,226.9
82,120460,188.6
82,88573,194.3
82,90544,205.4
82,65130,209.2
82,47950,234.4
82,5795,190.3
82,78923,216.7
82,103340,173.3
82,57010,249.1
82,51633,238.4
82,118319,191.4
82,42114,187.7
82,118972,212
82,16986,229.3
83,81485,40.9
83,88711,28.2
83,100319,28.6
83,16923,30.4
83,50165,31.4
83,50662,14.5
83,60404,53
83,33510,30.5
83,117148,56.3
83,36466,39.6
83,118313,35.3
83,38725,35.1
83,46738,25.1
83,121319,41.5
83,87570,27
83,100647,22.1
83,102734,39
83,284,40.3
83,85446,22.4
83,71885,38.8
83,75738,33.8
83,61104,38.8
83,78543,25.7
83,102664,37.8
83,47566,32.1
83,53018,33.4
83,10419,48.2
83,114780,11.6
83,15744,25.8
83,114770,17.3
83,101252,20.2
83,75134,24
83,21528,18.6
83,112743,34.7
83,90842,26.3
83,90206,29.5
83,120460,36.4
83,88573,26.9
83,90544,31.9
83,65130,34.1
83,47950,47.9
83,5795,38
83,78923,32.6
83,103340,41.3
83,57010,33.3
83,51633,19.5
83,118319,27
83,42114,28.1
83,118972,35.8
83,16986,27.2
84,81485,36.6
84,88711,18.4
84,100319,27.7
84,16923,27.6
84,50165,31.4
84,50662,12
84,60404,38.1
84,33510,24.4
84,117148,40.6
84,36466,32.9
84,118313,40
84,38725,35
84,46738,17.1
84,121319,26.8
84,87570,32.5
84,100647,35
84,102734,29.2
84,284,25.4
84,85446,36.1
84,71885,31.8
84,75738,29.5
84,61104,26.8
84,78543,35.4
84,102664,26.4
84,47566,23.7
84,53018,33.8
84,10419,22.3
84,114780,10.1
84,15744,18.8
84,114770,19.7
84,101252,19.5
84,75134,27.7
84,21528,20.6
84,112743,36.2
84,90842,11.2
84,90206,36.3
84,120460,25.4
84,88573,20.1
84,90544,25.6
84,65130,22.3
84,47950,14.7
84,5795,30.4
84,78923,26.8
84,103340,33
84,57010,25.6
84,51633,20.8
84,118319,31.2
84,42114,37.4
84,118972,32.5
84,16986,30.3
85,81485,208.8
85,88711,224
85,100319,249.8
85,16923,241.3
85,50165,213.2
85,50662,125.3
85,60404,242.1
85,33510,239.7
85,117148,220.6
85,36466,236.5
85,118313,239.4
85,38725,210.2
85,46738,194.9
85,121319,244.7
85,87570,235.9
85,100647,183.1
85,102734,224.7
85,284,206.3
85,85446,215.8
85,71885,244
85,75738,273.4
85,61104,243.7
85,78543,217
85,102664,192.1
85,47566,225.7
85,53018,200.6
85,10419,154.3
85,114780,82.2
85,15744,180.9
85,114770,143.6
85,101252,217.5
85,75134,202.7
85,21528,191.2
85,112743,218.8
85,90842,115.8
85,90206,197.1
85,120460,130
85,88573,240.7
85,90544,208.9
85,65130,247.4
85,47950,242.9
85,5795,255.7
85,78923,231.2
85,103340,182.8
85,57010,204.1
85,51633,189.3
85,118319,191.8
85,42114,207
85,118972,195.4
85,16986,184.2
86,81485,31.1
86,88711,20.2
86,100319,26.3
86,16923,27.4
86,50165,20
86,50662,13.5
86,60404,35.2
86,33510,24.8
86,117148,29.8
86,36466,23.6
86,118313,33.2
86,38725,23.6
86,46738,20.1
86,121319,29.2
86,87570,20.9
86,100647,14.6
86,102734,14.8
86,284,16.2
86,85446,13.8
86,71885,19.8
86,75738,21
86,61104,22.7
86,78543,19.9
86,102664,23.9
86,47566,21.3
86,53018,28.5
86,10419,25.1
86,114780,8.3
86,15744,20.2
86,114770,11.3
86,101252,10.3
86,75134,18.7
86,21528,22
86,112743,19.6
86,90842,14.3
86,90206,28.8
86,120460,16
86,88573,20.7
86,90544,12.6
86,65130,22.6
86,47950,11
86,5795,23.6
86,78923,23.1
86,103340,22.8
86,57010,30.1
86,51633,18.5
86,118319,19.7
86,42114,27
86,118972,17.8
86,16986,19.3
87,81485,283
87,88711,283.7
87,100319,294
87,16923,276.5
87,50165,326.2
87,50662,161.4
87,60404,293
87,33510,279.4
87,117148,291.2
87,36466,324.2
87,118313,280.5
87,38725,303.4
87,46738,259.5
87,121319,324.9
87,87570,290.7
87,100647,295.8
87,102734,290.4
87,284,305.1
87,85446,279.4
87,71885,290
87,75738,310.3
87,61104,315
87,78543,331.3
87,102664,299.1
87,47566,300
87,53018,272.8
87,10419,308.3
87,114780,219.4
87,15744,348.9
87,114770,123.3
87,101252,282.5
87,75134,311.3
87,21528,261.4
87,112743,300.0
87,90842,281.1
87,90206,300.7
87,120460,305.8
87,88573,287.1
87,90544,279.9
87,65130,246.1
87,47950,329.4
87,5795,295.6
87,78923,286.5
87,103340,275.7
87,57010,281.4
87,51633,283.4
87,118319,267.6
87,42114,317.2
87,118972,315.2
87,16986,261.7
88,81485,18.9
88,88711,16.2
88,100319,14.4
88,16923,15.5
88,50165,16.2
88,50662,6.6
88,60404,13.1
88,33510,11.8
88,117148,20.4
88,36466,16.4
88,118313,20.5
88,38725,15.4
88,46738,16.1
88,121319,11.5
88,87570,12.5
88,100647,10.5
88,102734,12.1
88,284,13.7
88,85446,11.8
88,71885,14.1
88,75738,15.0
88,61104,16.5
88,78543,9.2
88,102664,15.2
88,47566,10.9
88,53018,10.0
88,10419,11.6
88,114780,6.6
88,15744,8.5
88,114770,6.3
88,101252,6.9
88,75134,8.7
88,21528,9.5
88,112743,13.5
88,90842,9.1
88,90206,10.4
88,120460,9.4
88,88573,10.9
88,90544,10.4
88,65130,13.0
88,47950,10.2
88,5795,13.7
88,78923,7.6
88,103340,16.1
88,57010,9.1
88,51633,9.7
88,118319,11.5
88,42114,11.2
88,118972,14.9
88,16986,10.3
89,81485,211.6
89,88711,202.0
89,100319,245.7
89,16923,224.2
89,50165,214.0
89,50662,126.7
89,60404,234.7
89,33510,209.8
89,117148,204.8
89,36466,232.7
89,118313,239.3
89,38725,219.4
89,46738,209.2
89,121319,227.5
89,87570,208.1
89,100647,234.2
89,102734,217.8
89,284,199.9
89,85446,263.1
89,71885,238.4
89,75738,208.6
89,61104,206.6
89,78543,229.8
89,102664,199.4
89,47566,223.8
89,53018,216.0
89,10419,209.2
89,114780,179.7
89,15744,240.9
89,114770,112.7
89,101252,210.4
89,75134,239.7
89,21528,225.9
89,112743,234.7
89,90842,150.0
89,90206,198.7
89,120460,211.8
89,88573,200.0
89,90544,225.0
89,65130,236.7
89,47950,208.5
89,5795,188.5
89,78923,216.5
89,103340,226.7
89,57010,197.7
89,51633,174.7
89,118319,198.2
89,42114,229.8
89,118972,183.3
89,16986,231.7
90,81485,149.9
90,88711,157.1
90,100319,136.4
90,16923,182.6
90,50165,172.3
90,50662,49.9
90,60404,205.1
90,33510,158.8
90,117148,135.1
90,36466,156.2
90,118313,167.1
90,38725,162.6
90,46738,157.0
90,121319,161.0
90,87570,146.4
90,100647,138.0
90,102734,155.2
90,284,143.6
90,85446,182.7
90,71885,155.8
90,75738,161.2
90,61104,177.1
90,78543,153.4
90,102664,164.2
90,47566,162.5
90,53018,164.7
90,10419,143.0
90,114780,89.8
90,15744,116.2
90,114770,106.6
90,101252,133.2
90,75134,122.1
90,21528,109.1
90,112743,138.2
90,90842,65.5
90,90206,158.5
90,120460,142.3
90,88573,125.8
90,90544,147.5
90,65130,139.6
90,47950,158.6
90,5795,155.6
90,78923,135.5
90,103340,162.7
90,57010,147.7
90,51633,133.4
90,118319,139.2
90,42114,136.3
90,118972,151.3
90,16986,133.4
91,81485,137.5
91,88711,122.8
91,100319,142.7
91,16923,142.3
91,50165,117.8
91,50662,56.1
91,60404,145.5
91,33510,130.7
91,117148,132.4
91,36466,147.6
91,118313,124.8
91,38725,136.6
91,46738,110.6
91,121319,140.4
91,87570,139.7
91,100647,109.4
91,102734,119.4
91,284,124.9
91,85446,100.0
91,71885,126.4
91,75738,116.4
91,61104,136.6
91,78543,128.2
91,102664,129.0
91,47566,112.8
91,53018,117.5
91,10419,119.9
91,114780,98.6
91,15744,122.8
91,114770,85.0
91,101252,96.3
91,75134,105.2
91,21528,131.3
91,112743,134.6
91,90842,53.8
91,90206,143.9
91,120460,123.3
91,88573,112.0
91,90544,102.8
91,65130,134.0
91,47950,128.5
91,5795,118.3
91,78923,85.9
91,103340,103.7
91,57010,132.3
91,51633,78.2
91,118319,94.1
91,42114,130.1
91,118972,146.8
91,16986,108.7
92,81485,102.4
92,88711,66.4
92,100319,109.4
92,16923,89.9
92,50165,107.9
92,50662,51.1
92,60404,111.3
92,33510,135.6
92,117148,85.8
92,36466,89.6
92,118313,134.4
92,38725,126.2
92,46738,83.2
92,121319,131.5
92,87570,99.5
92,100647,89.6
92,102734,91.7
92,284,125.5
92,85446,71.5
92,71885,101.9
92,75738,90.4
92,61104,90.0
92,78543,107.6
92,102664,116.4
92,47566,101.3
92,53018,106.9
92,10419,80.3
92,114780,43.3
92,15744,80.4
92,114770,55.1
92,101252,51.0
92,75134,88.1
92,21528,83.2
92,112743,112.8
92,90842,54.6
92,90206,131.8
92,120460,101.8
92,88573,86.4
92,90544,112.8
92,65130,97.0
92,47950,86.1
92,5795,74.2
92,78923,90.9
92,103340,109.8
92,57010,92.0
92,51633,95.8
92,118319,81.6
92,42114,83.4
92,118972,108.5
92,16986,92.6
93,81485,65.9
93,88711,67.0
93,100319,52.9
93,16923,56.6
93,50165,40.7
93,50662,17.8
93,60404,68.5
93,33510,45.5
93,117148,67.9
93,36466,47.2
93,118313,73.0
93,38725,60.2
93,46738,34.0
93,121319,63.5
93,87570,29.1
93,100647,39.8
93,102734,40.1
93,284,53.8
93,85446,53.0
93,71885,65.0
93,75738,52.9
93,61104,64.3
93,78543,60.4
93,102664,61.6
93,47566,41.9
93,53018,44.9
93,10419,42.6
93,114780,11.2
93,15744,20.3
93,114770,25.7
93,101252,33.0
93,75134,44.9
93,21528,44.2
93,112743,49.6
93,90842,21.6
93,90206,42.0
93,120460,41.0
93,88573,53.4
93,90544,43.4
93,65130,64.5
93,47950,37.6
93,5795,32.2
93,78923,56.0
93,103340,36.6
93,57010,44.4
93,51633,40.1
93,118319,49.2
93,42114,31.6
93,118972,44.3
93,16986,43.8
94,81485,15.4
94,88711,7.4
94,100319,10.0
94,16923,18.3
94,50165,14.1
94,50662,9.0
94,60404,15.2
94,33510,8.8
94,117148,14.5
94,36466,10.8
94,118313,15.2
94,38725,10.1
94,46738,10.2
94,121319,11.1
94,87570,10.1
94,100647,6.6
94,102734,12.1
94,284,14.9
94,85446,12.3
94,71885,10.9
94,75738,10.7
94,61104,14.8
94,78543,10.6
94,102664,7.8
94,47566,15.7
94,53018,6.4
94,10419,8.3
94,114780,5.2
94,15744,10.1
94,114770,5.9
94,101252,11.1
94,75134,9.3
94,21528,12.8
94,112743,12.7
94,90842,7.7
94,90206,14.5
94,120460,8.6
94,88573,7.3
94,90544,12.0
94,65130,10.0
94,47950,12.3
94,5795,7.0
94,78923,12.3
94,103340,7.9
94,57010,8.1
94,51633,9.1
94,118319,7.8
94,42114,18.0
94,118972,9.5
94,16986,9.8
95,81485,303.7
95,88711,312.1
95,100319,373.3
95,16923,367.2
95,50165,334.1
95,50662,299.9
95,60404,340.4
95,33510,336.1
95,117148,311.4
95,36466,346.5
95,118313,343.4
95,38725,337.3
95,46738,339.8
95,121319,358.2
95,87570,320.7
95,100647,298.4
95,102734,320.6
95,284,344.9
95,85446,374.2
95,71885,336.4
95,75738,307.7
95,61104,334.9
95,78543,326.6
95,102664,334.5
95,47566,335.0
95,53018,350.3
95,10419,314.6
95,114780,242.1
95,15744,335.0
95,114770,219.2
95,101252,314.7
95,75134,307.9
95,21528,305.0
95,112743,318.2
95,90842,297.8
95,90206,334.3
95,120460,341.3
95,88573,339.2
95,90544,366.5
95,65130,288.8
95,47950,327.8
95,5795,311.4
95,78923,338.2
95,103340,336.0
95,57010,310.6
95,51633,337.2
95,118319,278.8
95,42114,363.5
95,118972,352.8
95,16986,358.4
96,81485,83.9
96,88711,84.4
96,100319,77.3
96,16923,63.4
96,50165,96.7
96,50662,26.3
96,60404,95.3
96,33510,109.2
96,117148,89.9
96,36466,81.6
96,118313,100.3
96,38725,79.8
96,46738,67.3
96,121319,99.2
96,87570,78.8
96,100647,98.2
96,102734,118.5
96,284,74.5
96,85446,80.8
96,71885,102.3
96,75738,80.7
96,61104,101.4
96,78543,78.1
96,102664,96.7
96,47566,81.2
96,53018,76.1
96,10419,75.3
96,114780,27.1
96,15744,64.0
96,114770,21.9
96,101252,37.1
96,75134,71.1
96,21528,77.4
96,112743,73.4
96,90842,44.4
96,90206,68.4
96,120460,47.3
96,88573,68.4
96,90544,86.7
96,65130,82.6
96,47950,107.3
96,5795,78.3
96,78923,77.4
96,103340,89.6
96,57010,92.2
96,51633,78.0
96,118319,71.0
96,42114,96.7
96,118972,93.7
96,16986,68.3
97,81485,2.7
97,88711,2.0
97,100319,2.0
97,16923,2.3
97,50165,1.7
97,50662,1.9
97,60404,2.0
97,33510,2.0
97,117148,2.1
97,36466,1.8
97,118313,1.6
97,38725,1.3
97,46738,1.9
97,121319,3.0
97,87570,2.1
97,100647,1.4
97,102734,2.3
97,284,1.3
97,85446,2.0
97,71885,1.3
97,75738,2.1
97,61104,1.4
97,78543,0.7
97,102664,1.8
97,47566,1.0
97,53018,1.0
97,10419,1.3
97,114780,1.2
97,15744,1.2
97,114770,1.3
97,101252,1.5
97,75134,1.8
97,21528,1.4
97,112743,1.9
97,90842,0.9
97,90206,1.5
97,120460,1.2
97,88573,1.9
97,90544,1.0
97,65130,1.0
97,47950,2.0
97,5795,0.8
97,78923,1.3
97,103340,1.3
97,57010,0.7
97,51633,1.4
97,118319,1.3
97,42114,1.1
97,118972,2.0
97,16986,1.2
98,81485,51.3
98,88711,33.1
98,100319,45.0
98,16923,43.8
98,50165,40.6
98,50662,15.0
98,60404,41.3
98,33510,28.0
98,117148,50.4
98,36466,31.3
98,118313,45.8
98,38725,44.4
98,46738,27.3
98,121319,52.0
98,87570,32.8
98,100647,41.8
98,102734,35.3
98,284,30.6
98,85446,24.7
98,71885,41.5
98,75738,27.4
98,61104,44.9
98,78543,30.6
98,102664,48.9
98,47566,38.2
98,53018,34.2
98,10419,33.6
98,114780,15.3
98,15744,30.2
98,114770,13.0
98,101252,21.9
98,75134,25.2
98,21528,28.2
98,112743,37.0
98,90842,11.2
98,90206,24.2
98,120460,29.0
98,88573,26.7
98,90544,26.1
98,65130,29.0
98,47950,24.6
98,5795,38.7
98,78923,35.4
98,103340,33.3
98,57010,45.8
98,51633,28.8
98,118319,40.6
98,42114,27.4
98,118972,40.1
98,16986,23.4
99,81485,269.8
99,88711,279.7
99,100319,345.7
99,16923,290.5
99,50165,299.4
99,50662,202.9
99,60404,318.4
99,33510,297.0
99,117148,321.5
99,36466,321.7
99,118313,264.8
99,38725,271.9
99,46738,236.7
99,121319,310.3
99,87570,266.4
99,100647,255.8
99,102734,260.2
99,284,293.9
99,85446,318.1
99,71885,302.4
99,75738,300.9
99,61104,293.8
99,78543,296.5
99,102664,266.7
99,47566,294.9
99,53018,275.4
99,10419,267.0
99,114780,196.6
99,15744,281.1
99,114770,221.5
99,101252,267.6
99,75134,317.6
99,21528,268.3
99,112743,305.7
99,90842,247.4
99,90206,273.2
99,120460,266.9
99,88573,310.6
99,90544,274.3
99,65130,289.2
99,47950,279.0
99,5795,314.3
99,78923,302.5
99,103340,274.4
99,57010,276.6
99,51633,284.1
99,118319,288.3
99,42114,295.8
99,118972,289.9
99,16986,271.6
