0,46246,592.8
0,83355,846.6
0,75807,366.4
0,15792,533.8
0,38223,125.3
0,70116,357.9
0,76272,655.5
0,70086,139.7
0,69667,248.8
0,69322,588.4
0,61392,728.4
0,60597,491.2
0,90143,226.4
0,78593,532.9
0,43834,953.9
0,81210,415.8
0,55684,365.8
0,14994,188.7
0,78912,1001.4
0,59883,126.7
0,60143,815.7
0,74530,799.3
0,59978,123.7
0,51569,255.4
0,78966,246.4
0,56130,154.8
0,59530,289.9
0,28470,1110.2
0,89724,865.5
0,61616,309.8
0,42550,325.2
0,51519,506.9
0,70607,363.7
0,53844,924.5
0,75432,43.1
0,50822,501.7
0,19309,1032.8
0,56651,643.0
0,57698,607.7
0,32028,819.5
0,56344,321.6
0,78370,565.3
0,74026,722.7
0,17725,492.7
0,24347,449.0
0,14878,21.4
0,58826,387.4
0,74529,172.1
0,78972,257.9
0,44966,841.2
1,46246,13.9
1,83355,13.6
1,75807,13.6
1,15792,11.1
1,38223,12.3
1,70116,27.1
1,76272,11.9
1,70086,14.0
1,69667,8.0
1,69322,15.6
1,61392,16.5
1,60597,11.3
1,90143,9.8
1,78593,10.4
1,43834,14.3
1,81210,18.8
1,55684,12.2
1,14994,10.1
1,78912,12.2
1,59883,9.5
1,60143,17.3
1,74530,16.9
1,59978,9.3
1,51569,11.2
1,78966,13.4
1,56130,9.5
1,59530,10.1
1,28470,23.1
1,89724,10.1
1,61616,9.3
1,42550,17.5
1,51519,17.0
1,70607,9.4
1,53844,21.7
1,75432,12.0
1,50822,9.4
1,19309,15.6
1,56651,8.2
1,57698,22.8
1,32028,14.0
1,56344,15.7
1,78370,18.8
1,74026,28.7
1,17725,8.7
1,24347,20.0
1,14878,11.8
1,58826,9.3
1,74529,9.7
1,78972,18.2
1,44966,23.6
2,46246,447.2
2,83355,239.6
2,75807,111.3
2,15792,119.3
2,38223,317.7
2,70116,209.2
2,76272,268.7
2,70086,117.1
2,69667,102.2
2,69322,426.9
2,61392,499.9
2,60597,256.6
2,90143,291.5
2,78593,348.4
2,43834,358.0
2,81210,142.9
2,55684,306.5
2,14994,116.6
2,78912,459.8
2,59883,210.0
2,60143,300.1
2,74530,573.6
2,59978,21.9
2,51569,479.3
2,78966,100.5
2,56130,204.7
2,59530,193.3
2,28470,537.6
2,89724,329.9
2,61616,561.5
2,42550,326.6
2,51519,215.7
2,70607,213.0
2,53844,521.0
2,75432,148.9
2,50822,281.2
2,19309,515.3
2,56651,183.2
2,57698,318.8
2,32028,378.8
2,56344,306.3
2,78370,483.3
2,74026,547.6
2,17725,119.7
2,24347,502.5
2,14878,108.5
2,58826,153.2
2,74529,201.3
2,78972,130.8
2,44966,123.2
3,46246,12.0
3,83355,8.6
3,75807,10.7
3,15792,9.3
3,38223,10.1
3,70116,8.1
3,76272,12.1
3,70086,9.7
3,69667,7.7
3,69322,8.8
3,61392,14.8
3,60597,8.6
3,90143,12.2
3,78593,6.8
3,43834,5.3
3,81210,7.4
3,55684,13.4
3,14994,5.3
3,78912,11.3
3,59883,6.7
3,60143,6.7
3,74530,8.4
3,59978,5.7
3,51569,7.6
3,78966,9.0
3,56130,9.1
3,59530,7.2
3,28470,17.3
3,89724,7.3
3,61616,7.9
3,42550,9.3
3,51519,6.6
3,70607,7.8
3,53844,6.6
3,75432,6.7
3,50822,7.4
3,19309,10.2
3,56651,6.0
3,57698,8.0
3,32028,12.6
3,56344,6.6
3,78370,11.2
3,74026,9.8
3,17725,6.8
3,24347,14.2
3,14878,5.8
3,58826,10.4
3,74529,5.8
3,78972,5.8
3,44966,15.1
4,46246,218.7
4,83355,194.2
4,75807,297.8
4,15792,46.4
4,38223,216.9
4,70116,197.1
4,76272,241.5
4,70086,117.0
4,69667,146.3
4,69322,132.1
4,61392,403.4
4,60597,184.5
4,90143,29.1
4,78593,92.6
4,43834,332.3
4,81210,169.8
4,55684,249.7
4,14994,35.7
4,78912,490.6
4,59883,29.1
4,60143,245.6
4,74530,214.3
4,59978,88.1
4,51569,184.6
4,78966,40.7
4,56130,20.0
4,59530,156.6
4,28470,469.9
4,89724,286.0
4,61616,149.9
4,42550,29.2
4,51519,199.3
4,70607,30.5
4,53844,394.5
4,75432,31.5
4,50822,38.4
4,19309,419.2
4,56651,79.3
4,57698,262.7
4,32028,216.6
4,56344,73.7
4,78370,208.3
4,74026,255.9
4,17725,26.5
4,24347,274.5
4,14878,159.9
4,58826,218.8
4,74529,149.4
4,78972,77.4
4,44966,198.8
5,46246,604.7
5,83355,614.0
5,75807,289.0
5,15792,568.6
5,38223,492.4
5,70116,450.8
5,76272,623.5
5,70086,534.7
5,69667,40.9
5,69322,727.7
5,61392,760.7
5,60597,485.7
5,90143,420.7
5,78593,247.7
5,43834,507.6
5,81210,796.5
5,55684,309.2
5,14994,441.6
5,78912,875.7
5,59883,28.7
5,60143,472.3
5,74530,953.4
5,59978,138.1
5,51569,654.9
5,78966,397.2
5,56130,36.6
5,59530,530.7
5,28470,752.6
5,89724,548.8
5,61616,642.3
5,42550,529.9
5,51519,543.7
5,70607,144.0
5,53844,1094.3
5,75432,277.2
5,50822,264.8
5,19309,920.9
5,56651,443.0
5,57698,1014.6
5,32028,854.8
5,56344,420.6
5,78370,1016.9
5,74026,371.4
5,17725,155.8
5,24347,1142.2
5,14878,25.5
5,58826,266.0
5,74529,136.2
5,78972,396.9
5,44966,342.6
6,46246,160.0
6,83355,106.6
6,75807,85.4
6,15792,46.5
6,38223,56.6
6,70116,55.4
6,76272,118.5
6,70086,31.3
6,69667,16.2
6,69322,138.2
6,61392,100.7
6,60597,20.3
6,90143,35.1
6,78593,79.9
6,43834,127.7
6,81210,53.8
6,55684,50.7
6,14994,33.2
6,78912,152.1
6,59883,74.3
6,60143,21.5
6,74530,214.0
6,59978,44.6
6,51569,187.3
6,78966,39.5
6,56130,22.9
6,59530,24.3
6,28470,215.0
6,89724,143.9
6,61616,118.5
6,42550,74.4
6,51519,73.8
6,70607,78.6
6,53844,191.9
6,75432,19.3
6,50822,20.1
6,19309,205.4
6,56651,22.3
6,57698,167.1
6,32028,87.3
6,56344,151.7
6,78370,171.7
6,74026,58.2
6,17725,50.9
6,24347,150.2
6,14878,15.4
6,58826,27.8
6,74529,56.4
6,78972,69.1
6,44966,116.5
7,46246,177.5
7,83355,90.8
7,75807,39.3
7,15792,43.0
7,38223,65.1
7,70116,96.8
7,76272,93.0
7,70086,142.3
7,69667,18.2
7,69322,32.6
7,61392,122.4
7,60597,27.9
7,90143,46.3
7,78593,98.4
7,43834,103.4
7,81210,58.5
7,55684,29.0
7,14994,22.4
7,78912,216.0
7,59883,16.1
7,60143,154.5
7,74530,122.1
7,59978,16.1
7,51569,33.0
7,78966,67.4
7,56130,19.3
7,59530,22.2
7,28470,154.1
7,89724,89.3
7,61616,38.6
7,42550,85.0
7,51519,30.1
7,70607,15.0
7,53844,145.0
7,75432,54.4
7,50822,19.6
7,19309,155.7
7,56651,51.5
7,57698,61.5
7,32028,74.1
7,56344,22.7
7,78370,94.9
7,74026,100.6
7,17725,37.3
7,24347,74.9
7,14878,21.6
7,58826,37.6
7,74529,26.3
7,78972,68.0
7,44966,38.5
8,46246,581.7
8,83355,381.3
8,75807,169.7
8,15792,419.0
8,38223,297.9
8,70116,841.3
8,76272,619.1
8,70086,267.8
8,69667,262.2
8,69322,469.3
8,61392,748.2
8,60597,527.4
8,90143,27.7
8,78593,398.8
8,43834,719.2
8,81210,252.0
8,55684,589.7
8,14994,81.6
8,78912,598.2
8,59883,28.3
8,60143,204.4
8,74530,745.6
8,59978,29.9
8,51569,548.5
8,78966,262.4
8,56130,103.1
8,59530,329.7
8,28470,522.2
8,89724,659.5
8,61616,269.1
8,42550,430.3
8,51519,601.7
8,70607,103.1
8,53844,673.4
8,75432,163.3
8,50822,141.5
8,19309,1003.0
8,56651,120.0
8,57698,552.9
8,32028,579.5
8,56344,231.8
8,78370,727.7
8,74026,344.5
8,17725,221.5
8,24347,364.8
8,14878,19.2
8,58826,256.9
8,74529,358.0
8,78972,351.4
8,44966,464.4
9,46246,0.7
9,83355,1.2
9,75807,0.7
9,15792,1.0
9,38223,0.9
9,70116,0.8
9,76272,0.7
9,70086,0.7
9,69667,1.1
9,69322,0.7
9,61392,0.4
9,60597,0.7
9,90143,0.6
9,78593,0.8
9,43834,0.6
9,81210,0.6
9,55684,0.9
9,14994,0.7
9,78912,0.6
9,59883,0.7
9,60143,0.4
9,74530,0.7
9,59978,1.6
9,51569,1.3
9,78966,1.0
9,56130,1.4
9,59530,0.8
9,28470,1.0
9,89724,0.5
9,61616,0.6
9,42550,0.9
9,51519,0.8
9,70607,0.8
9,53844,0.7
9,75432,1.1
9,50822,0.4
9,19309,1.2
9,56651,0.6
9,57698,0.9
9,32028,0.5
9,56344,0.8
9,78370,0.5
9,74026,1.4
9,17725,0.3
9,24347,0.9
9,14878,0.5
9,58826,1.0
9,74529,0.5
9,78972,0.7
9,44966,0.6
10,46246,7.5
10,83355,9.2
10,75807,7.2
10,15792,9.5
10,38223,6.4
10,70116,7.4
10,76272,10.5
10,70086,6.3
10,69667,5.4
10,69322,6.7
10,61392,12.0
10,60597,7.3
10,90143,7.8
10,78593,8.7
10,43834,8.4
10,81210,6.7
10,55684,4.7
10,14994,7.4
10,78912,7.1
10,59883,6.1
10,60143,7.2
10,74530,8.3
10,59978,4.2
10,51569,6.2
10,78966,7.2
10,56130,8.0
10,59530,5.6
10,28470,10.5
10,89724,4.3
10,61616,5.2
10,42550,6.9
10,51519,5.9
10,70607,5.1
10,53844,7.5
10,75432,6.4
10,50822,6.6
10,19309,7.9
10,56651,5.8
10,57698,6.4
10,32028,5.3
10,56344,7.0
10,78370,6.6
10,74026,4.3
10,17725,5.3
10,24347,10.5
10,14878,6.3
10,58826,5.2
10,74529,5.9
10,78972,5.4
10,44966,5.1
11,46246,1721.9
11,83355,1150.2
11,75807,551.7
11,15792,976.1
11,38223,561.8
11,70116,721.7
11,76272,777.8
11,70086,761.9
11,69667,357.2
11,69322,919.8
11,61392,944.9
11,60597,912.0
11,90143,516.7
11,78593,280.6
11,43834,1005.0
11,81210,795.2
11,55684,1034.8
11,14994,389.8
11,78912,1609.0
11,59883,172.3
11,60143,1031.9
11,74530,1430.9
11,59978,371.7
11,51569,1079.2
11,78966,865.2
11,56130,361.0
11,59530,694.3
11,28470,1643.6
11,89724,1128.1
11,61616,639.4
11,42550,1077.4
11,51519,936.2
11,70607,524.7
11,53844,1652.3
11,75432,589.2
11,50822,683.3
11,19309,1704.9
11,56651,725.0
11,57698,1544.5
11,32028,1144.0
11,56344,1432.1
11,78370,1032.9
11,74026,1166.5
11,17725,519.7
11,24347,1194.8
11,14878,21.5
11,58826,837.1
11,74529,228.2
11,78972,751.4
11,44966,1068.2
12,46246,9.9
12,83355,8.4
12,75807,6.8
12,15792,6.9
12,38223,9.0
12,70116,8.9
12,76272,4.8
12,70086,7.5
12,69667,4.8
12,69322,7.2
12,61392,8.7
12,60597,8.9
12,90143,7.2
12,78593,4.7
12,43834,4.5
12,81210,5.5
12,55684,7.0
12,14994,5.5
12,78912,7.5
12,59883,4.2
12,60143,4.5
12,74530,10.2
12,59978,6.2
12,51569,5.3
12,78966,5.3
12,56130,5.3
12,59530,5.1
12,28470,5.3
12,89724,7.3
12,61616,4.4
12,42550,6.9
12,51519,5.6
12,70607,6.6
12,53844,13.3
12,75432,7.4
12,50822,6.1
12,19309,8.7
12,56651,4.1
12,57698,4.9
12,32028,8.1
12,56344,4.3
12,78370,6.6
12,74026,6.2
12,17725,5.5
12,24347,10.4
12,14878,4.0
12,58826,5.0
12,74529,4.6
12,78972,6.4
12,44966,5.6
13,46246,24.9
13,83355,39.7
13,75807,19.7
13,15792,29.1
13,38223,14.7
13,70116,15.7
13,76272,22.8
13,70086,38.9
13,69667,15.7
13,69322,26.1
13,61392,36.0
13,60597,18.0
13,90143,15.0
13,78593,13.6
13,43834,37.0
13,81210,20.6
13,55684,17.7
13,14994,13.7
13,78912,27.4
13,59883,39.2
13,60143,37.4
13,74530,39.5
13,59978,10.2
13,51569,34.7
13,78966,28.5
13,56130,14.4
13,59530,19.6
13,28470,35.3
13,89724,10.5
13,61616,11.8
13,42550,18.6
13,51519,14.6
13,70607,10.6
13,53844,18.3
13,75432,12.6
13,50822,27.7
13,19309,42.6
13,56651,10.7
13,57698,52.4
13,32028,21.5
13,56344,22.7
13,78370,22.5
13,74026,35.6
13,17725,19.8
13,24347,36.4
13,14878,13.1
13,58826,24.0
13,74529,28.9
13,78972,13.2
13,44966,16.8
14,46246,1961.1
14,83355,2135.9
14,75807,2018.0
14,15792,1407.8
14,38223,1439.4
14,70116,1366.3
14,76272,1740.9
14,70086,1302.4
14,69667,1019.9
14,69322,1763.6
14,61392,1856.6
14,60597,1563.8
14,90143,487.1
14,78593,1648.1
14,43834,2250.8
14,81210,1135.5
14,55684,1193.0
14,14994,1208.3
14,78912,1546.1
14,59883,458.4
14,60143,1594.0
14,74530,1592.0
14,59978,657.5
14,51569,1398.0
14,78966,758.6
14,56130,740.4
14,59530,1017.2
14,28470,2221.3
14,89724,1177.6
14,61616,1447.3
14,42550,715.4
14,51519,1002.7
14,70607,930.2
14,53844,2385.9
14,75432,909.8
14,50822,1003.1
14,19309,2121.4
14,56651,1740.4
14,57698,1360.7
14,32028,1935.4
14,56344,1251.3
14,78370,2465.8
14,74026,1707.1
14,17725,786.2
14,24347,1991.1
14,14878,26.3
14,58826,1649.1
14,74529,568.6
14,78972,601.8
14,44966,2023.7
15,46246,18.1
15,83355,16.3
15,75807,9.0
15,15792,13.2
15,38223,10.2
15,70116,13.6
15,76272,10.8
15,70086,8.3
15,69667,9.2
15,69322,12.7
15,61392,14.0
15,60597,7.8
15,90143,9.0
15,78593,10.1
15,43834,17.3
15,81210,10.8
15,55684,8.8
15,14994,7.7
15,78912,9.6
15,59883,8.8
15,60143,14.8
15,74530,13.7
15,59978,7.9
15,51569,11.4
15,78966,7.8
15,56130,11.1
15,59530,25.8
15,28470,14.4
15,89724,10.5
15,61616,8.0
15,42550,7.1
15,51519,10.1
15,70607,12.2
15,53844,15.9
15,75432,6.4
15,50822,12.0
15,19309,15.8
15,56651,9.6
15,57698,8.6
15,32028,13.5
15,56344,10.2
15,78370,10.3
15,74026,8.6
15,17725,8.2
15,24347,20.0
15,14878,7.5
15,58826,8.1
15,74529,7.2
15,78972,18.1
15,44966,10.5
16,46246,3.5
16,83355,2.7
16,75807,2.0
16,15792,1.4
16,38223,3.4
16,70116,2.0
16,76272,3.2
16,70086,2.6
16,69667,1.7
16,69322,1.0
16,61392,1.8
16,60597,1.8
16,90143,2.0
16,78593,1.9
16,43834,3.0
16,81210,1.4
16,55684,2.5
16,14994,1.5
16,78912,2.0
16,59883,2.0
16,60143,2.4
16,74530,2.8
16,59978,2.2
16,51569,1.9
16,78966,1.5
16,56130,1.4
16,59530,2.3
16,28470,2.2
16,89724,2.2
16,61616,2.7
16,42550,1.4
16,51519,1.5
16,70607,1.9
16,53844,2.6
16,75432,2.4
16,50822,1.9
16,19309,1.6
16,56651,1.7
16,57698,2.0
16,32028,1.3
16,56344,1.4
16,78370,1.8
16,74026,1.7
16,17725,2.2
16,24347,1.6
16,14878,2.1
16,58826,1.9
16,74529,1.9
16,78972,2.4
16,44966,2.3
17,46246,12.4
17,83355,8.4
17,75807,10.3
17,15792,9.2
17,38223,7.1
17,70116,11.4
17,76272,10.1
17,70086,8.4
17,69667,7.8
17,69322,6.7
17,61392,10.6
17,60597,8.9
17,90143,6.5
17,78593,6.1
17,43834,8.2
17,81210,9.4
17,55684,6.6
17,14994,5.3
17,78912,5.7
17,59883,5.5
17,60143,7.0
17,74530,5.2
17,59978,6.4
17,51569,4.9
17,78966,4.9
17,56130,7.0
17,59530,10.3
17,28470,11.4
17,89724,6.8
17,61616,5.8
17,42550,6.3
17,51519,10.5
17,70607,7.7
17,53844,13.2
17,75432,5.6
17,50822,7.5
17,19309,10.1
17,56651,7.4
17,57698,9.9
17,32028,10.3
17,56344,6.0
17,78370,7.7
17,74026,12.6
17,17725,7.2
17,24347,13.8
17,14878,5.5
17,58826,5.8
17,74529,5.8
17,78972,7.9
17,44966,9.2
18,46246,4.5
18,83355,6.2
18,75807,3.3
18,15792,4.2
18,38223,3.5
18,70116,3.2
18,76272,2.3
18,70086,3.1
18,69667,3.4
18,69322,4.3
18,61392,3.4
18,60597,4.0
18,90143,2.2
18,78593,4.0
18,43834,2.8
18,81210,3.3
18,55684,2.4
18,14994,3.4
18,78912,5.5
18,59883,2.7
18,60143,2.3
18,74530,3.7
18,59978,2.3
18,51569,2.7
18,78966,3.5
18,56130,3.3
18,59530,3.6
18,28470,2.4
18,89724,2.3
18,61616,2.1
18,42550,3.3
18,51519,4.2
18,70607,2.9
18,53844,3.0
18,75432,3.8
18,50822,3.1
18,19309,2.8
18,56651,3.0
18,57698,4.2
18,32028,3.4
18,56344,3.5
18,78370,3.5
18,74026,2.7
18,17725,3.4
18,24347,4.3
18,14878,2.7
18,58826,2.6
18,74529,3.3
18,78972,3.8
18,44966,3.3
19,46246,1.0
19,83355,1.3
19,75807,1.5
19,15792,1.5
19,38223,1.6
19,70116,2.5
19,76272,1.5
19,70086,0.8
19,69667,1.1
19,69322,1.5
19,61392,1.6
19,60597,1.1
19,90143,0.6
19,78593,0.4
19,43834,1.2
19,81210,0.8
19,55684,1.1
19,14994,1.1
19,78912,1.1
19,59883,1.1
19,60143,1.2
19,74530,1.4
19,59978,0.3
19,51569,0.9
19,78966,0.7
19,56130,0.8
19,59530,1.8
19,28470,1.8
19,89724,0.6
19,61616,1.1
19,42550,1.6
19,51519,1.3
19,70607,1.8
19,53844,0.4
19,75432,0.6
19,50822,1.0
19,19309,1.2
19,56651,1.0
19,57698,1.0
19,32028,1.3
19,56344,0.9
19,78370,0.7
19,74026,1.0
19,17725,0.7
19,24347,2.3
19,14878,0.9
19,58826,1.0
19,74529,1.1
19,78972,0.4
19,44966,0.9
20,46246,539.7
20,83355,677.1
20,75807,237.9
20,15792,159.4
20,38223,298.5
20,70116,276.8
20,76272,538.7
20,70086,119.7
20,69667,156.1
20,69322,601.4
20,61392,390.0
20,60597,301.5
20,90143,117.9
20,78593,255.3
20,43834,517.2
20,81210,128.3
20,55684,395.5
20,14994,184.2
20,78912,606.3
20,59883,120.8
20,60143,344.0
20,74530,798.9
20,59978,21.1
20,51569,565.2
20,78966,436.2
20,56130,147.7
20,59530,222.3
20,28470,695.7
20,89724,643.6
20,61616,330.2
20,42550,447.2
20,51519,531.0
20,70607,298.9
20,53844,648.9
20,75432,156.3
20,50822,126.1
20,19309,741.5
20,56651,116.7
20,57698,188.6
20,32028,664.0
20,56344,328.6
20,78370,372.3
20,74026,483.1
20,17725,184.6
20,24347,508.8
20,14878,57.7
20,58826,228.9
20,74529,394.5
20,78972,30.7
20,44966,181.8
21,46246,46.0
21,83355,100.1
21,75807,118.7
21,15792,44.4
21,38223,112.3
21,70116,29.6
21,76272,43.9
21,70086,20.5
21,69667,52.7
21,69322,93.9
21,61392,55.7
21,60597,69.5
21,90143,45.9
21,78593,67.1
21,43834,67.8
21,81210,28.3
21,55684,125.8
21,14994,15.6
21,78912,131.3
21,59883,18.9
21,60143,55.1
21,74530,85.3
21,59978,63.6
21,51569,75.1
21,78966,17.9
21,56130,49.8
21,59530,64.9
21,28470,199.4
21,89724,67.2
21,61616,25.4
21,42550,74.2
21,51519,128.5
21,70607,17.1
21,53844,135.7
21,75432,22.9
21,50822,20.3
21,19309,101.9
21,56651,129.1
21,57698,75.6
21,32028,69.5
21,56344,51.0
21,78370,57.9
21,74026,89.4
21,17725,17.8
21,24347,128.6
21,14878,16.1
21,58826,116.2
21,74529,68.0
21,78972,73.7
21,44966,87.8
22,46246,447.7
22,83355,1027.8
22,75807,267.6
22,15792,181.2
22,38223,257.2
22,70116,313.0
22,76272,645.3
22,70086,412.7
22,69667,26.3
22,69322,843.3
22,61392,662.2
22,60597,600.9
22,90143,24.8
22,78593,526.5
22,43834,961.5
22,81210,400.0
22,55684,777.9
22,14994,44.2
22,78912,759.2
22,59883,132.2
22,60143,591.9
22,74530,1060.6
22,59978,23.4
22,51569,621.8
22,78966,314.2
22,56130,23.6
22,59530,314.6
22,28470,1025.8
22,89724,810.0
22,61616,104.8
22,42550,162.3
22,51519,621.2
22,70607,171.4
22,53844,767.5
22,75432,122.9
22,50822,315.0
22,19309,1237.8
22,56651,379.1
22,57698,362.7
22,32028,611.4
22,56344,116.8
22,78370,520.8
22,74026,804.8
22,17725,422.7
22,24347,1071.9
22,14878,146.2
22,58826,510.3
22,74529,167.2
22,78972,444.1
22,44966,875.1
23,46246,27.5
23,83355,21.6
23,75807,14.8
23,15792,17.7
23,38223,23.7
23,70116,18.6
23,76272,37.9
23,70086,15.5
23,69667,11.3
23,69322,18.3
23,61392,25.1
23,60597,31.9
23,90143,28.8
23,78593,31.4
23,43834,34.7
23,81210,11.8
23,55684,19.7
23,14994,12.7
23,78912,20.9
23,59883,28.9
23,60143,13.8
23,74530,48.4
23,59978,10.9
23,51569,29.5
23,78966,22.2
23,56130,12.4
23,59530,16.4
23,28470,33.0
23,89724,15.7
23,61616,13.0
23,42550,18.2
23,51519,23.8
23,70607,14.2
23,53844,50.2
23,75432,19.3
23,50822,15.1
23,19309,37.3
23,56651,26.6
23,57698,15.5
23,32028,26.9
23,56344,13.8
23,78370,19.0
23,74026,17.0
23,17725,12.5
23,24347,33.9
23,14878,12.6
23,58826,11.5
23,74529,13.9
23,78972,20.2
23,44966,17.2
24,46246,5.9
24,83355,3.9
24,75807,3.2
24,15792,3.3
24,38223,4.7
24,70116,5.0
24,76272,4.0
24,70086,3.7
24,69667,3.6
24,69322,2.6
24,61392,3.3
24,60597,2.4
24,90143,2.4
24,78593,4.5
24,43834,4.0
24,81210,6.0
24,55684,2.1
24,14994,2.5
24,78912,2.7
24,59883,2.8
24,60143,4.3
24,74530,3.6
24,59978,3.9
24,51569,3.9
24,78966,3.7
24,56130,2.8
24,59530,2.2
24,28470,3.3
24,89724,4.5
24,61616,2.9
24,42550,2.8
24,51519,3.6
24,70607,2.8
24,53844,3.5
24,75432,4.7
24,50822,3.8
24,19309,2.9
24,56651,2.8
24,57698,3.1
24,32028,4.0
24,56344,3.0
24,78370,2.8
24,74026,2.6
24,17725,3.5
24,24347,3.3
24,14878,2.3
24,58826,2.9
24,74529,3.4
24,78972,4.0
24,44966,3.0
25,46246,11.9
25,83355,11.0
25,75807,7.8
25,15792,9.2
25,38223,10.4
25,70116,12.5
25,76272,9.4
25,70086,7.5
25,69667,8.8
25,69322,16.3
25,61392,10.7
25,60597,14.2
25,90143,6.8
25,78593,6.9
25,43834,15.4
25,81210,8.3
25,55684,8.5
25,14994,7.5
25,78912,12.6
25,59883,8.0
25,60143,12.7
25,74530,18.9
25,59978,8.0
25,51569,9.2
25,78966,5.6
25,56130,10.9
25,59530,7.4
25,28470,17.7
25,89724,9.3
25,61616,7.0
25,42550,8.9
25,51519,8.4
25,70607,11.5
25,53844,11.8
25,75432,10.4
25,50822,7.7
25,19309,14.5
25,56651,8.8
25,57698,7.6
25,32028,12.1
25,56344,8.1
25,78370,9.2
25,74026,6.6
25,17725,7.4
25,24347,21.7
25,14878,6.3
25,58826,8.5
25,74529,11.7
25,78972,8.7
25,44966,8.2
26,46246,769.7
26,83355,336.3
26,75807,370.7
26,15792,487.8
26,38223,313.3
26,70116,513.5
26,76272,612.6
26,70086,534.2
26,69667,128.8
26,69322,491.4
26,61392,582.1
26,60597,213.2
26,90143,380.4
26,78593,376.9
26,43834,789.2
26,81210,937.1
26,55684,577.5
26,14994,30.5
26,78912,1015.6
26,59883,28.4
26,60143,497.4
26,74530,777.3
26,59978,232.6
26,51569,431.6
26,78966,412.8
26,56130,28.7
26,59530,296.4
26,28470,936.1
26,89724,185.8
26,61616,321.9
26,42550,166.3
26,51519,350.1
26,70607,421.0
26,53844,1068.6
26,75432,473.6
26,50822,728.3
26,19309,944.0
26,56651,467.6
26,57698,295.4
26,32028,499.3
26,56344,191.3
26,78370,623.0
26,74026,467.5
26,17725,120.6
26,24347,450.8
26,14878,20.7
26,58826,236.9
26,74529,368.8
26,78972,309.2
26,44966,718.6
27,46246,63.3
27,83355,171.2
27,75807,122.2
27,15792,125.4
27,38223,149.8
27,70116,101.3
27,76272,188.3
27,70086,90.6
27,69667,181.8
27,69322,167.0
27,61392,325.5
27,60597,21.6
27,90143,121.1
27,78593,130.3
27,43834,168.2
27,81210,160.2
27,55684,195.5
27,14994,19.9
27,78912,122.6
27,59883,27.3
27,60143,190.6
27,74530,154.5
27,59978,87.6
27,51569,174.2
27,78966,77.6
27,56130,31.2
27,59530,51.4
27,28470,308.8
27,89724,162.8
27,61616,22.6
27,42550,25.1
27,51519,159.1
27,70607,107.3
27,53844,478.5
27,75432,62.2
27,50822,72.2
27,19309,206.4
27,56651,108.9
27,57698,50.5
27,32028,176.0
27,56344,193.1
27,78370,78.9
27,74026,83.5
27,17725,35.1
27,24347,119.8
27,14878,59.5
27,58826,199.2
27,74529,148.3
27,78972,22.1
27,44966,49.5
28,46246,551.4
28,83355,207.8
28,75807,181.8
28,15792,266.1
28,38223,356.1
28,70116,708.8
28,76272,210.3
28,70086,165.9
28,69667,220.8
28,69322,639.5
28,61392,490.9
28,60597,190.8
28,90143,226.4
28,78593,434.5
28,43834,418.3
28,81210,285.9
28,55684,176.5
28,14994,102.9
28,78912,728.6
28,59883,34.5
28,60143,412.1
28,74530,298.8
28,59978,25.7
28,51569,347.9
28,78966,41.7
28,56130,136.4
28,59530,346.7
28,28470,458.3
28,89724,305.2
28,61616,277.1
28,42550,213.0
28,51519,468.9
28,70607,235.2
28,53844,620.8
28,75432,192.9
28,50822,456.4
28,19309,560.1
28,56651,88.8
28,57698,236.6
28,32028,341.9
28,56344,392.1
28,78370,231.1
28,74026,665.4
28,17725,298.5
28,24347,632.4
28,14878,126.6
28,58826,385.9
28,74529,115.1
28,78972,304.9
28,44966,601.4
29,46246,4.7
29,83355,3.6
29,75807,2.5
29,15792,3.5
29,38223,4.0
29,70116,3.6
29,76272,4.3
29,70086,2.4
29,69667,3.6
29,69322,2.0
29,61392,4.0
29,60597,3.3
29,90143,3.8
29,78593,4.2
29,43834,3.0
29,81210,2.5
29,55684,3.1
29,14994,3.7
29,78912,3.4
29,59883,4.1
29,60143,4.3
29,74530,4.2
29,59978,3.3
29,51569,6.0
29,78966,2.1
29,56130,3.6
29,59530,3.3
29,28470,3.8
29,89724,3.5
29,61616,3.0
29,42550,3.8
29,51519,3.8
29,70607,2.9
29,53844,3.8
29,75432,3.4
29,50822,2.8
29,19309,3.1
29,56651,3.1
29,57698,2.9
29,32028,2.6
29,56344,3.2
29,78370,4.7
29,74026,3.2
29,17725,4.1
29,24347,3.8
29,14878,2.5
29,58826,3.4
29,74529,3.8
29,78972,3.1
29,44966,3.7
30,46246,38.8
30,83355,24.0
30,75807,17.0
30,15792,32.9
30,38223,19.9
30,70116,39.8
30,76272,30.2
30,70086,18.1
30,69667,14.3
30,69322,30.4
30,61392,30.6
30,60597,13.9
30,90143,17.5
30,78593,18.1
30,43834,25.7
30,81210,22.3
30,55684,16.1
30,14994,27.2
30,78912,56.4
30,59883,18.1
30,60143,11.4
30,74530,60.4
30,59978,25.1
30,51569,28.4
30,78966,14.2
30,56130,15.6
30,59530,15.0
30,28470,57.3
30,89724,11.7
30,61616,10.8
30,42550,16.3
30,51519,20.1
30,70607,11.2
30,53844,59.2
30,75432,14.3
30,50822,42.6
30,19309,40.9
30,56651,12.9
30,57698,34.0
30,32028,51.7
30,56344,18.4
30,78370,51.1
30,74026,28.4
30,17725,16.6
30,24347,41.7
30,14878,9.9
30,58826,9.9
30,74529,23.7
30,78972,16.8
30,44966,16.7
31,46246,17.7
31,83355,29.7
31,75807,15.6
31,15792,22.9
31,38223,15.9
31,70116,18.4
31,76272,15.1
31,70086,13.7
31,69667,12.8
31,69322,27.9
31,61392,18.6
31,60597,29.9
31,90143,15.0
31,78593,19.3
31,43834,25.6
31,81210,11.3
31,55684,26.1
31,14994,14.8
31,78912,18.3
31,59883,11.3
31,60143,17.9
31,74530,24.2
31,59978,11.3
31,51569,21.4
31,78966,15.9
31,56130,9.9
31,59530,20.6
31,28470,40.2
31,89724,9.6
31,61616,15.9
31,42550,12.4
31,51519,32.8
31,70607,11.1
31,53844,27.6
31,75432,14.0
31,50822,7.3
31,19309,24.4
31,56651,10.9
31,57698,18.1
31,32028,20.2
31,56344,12.8
31,78370,11.5
31,74026,22.8
31,17725,13.6
31,24347,20.9
31,14878,9.4
31,58826,14.4
31,74529,12.4
31,78972,14.1
31,44966,25.8
32,46246,23.5
32,83355,12.1
32,75807,24.4
32,15792,26.6
32,38223,18.9
32,70116,13.8
32,76272,9.6
32,70086,11.4
32,69667,8.7
32,69322,29.8
32,61392,19.2
32,60597,15.7
32,90143,13.8
32,78593,11.1
32,43834,27.1
32,81210,17.1
32,55684,17.9
32,14994,11.1
32,78912,19.7
32,59883,8.2
32,60143,21.6
32,74530,34.2
32,59978,9.9
32,51569,14.8
32,78966,12.0
32,56130,10.6
32,59530,14.3
32,28470,54.3
32,89724,15.2
32,61616,12.8
32,42550,13.0
32,51519,11.7
32,70607,10.0
32,53844,51.5
32,75432,14.3
32,50822,14.5
32,19309,17.7
32,56651,10.5
32,57698,29.6
32,32028,16.1
32,56344,14.7
32,78370,14.9
32,74026,18.8
32,17725,13.2
32,24347,27.4
32,14878,9.7
32,58826,7.4
32,74529,13.1
32,78972,12.8
32,44966,8.6
33,46246,10.8
33,83355,6.0
33,75807,10.9
33,15792,5.6
33,38223,8.6
33,70116,9.6
33,76272,7.4
33,70086,7.3
33,69667,5.0
33,69322,7.5
33,61392,4.7
33,60597,5.8
33,90143,8.9
33,78593,5.6
33,43834,7.6
33,81210,4.1
33,55684,7.8
33,14994,5.2
33,78912,5.3
33,59883,4.2
33,60143,6.8
33,74530,7.8
33,59978,5.7
33,51569,6.3
33,78966,4.8
33,56130,5.7
33,59530,5.9
33,28470,8.3
33,89724,7.1
33,61616,4.9
33,42550,6.7
33,51519,8.6
33,70607,5.2
33,53844,5.5
33,75432,5.1
33,50822,5.9
33,19309,7.5
33,56651,7.2
33,57698,8.0
33,32028,5.8
33,56344,5.7
33,78370,6.4
33,74026,5.4
33,17725,6.7
33,24347,10.8
33,14878,4.2
33,58826,7.2
33,74529,5.4
33,78972,6.3
33,44966,6.9
34,46246,29.4
34,83355,106.0
34,75807,68.2
34,15792,26.2
34,38223,35.4
34,70116,69.9
34,76272,81.4
34,70086,23.9
34,69667,18.0
34,69322,88.4
34,61392,54.1
34,60597,19.0
34,90143,41.9
34,78593,24.4
34,43834,104.8
34,81210,17.9
34,55684,65.0
34,14994,14.5
34,78912,87.3
34,59883,15.9
34,60143,25.1
34,74530,50.0
34,59978,18.5
34,51569,22.2
34,78966,25.1
34,56130,30.8
34,59530,31.2
34,28470,64.0
34,89724,60.3
34,61616,28.1
34,42550,28.4
34,51519,46.3
34,70607,19.3
34,53844,71.6
34,75432,16.2
34,50822,20.9
34,19309,62.6
34,56651,81.5
34,57698,37.1
34,32028,56.6
34,56344,51.3
34,78370,33.5
34,74026,82.5
34,17725,18.2
34,24347,84.0
34,14878,37.0
34,58826,56.4
34,74529,18.7
34,78972,15.7
34,44966,22.0
35,46246,356.2
35,83355,687.1
35,75807,37.3
35,15792,270.3
35,38223,535.0
35,70116,331.8
35,76272,304.6
35,70086,23.3
35,69667,229.9
35,69322,433.2
35,61392,801.7
35,60597,474.3
35,90143,378.5
35,78593,136.5
35,43834,679.8
35,81210,24.3
35,55684,327.5
35,14994,251.3
35,78912,858.2
35,59883,23.4
35,60143,502.9
35,74530,355.1
35,59978,192.3
35,51569,401.9
35,78966,269.7
35,56130,225.7
35,59530,30.5
35,28470,741.5
35,89724,39.2
35,61616,136.6
35,42550,327.2
35,51519,491.7
35,70607,392.4
35,53844,665.2
35,75432,203.1
35,50822,109.8
35,19309,419.8
35,56651,27.1
35,57698,481.8
35,32028,742.0
35,56344,386.8
35,78370,316.0
35,74026,297.5
35,17725,302.4
35,24347,116.9
35,14878,196.1
35,58826,570.6
35,74529,177.5
35,78972,122.6
35,44966,321.3
36,46246,52.2
36,83355,58.3
36,75807,28.1
36,15792,23.5
36,38223,38.6
36,70116,28.3
36,76272,51.9
36,70086,22.4
36,69667,35.6
36,69322,23.1
36,61392,24.1
36,60597,21.0
36,90143,34.1
36,78593,14.7
36,43834,30.4
36,81210,29.9
36,55684,64.9
36,14994,19.3
36,78912,34.3
36,59883,11.5
36,60143,65.7
36,74530,69.8
36,59978,17.3
36,51569,21.1
36,78966,42.2
36,56130,15.8
36,59530,16.8
36,28470,42.8
36,89724,16.2
36,61616,14.6
36,42550,17.3
36,51519,45.2
36,70607,13.7
36,53844,27.6
36,75432,46.1
36,50822,55.1
36,19309,45.9
36,56651,12.1
36,57698,25.3
36,32028,62.7
36,56344,35.9
36,78370,34.4
36,74026,23.0
36,17725,15.9
36,24347,55.0
36,14878,13.2
36,58826,48.2
36,74529,15.0
36,78972,25.2
36,44966,41.3
37,46246,9.8
37,83355,8.8
37,75807,7.4
37,15792,10.0
37,38223,7.9
37,70116,7.2
37,76272,9.8
37,70086,8.3
37,69667,7.5
37,69322,9.5
37,61392,7.0
37,60597,7.6
37,90143,8.0
37,78593,8.2
37,43834,8.5
37,81210,8.6
37,55684,10.5
37,14994,5.9
37,78912,10.2
37,59883,6.8
37,60143,10.6
37,74530,13.0
37,59978,4.9
37,51569,9.4
37,78966,7.7
37,56130,8.0
37,59530,8.9
37,28470,10.9
37,89724,9.3
37,61616,9.0
37,42550,10.9
37,51519,5.5
37,70607,5.8
37,53844,10.6
37,75432,5.6
37,50822,8.9
37,19309,8.8
37,56651,6.1
37,57698,10.1
37,32028,6.0
37,56344,10.5
37,78370,6.1
37,74026,9.1
37,17725,7.2
37,24347,12.9
37,14878,4.1
37,58826,9.2
37,74529,9.4
37,78972,8.3
37,44966,9.9
38,46246,2.4
38,83355,3.6
38,75807,3.1
38,15792,2.8
38,38223,3.8
38,70116,3.3
38,76272,4.1
38,70086,2.6
38,69667,4.0
38,69322,2.5
38,61392,3.0
38,60597,4.3
38,90143,2.8
38,78593,3.5
38,43834,3.2
38,81210,3.7
38,55684,2.6
38,14994,3.1
38,78912,2.8
38,59883,2.6
38,60143,3.7
38,74530,2.9
38,59978,3.4
38,51569,3.2
38,78966,3.2
38,56130,2.0
38,59530,4.1
38,28470,3.6
38,89724,2.5
38,61616,3.7
38,42550,3.5
38,51519,3.2
38,70607,3.0
38,53844,3.2
38,75432,2.8
38,50822,3.5
38,19309,2.8
38,56651,2.5
38,57698,3.0
38,32028,3.5
38,56344,2.4
38,78370,2.0
38,74026,2.1
38,17725,4.1
38,24347,4.4
38,14878,1.5
38,58826,2.9
38,74529,3.4
38,78972,3.9
38,44966,2.8
39,46246,60.8
39,83355,203.1
39,75807,21.6
39,15792,56.3
39,38223,58.6
39,70116,104.7
39,76272,33.1
39,70086,79.1
39,69667,143.7
39,69322,151.8
39,61392,131.5
39,60597,184.4
39,90143,68.4
39,78593,29.5
39,43834,226.5
39,81210,26.2
39,55684,81.4
39,14994,32.6
39,78912,211.7
39,59883,17.2
39,60143,43.0
39,74530,187.3
39,59978,20.0
39,51569,115.1
39,78966,118.8
39,56130,38.1
39,59530,19.9
39,28470,111.6
39,89724,75.3
39,61616,36.8
39,42550,56.1
39,51519,105.7
39,70607,17.2
39,53844,171.4
39,75432,101.9
39,50822,92.2
39,19309,243.8
39,56651,90.0
39,57698,123.0
39,32028,151.3
39,56344,28.9
39,78370,96.8
39,74026,214.0
39,17725,31.5
39,24347,143.7
39,14878,15.2
39,58826,104.5
39,74529,21.5
39,78972,25.3
39,44966,118.8
40,46246,77.0
40,83355,106.5
40,75807,26.2
40,15792,13.8
40,38223,20.3
40,70116,64.9
40,76272,52.8
40,70086,29.9
40,69667,30.4
40,69322,51.7
40,61392,67.4
40,60597,24.0
40,90143,21.3
40,78593,43.1
40,43834,66.4
40,81210,32.2
40,55684,29.2
40,14994,23.0
40,78912,36.0
40,59883,19.5
40,60143,19.7
40,74530,119.7
40,59978,16.7
40,51569,68.1
40,78966,24.7
40,56130,48.0
40,59530,24.8
40,28470,47.8
40,89724,43.2
40,61616,29.5
40,42550,48.4
40,51519,46.1
40,70607,32.9
40,53844,147.9
40,75432,19.1
40,50822,18.9
40,19309,81.9
40,56651,18.2
40,57698,61.6
40,32028,42.1
40,56344,23.2
40,78370,33.9
40,74026,37.9
40,17725,16.0
40,24347,79.1
40,14878,31.0
40,58826,13.9
40,74529,25.1
40,78972,16.6
40,44966,30.4
41,46246,6.6
41,83355,7.1
41,75807,4.7
41,15792,5.1
41,38223,4.6
41,70116,3.8
41,76272,5.8
41,70086,5.6
41,69667,4.6
41,69322,4.3
41,61392,12.7
41,60597,5.3
41,90143,5.4
41,78593,4.6
41,43834,5.9
41,81210,4.0
41,55684,5.1
41,14994,3.9
41,78912,5.5
41,59883,4.6
41,60143,4.7
41,74530,6.7
41,59978,3.4
41,51569,5.6
41,78966,5.3
41,56130,4.8
41,59530,5.3
41,28470,8.7
41,89724,4.5
41,61616,3.7
41,42550,6.7
41,51519,4.2
41,70607,4.6
41,53844,4.1
41,75432,4.8
41,50822,3.7
41,19309,4.4
41,56651,5.0
41,57698,5.2
41,32028,5.3
41,56344,4.6
41,78370,5.3
41,74026,5.3
41,17725,4.6
41,24347,9.7
41,14878,5.7
41,58826,5.0
41,74529,4.8
41,78972,6.2
41,44966,6.0
42,46246,18.6
42,83355,16.9
42,75807,15.2
42,15792,13.5
42,38223,17.3
42,70116,18.7
42,76272,15.4
42,70086,19.9
42,69667,12.5
42,69322,21.9
42,61392,16.6
42,60597,10.9
42,90143,20.7
42,78593,13.7
42,43834,14.1
42,81210,34.5
42,55684,17.2
42,14994,11.9
42,78912,29.9
42,59883,14.1
42,60143,14.5
42,74530,41.3
42,59978,14.1
42,51569,21.0
42,78966,36.3
42,56130,12.1
42,59530,14.9
42,28470,23.3
42,89724,12.5
42,61616,16.4
42,42550,24.8
42,51519,12.1
42,70607,19.4
42,53844,40.6
42,75432,14.2
42,50822,11.2
42,19309,43.7
42,56651,15.6
42,57698,17.6
42,32028,12.7
42,56344,14.0
42,78370,43.2
42,74026,10.4
42,17725,17.1
42,24347,41.9
42,14878,10.8
42,58826,21.8
42,74529,12.9
42,78972,28.8
42,44966,10.3
43,46246,2.6
43,83355,2.2
43,75807,1.8
43,15792,2.1
43,38223,1.1
43,70116,2.7
43,76272,3.0
43,70086,2.4
43,69667,1.4
43,69322,2.6
43,61392,2.9
43,60597,2.1
43,90143,1.8
43,78593,1.2
43,43834,2.1
43,81210,1.6
43,55684,2.4
43,14994,1.2
43,78912,2.1
43,59883,1.5
43,60143,2.4
43,74530,1.4
43,59978,1.7
43,51569,2.6
43,78966,1.1
43,56130,2.1
43,59530,1.4
43,28470,1.7
43,89724,0.9
43,61616,1.4
43,42550,1.9
43,51519,1.5
43,70607,2.2
43,53844,1.4
43,75432,2.0
43,50822,2.3
43,19309,2.3
43,56651,1.7
43,57698,1.9
43,32028,1.8
43,56344,1.9
43,78370,1.5
43,74026,0.7
43,17725,1.7
43,24347,2.1
43,14878,1.2
43,58826,1.5
43,74529,1.8
43,78972,1.0
43,44966,1.4
44,46246,7.3
44,83355,6.4
44,75807,6.6
44,15792,3.8
44,38223,8.6
44,70116,5.2
44,76272,9.1
44,70086,6.3
44,69667,5.4
44,69322,8.1
44,61392,5.4
44,60597,5.1
44,90143,6.5
44,78593,5.6
44,43834,4.9
44,81210,5.7
44,55684,5.7
44,14994,7.4
44,78912,8.1
44,59883,5.1
44,60143,5.9
44,74530,7.8
44,59978,7.5
44,51569,7.0
44,78966,5.6
44,56130,4.7
44,59530,6.4
44,28470,7.4
44,89724,4.1
44,61616,6.0
44,42550,5.0
44,51519,5.6
44,70607,4.0
44,53844,6.3
44,75432,4.9
44,50822,3.3
44,19309,7.9
44,56651,4.6
44,57698,4.3
44,32028,5.6
44,56344,4.4
44,78370,6.9
44,74026,4.5
44,17725,4.7
44,24347,7.3
44,14878,6.0
44,58826,4.6
44,74529,9.7
44,78972,6.4
44,44966,7.2
45,46246,24.1
45,83355,29.0
45,75807,26.1
45,15792,23.1
45,38223,20.2
45,70116,19.4
45,76272,47.8
45,70086,36.8
45,69667,20.4
45,69322,27.3
45,61392,26.5
45,60597,12.8
45,90143,33.5
45,78593,16.4
45,43834,20.9
45,81210,14.9
45,55684,17.7
45,14994,18.0
45,78912,22.1
45,59883,12.3
45,60143,24.0
45,74530,23.5
45,59978,11.9
45,51569,15.8
45,78966,16.3
45,56130,15.0
45,59530,16.0
45,28470,54.1
45,89724,26.0
45,61616,12.2
45,42550,17.2
45,51519,30.6
45,70607,13.2
45,53844,41.1
45,75432,16.2
45,50822,16.5
45,19309,44.4
45,56651,11.8
45,57698,36.4
45,32028,57.0
45,56344,19.9
45,78370,26.3
45,74026,14.6
45,17725,16.3
45,24347,35.5
45,14878,11.2
45,58826,24.4
45,74529,13.3
45,78972,15.4
45,44966,21.4
46,46246,2110.1
46,83355,1479.6
46,75807,1469.5
46,15792,830.2
46,38223,1398.4
46,70116,1563.6
46,76272,1765.3
46,70086,899.7
46,69667,257.5
46,69322,2001.6
46,61392,2248.2
46,60597,1337.9
46,90143,1360.7
46,78593,1238.0
46,43834,1937.5
46,81210,1572.0
46,55684,2264.8
46,14994,533.9
46,78912,2445.9
46,59883,283.7
46,60143,1814.9
46,74530,2737.4
46,59978,307.0
46,51569,2095.9
46,78966,1112.5
46,56130,801.2
46,59530,1854.1
46,28470,2339.5
46,89724,2196.5
46,61616,1567.4
46,42550,1383.3
46,51519,2227.2
46,70607,1196.3
46,53844,2384.0
46,75432,2403.4
46,50822,959.2
46,19309,2526.9
46,56651,925.2
46,57698,1633.6
46,32028,1377.5
46,56344,1745.6
46,78370,2108.5
46,74026,1804.7
46,17725,275.2
46,24347,2181.0
46,14878,570.1
46,58826,1393.4
46,74529,547.2
46,78972,1364.5
46,44966,1569.9
47,46246,260.2
47,83355,114.0
47,75807,74.9
47,15792,39.2
47,38223,30.2
47,70116,239.6
47,76272,55.6
47,70086,30.6
47,69667,70.5
47,69322,84.3
47,61392,188.0
47,60597,191.3
47,90143,73.4
47,78593,45.7
47,43834,242.6
47,81210,78.0
47,55684,86.3
47,14994,34.6
47,78912,171.5
47,59883,19.1
47,60143,93.2
47,74530,196.8
47,59978,15.0
47,51569,28.6
47,78966,64.6
47,56130,28.3
47,59530,22.9
47,28470,258.3
47,89724,179.2
47,61616,25.3
47,42550,19.7
47,51519,172.9
47,70607,77.9
47,53844,163.7
47,75432,97.3
47,50822,28.9
47,19309,228.4
47,56651,86.3
47,57698,125.9
47,32028,56.5
47,56344,113.4
47,78370,122.5
47,74026,230.2
47,17725,54.4
47,24347,151.1
47,14878,32.4
47,58826,76.0
47,74529,53.7
47,78972,117.9
47,44966,139.8
48,46246,8.6
48,83355,8.8
48,75807,5.5
48,15792,7.1
48,38223,5.3
48,70116,8.2
48,76272,6.8
48,70086,4.2
48,69667,4.8
48,69322,5.4
48,61392,6.2
48,60597,4.9
48,90143,5.1
48,78593,5.9
48,43834,6.7
48,81210,5.1
48,55684,4.5
48,14994,4.9
48,78912,8.0
48,59883,5.2
48,60143,9.1
48,74530,10.8
48,59978,5.3
48,51569,9.6
48,78966,4.3
48,56130,5.2
48,59530,7.2
48,28470,8.5
48,89724,5.2
48,61616,4.7
48,42550,6.1
48,51519,4.0
48,70607,4.8
48,53844,8.9
48,75432,5.9
48,50822,6.1
48,19309,6.7
48,56651,5.0
48,57698,6.6
48,32028,6.2
48,56344,7.0
48,78370,7.7
48,74026,4.7
48,17725,4.3
48,24347,9.8
48,14878,4.8
48,58826,5.0
48,74529,4.9
48,78972,5.5
48,44966,3.4
49,46246,1752.1
49,83355,1194.5
49,75807,1115.7
49,15792,990.0
49,38223,891.0
49,70116,982.3
49,76272,1037.4
49,70086,646.4
49,69667,538.9
49,69322,1259.8
49,61392,1069.1
49,60597,736.7
49,90143,451.6
49,78593,881.0
49,43834,1492.7
49,81210,662.7
49,55684,575.0
49,14994,228.7
49,78912,1903.3
49,59883,417.3
49,60143,1137.0
49,74530,1888.2
49,59978,617.2
49,51569,1179.1
49,78966,605.5
49,56130,402.9
49,59530,885.0
49,28470,1894.2
49,89724,975.5
49,61616,442.8
49,42550,1003.9
49,51519,666.5
49,70607,1151.5
49,53844,1696.4
49,75432,498.8
49,50822,659.3
49,19309,1715.4
49,56651,945.6
49,57698,702.1
49,32028,1487.4
49,56344,853.9
49,78370,1575.4
49,74026,591.3
49,17725,838.3
49,24347,1613.8
49,14878,242.5
49,58826,773.6
49,74529,875.4
49,78972,1154.2
49,44966,1080.0
50,46246,27.6
50,83355,32.9
50,75807,16.6
50,15792,22.7
50,38223,28.0
50,70116,17.3
50,76272,19.9
50,70086,9.7
50,69667,10.8
50,69322,28.1
50,61392,17.0
50,60597,11.7
50,90143,17.5
50,78593,19.1
50,43834,18.6
50,81210,21.8
50,55684,9.5
50,14994,19.0
50,78912,32.0
50,59883,9.2
50,60143,14.7
50,74530,20.1
50,59978,17.7
50,51569,13.8
50,78966,13.5
50,56130,11.2
50,59530,9.4
50,28470,35.0
50,89724,11.9
50,61616,9.3
50,42550,15.5
50,51519,15.0
50,70607,13.8
50,53844,25.5
50,75432,10.5
50,50822,13.9
50,19309,27.8
50,56651,8.6
50,57698,14.8
50,32028,16.8
50,56344,16.7
50,78370,37.4
50,74026,15.1
50,17725,19.0
50,24347,35.5
50,14878,8.9
50,58826,10.7
50,74529,23.5
50,78972,11.5
50,44966,19.8
51,46246,7.9
51,83355,8.0
51,75807,7.1
51,15792,6.0
51,38223,4.9
51,70116,5.5
51,76272,6.3
51,70086,7.3
51,69667,4.1
51,69322,5.6
51,61392,6.8
51,60597,6.1
51,90143,6.0
51,78593,6.2
51,43834,6.2
51,81210,7.9
51,55684,4.8
51,14994,5.3
51,78912,5.9
51,59883,4.2
51,60143,5.9
51,74530,4.4
51,59978,4.8
51,51569,4.7
51,78966,5.8
51,56130,6.0
51,59530,4.9
51,28470,8.1
51,89724,7.0
51,61616,4.9
51,42550,5.2
51,51519,6.9
51,70607,4.4
51,53844,10.1
51,75432,5.6
51,50822,4.8
51,19309,8.6
51,56651,5.3
51,57698,7.8
51,32028,9.8
51,56344,6.4
51,78370,7.5
51,74026,6.4
51,17725,6.2
51,24347,9.6
51,14878,4.0
51,58826,7.2
51,74529,5.9
51,78972,3.9
51,44966,5.8
52,46246,2.3
52,83355,1.6
52,75807,2.4
52,15792,2.1
52,38223,2.7
52,70116,1.4
52,76272,1.2
52,70086,1.7
52,69667,1.9
52,69322,1.0
52,61392,1.3
52,60597,1.7
52,90143,2.0
52,78593,1.5
52,43834,1.8
52,81210,1.2
52,55684,2.3
52,14994,1.7
52,78912,0.9
52,59883,1.6
52,60143,1.5
52,74530,2.1
52,59978,1.5
52,51569,1.5
52,78966,2.5
52,56130,1.7
52,59530,1.8
52,28470,1.8
52,89724,1.7
52,61616,2.0
52,42550,1.7
52,51519,1.7
52,70607,2.2
52,53844,1.3
52,75432,1.7
52,50822,1.0
52,19309,1.4
52,56651,1.5
52,57698,0.9
52,32028,1.3
52,56344,2.6
52,78370,1.2
52,74026,0.8
52,17725,1.3
52,24347,3.1
52,14878,1.5
52,58826,1.1
52,74529,1.5
52,78972,1.4
52,44966,2.5
53,46246,2452.4
53,83355,2246.9
53,75807,1291.1
53,15792,1779.2
53,38223,1288.6
53,70116,1679.3
53,76272,2041.0
53,70086,1574.3
53,69667,499.7
53,69322,1670.9
53,61392,2355.6
53,60597,1142.2
53,90143,722.0
53,78593,1629.2
53,43834,2042.9
53,81210,1512.9
53,55684,1538.0
53,14994,761.8
53,78912,2359.9
53,59883,725.3
53,60143,1434.8
53,74530,2241.2
53,59978,268.9
53,51569,1590.8
53,78966,1080.8
53,56130,1235.3
53,59530,1189.6
53,28470,2079.1
53,89724,2011.6
53,61616,1785.3
53,42550,969.9
53,51519,1950.0
53,70607,1331.5
53,53844,2314.2
53,75432,495.3
53,50822,812.5
53,19309,2341.8
53,56651,1665.0
53,57698,1597.7
53,32028,1518.7
53,56344,1540.2
53,78370,1665.5
53,74026,1474.7
53,17725,277.9
53,24347,2337.5
53,14878,279.5
53,58826,1642.4
53,74529,1015.8
53,78972,881.8
53,44966,1464.9
54,46246,162.3
54,83355,145.1
54,75807,42.3
54,15792,74.9
54,38223,70.1
54,70116,57.2
54,76272,63.3
54,70086,25.3
54,69667,16.8
54,69322,23.7
54,61392,195.2
54,60597,82.9
54,90143,34.5
54,78593,19.4
54,43834,214.4
54,81210,31.4
54,55684,41.2
54,14994,75.3
54,78912,108.9
54,59883,27.7
54,60143,59.3
54,74530,146.6
54,59978,16.6
54,51569,110.7
54,78966,53.0
54,56130,91.3
54,59530,54.5
54,28470,219.9
54,89724,87.1
54,61616,27.5
54,42550,35.8
54,51519,48.4
54,70607,19.0
54,53844,160.2
54,75432,137.1
54,50822,38.3
54,19309,214.9
54,56651,32.1
54,57698,75.4
54,32028,82.6
54,56344,14.8
54,78370,86.1
54,74026,74.5
54,17725,33.7
54,24347,92.0
54,14878,44.6
54,58826,114.8
54,74529,87.6
54,78972,23.1
54,44966,68.8
55,46246,1967.4
55,83355,2239.0
55,75807,1421.0
55,15792,809.9
55,38223,1074.7
55,70116,1103.2
55,76272,1803.5
55,70086,1668.9
55,69667,316.0
55,69322,1411.4
55,61392,1923.2
55,60597,1017.4
55,90143,348.1
55,78593,1247.8
55,43834,2246.4
55,81210,1425.3
55,55684,1736.5
55,14994,1479.1
55,78912,2596.9
55,59883,275.5
55,60143,1880.5
55,74530,1994.8
55,59978,29.5
55,51569,1863.6
55,78966,995.5
55,56130,648.3
55,59530,1054.8
55,28470,1955.7
55,89724,1452.3
55,61616,1096.7
55,42550,1575.9
55,51519,1894.9
55,70607,764.1
55,53844,2365.9
55,75432,972.1
55,50822,733.3
55,19309,2400.2
55,56651,1078.7
55,57698,768.1
55,32028,2178.3
55,56344,1511.8
55,78370,2226.1
55,74026,1458.6
55,17725,1187.5
55,24347,2043.9
55,14878,36.5
55,58826,1431.9
55,74529,564.1
55,78972,726.9
55,44966,2044.2
56,46246,272.6
56,83355,195.4
56,75807,124.4
56,15792,33.5
56,38223,109.4
56,70116,247.2
56,76272,309.6
56,70086,187.9
56,69667,23.3
56,69322,325.4
56,61392,432.9
56,60597,201.1
56,90143,22.9
56,78593,188.1
56,43834,135.8
56,81210,148.3
56,55684,117.7
56,14994,22.4
56,78912,415.2
56,59883,190.3
56,60143,214.9
56,74530,394.2
56,59978,23.2
56,51569,188.4
56,78966,207.4
56,56130,184.3
56,59530,110.3
56,28470,311.0
56,89724,254.4
56,61616,134.4
56,42550,252.8
56,51519,101.0
56,70607,104.2
56,53844,564.5
56,75432,34.0
56,50822,20.7
56,19309,337.8
56,56651,225.6
56,57698,260.7
56,32028,407.3
56,56344,185.4
56,78370,266.0
56,74026,294.2
56,17725,107.8
56,24347,589.0
56,14878,138.8
56,58826,346.1
56,74529,133.3
56,78972,100.8
56,44966,150.6
57,46246,35.8
57,83355,53.5
57,75807,17.9
57,15792,57.7
57,38223,26.6
57,70116,47.8
57,76272,84.1
57,70086,22.9
57,69667,16.3
57,69322,91.8
57,61392,105.9
57,60597,49.7
57,90143,17.6
57,78593,18.3
57,43834,185.6
57,81210,22.9
57,55684,21.0
57,14994,37.1
57,78912,138.5
57,59883,15.3
57,60143,48.1
57,74530,61.8
57,59978,15.1
57,51569,102.4
57,78966,19.8
57,56130,17.0
57,59530,46.5
57,28470,120.7
57,89724,71.5
57,61616,14.0
57,42550,78.3
57,51519,85.7
57,70607,23.6
57,53844,172.4
57,75432,38.9
57,50822,20.5
57,19309,119.7
57,56651,17.4
57,57698,75.9
57,32028,21.3
57,56344,51.5
57,78370,161.5
57,74026,23.2
57,17725,52.9
57,24347,127.6
57,14878,13.5
57,58826,56.5
57,74529,19.8
57,78972,44.6
57,44966,132.5
58,46246,29.4
58,83355,18.5
58,75807,23.0
58,15792,35.8
58,38223,27.3
58,70116,50.4
58,76272,35.2
58,70086,29.2
58,69667,11.9
58,69322,20.1
58,61392,52.3
58,60597,23.3
58,90143,33.6
58,78593,12.7
58,43834,25.2
58,81210,12.6
58,55684,24.8
58,14994,15.0
58,78912,24.8
58,59883,14.4
58,60143,13.2
58,74530,31.3
58,59978,10.3
58,51569,13.4
58,78966,14.9
58,56130,16.9
58,59530,12.0
58,28470,57.8
58,89724,18.1
58,61616,14.2
58,42550,23.8
58,51519,18.2
58,70607,26.2
58,53844,43.0
58,75432,23.7
58,50822,11.9
58,19309,44.2
58,56651,16.0
58,57698,18.5
58,32028,15.9
58,56344,16.3
58,78370,47.6
58,74026,14.2
58,17725,20.7
58,24347,39.8
58,14878,15.7
58,58826,20.6
58,74529,26.5
58,78972,24.4
58,44966,35.6
59,46246,42.5
59,83355,24.2
59,75807,14.0
59,15792,15.4
59,38223,15.6
59,70116,28.7
59,76272,18.4
59,70086,23.4
59,69667,14.7
59,69322,15.5
59,61392,45.5
59,60597,15.7
59,90143,11.2
59,78593,12.5
59,43834,20.9
59,81210,10.4
59,55684,15.2
59,14994,11.6
59,78912,18.2
59,59883,11.0
59,60143,24.4
59,74530,24.6
59,59978,10.1
59,51569,21.7
59,78966,15.9
59,56130,10.0
59,59530,14.3
59,28470,22.0
59,89724,12.5
59,61616,12.2
59,42550,18.9
59,51519,20.0
59,70607,11.2
59,53844,29.5
59,75432,13.1
59,50822,25.2
59,19309,48.9
59,56651,15.1
59,57698,18.9
59,32028,18.7
59,56344,14.4
59,78370,27.3
59,74026,26.2
59,17725,12.9
59,24347,31.1
59,14878,9.6
59,58826,13.4
59,74529,18.0
59,78972,12.3
59,44966,11.5
60,46246,996.4
60,83355,1278.7
60,75807,476.6
60,15792,895.2
60,38223,327.9
60,70116,458.5
60,76272,1258.4
60,70086,1094.7
60,69667,547.2
60,69322,1229.7
60,61392,1759.5
60,60597,716.3
60,90143,708.1
60,78593,615.9
60,43834,1347.6
60,81210,593.2
60,55684,952.3
60,14994,34.6
60,78912,1715.3
60,59883,189.7
60,60143,1195.1
60,74530,1024.6
60,59978,26.5
60,51569,1047.6
60,78966,178.0
60,56130,216.6
60,59530,323.6
60,28470,1701.7
60,89724,761.5
60,61616,914.6
60,42550,684.1
60,51519,677.4
60,70607,691.9
60,53844,1295.2
60,75432,1162.6
60,50822,286.8
60,19309,1721.1
60,56651,342.8
60,57698,1338.8
60,32028,1189.1
60,56344,462.3
60,78370,1333.6
60,74026,1576.5
60,17725,759.2
60,24347,1449.2
60,14878,174.6
60,58826,1012.4
60,74529,413.1
60,78972,198.2
60,44966,1279.9
61,46246,671.7
61,83355,535.4
61,75807,104.6
61,15792,253.0
61,38223,490.9
61,70116,548.5
61,76272,230.3
61,70086,265.2
61,69667,235.6
61,69322,451.3
61,61392,618.7
61,60597,409.8
61,90143,457.6
61,78593,393.0
61,43834,364.4
61,81210,312.7
61,55684,531.7
61,14994,18.5
61,78912,746.3
61,59883,86.9
61,60143,550.5
61,74530,841.5
61,59978,278.8
61,51569,621.6
61,78966,231.1
61,56130,38.3
61,59530,286.5
61,28470,477.8
61,89724,476.7
61,61616,29.8
61,42550,445.6
61,51519,220.0
61,70607,138.1
61,53844,810.6
61,75432,486.4
61,50822,286.9
61,19309,826.4
61,56651,207.3
61,57698,239.2
61,32028,303.1
61,56344,142.8
61,78370,288.3
61,74026,607.6
61,17725,572.9
61,24347,764.5
61,14878,92.3
61,58826,296.1
61,74529,227.6
61,78972,110.7
61,44966,482.9
62,46246,4.1
62,83355,5.4
62,75807,4.7
62,15792,3.5
62,38223,4.4
62,70116,4.3
62,76272,6.3
62,70086,3.9
62,69667,5.6
62,69322,4.1
62,61392,2.3
62,60597,3.2
62,90143,3.7
62,78593,4.4
62,43834,3.6
62,81210,4.1
62,55684,4.1
62,14994,3.5
62,78912,5.5
62,59883,3.1
62,60143,3.5
62,74530,3.8
62,59978,3.6
62,51569,4.1
62,78966,3.1
62,56130,3.4
62,59530,4.2
62,28470,4.4
62,89724,3.5
62,61616,5.6
62,42550,3.6
62,51519,3.5
62,70607,2.6
62,53844,2.4
62,75432,3.6
62,50822,3.9
62,19309,2.9
62,56651,4.7
62,57698,2.4
62,32028,3.2
62,56344,1.9
62,78370,2.0
62,74026,3.5
62,17725,2.8
62,24347,4.5
62,14878,3.6
62,58826,2.9
62,74529,4.4
62,78972,3.1
62,44966,4.6
63,46246,2149.5
63,83355,2102.2
63,75807,1427.4
63,15792,1986.6
63,38223,701.2
63,70116,1961.8
63,76272,1346.5
63,70086,1318.5
63,69667,308.8
63,69322,2020.0
63,61392,1984.8
63,60597,1494.4
63,90143,1741.2
63,78593,2249.6
63,43834,2350.8
63,81210,1019.8
63,55684,1012.2
63,14994,496.6
63,78912,1588.7
63,59883,524.0
63,60143,1484.5
63,74530,1711.0
63,59978,947.9
63,51569,2023.6
63,78966,1932.2
63,56130,1262.7
63,59530,1506.3
63,28470,2306.2
63,89724,2013.4
63,61616,1315.6
63,42550,2145.5
63,51519,1718.7
63,70607,1363.9
63,53844,2437.2
63,75432,1717.2
63,50822,571.5
63,19309,2051.4
63,56651,793.8
63,57698,1749.4
63,32028,1657.3
63,56344,1505.0
63,78370,1538.2
63,74026,1451.5
63,17725,1418.1
63,24347,1600.5
63,14878,27.5
63,58826,715.6
63,74529,814.1
63,78972,1297.0
63,44966,1751.4
64,46246,37.7
64,83355,99.1
64,75807,24.0
64,15792,62.2
64,38223,26.6
64,70116,33.2
64,76272,96.0
64,70086,49.4
64,69667,39.9
64,69322,126.7
64,61392,65.8
64,60597,110.4
64,90143,25.6
64,78593,39.6
64,43834,26.7
64,81210,35.5
64,55684,43.7
64,14994,15.2
64,78912,44.3
64,59883,15.4
64,60143,21.2
64,74530,114.7
64,59978,35.0
64,51569,50.0
64,78966,24.6
64,56130,22.7
64,59530,23.2
64,28470,232.2
64,89724,109.8
64,61616,107.1
64,42550,21.4
64,51519,96.5
64,70607,25.9
64,53844,142.5
64,75432,24.2
64,50822,42.7
64,19309,163.4
64,56651,100.7
64,57698,75.9
64,32028,91.5
64,56344,103.9
64,78370,48.3
64,74026,25.6
64,17725,47.6
64,24347,82.1
64,14878,19.6
64,58826,12.4
64,74529,46.3
64,78972,80.1
64,44966,97.0
65,46246,859.3
65,83355,989.5
65,75807,408.1
65,15792,723.0
65,38223,442.3
65,70116,591.3
65,76272,687.6
65,70086,476.5
65,69667,28.2
65,69322,578.1
65,61392,1160.3
65,60597,777.3
65,90143,289.8
65,78593,345.6
65,43834,1254.3
65,81210,558.6
65,55684,691.7
65,14994,171.3
65,78912,1037.3
65,59883,149.4
65,60143,748.4
65,74530,1114.1
65,59978,295.6
65,51569,760.8
65,78966,152.4
65,56130,136.2
65,59530,618.8
65,28470,1036.2
65,89724,633.3
65,61616,440.0
65,42550,433.3
65,51519,453.3
65,70607,254.4
65,53844,1097.4
65,75432,662.5
65,50822,390.8
65,19309,1163.0
65,56651,269.7
65,57698,464.1
65,32028,943.5
65,56344,281.6
65,78370,918.9
65,74026,562.5
65,17725,528.6
65,24347,791.5
65,14878,161.2
65,58826,449.6
65,74529,180.0
65,78972,166.7
65,44966,1104.1
66,46246,1011.0
66,83355,1353.2
66,75807,215.0
66,15792,468.3
66,38223,370.0
66,70116,753.2
66,76272,1093.0
66,70086,472.5
66,69667,372.5
66,69322,828.6
66,61392,593.3
66,60597,320.5
66,90143,329.7
66,78593,286.2
66,43834,1098.4
66,81210,729.1
66,55684,768.9
66,14994,309.8
66,78912,921.8
66,59883,363.6
66,60143,952.6
66,74530,1111.0
66,59978,181.1
66,51569,878.9
66,78966,652.5
66,56130,137.4
66,59530,360.4
66,28470,1399.4
66,89724,899.3
66,61616,713.6
66,42550,182.6
66,51519,819.1
66,70607,446.9
66,53844,1145.6
66,75432,618.1
66,50822,507.6
66,19309,1020.5
66,56651,542.8
66,57698,854.3
66,32028,758.0
66,56344,775.8
66,78370,1236.3
66,74026,703.2
66,17725,349.3
66,24347,1005.3
66,14878,38.8
66,58826,840.1
66,74529,498.6
66,78972,803.5
66,44966,933.1
67,46246,376.8
67,83355,390.0
67,75807,37.4
67,15792,192.0
67,38223,106.2
67,70116,575.1
67,76272,298.0
67,70086,163.9
67,69667,24.9
67,69322,205.8
67,61392,672.9
67,60597,311.2
67,90143,220.8
67,78593,417.9
67,43834,550.4
67,81210,463.8
67,55684,550.2
67,14994,220.3
67,78912,285.5
67,59883,391.0
67,60143,615.2
67,74530,579.6
67,59978,22.8
67,51569,316.8
67,78966,230.3
67,56130,516.7
67,59530,252.3
67,28470,492.9
67,89724,322.1
67,61616,24.4
67,42550,309.2
67,51519,334.1
67,70607,308.5
67,53844,875.2
67,75432,234.6
67,50822,89.6
67,19309,659.5
67,56651,352.8
67,57698,534.2
67,32028,295.1
67,56344,222.0
67,78370,298.8
67,74026,495.5
67,17725,198.4
67,24347,541.4
67,14878,234.0
67,58826,113.2
67,74529,258.4
67,78972,148.1
67,44966,853.2
68,46246,1520.1
68,83355,1574.8
68,75807,77.2
68,15792,772.8
68,38223,811.2
68,70116,1118.1
68,76272,1040.3
68,70086,46.2
68,69667,956.0
68,69322,1132.1
68,61392,1140.6
68,60597,551.3
68,90143,674.6
68,78593,696.5
68,43834,1637.0
68,81210,869.0
68,55684,736.0
68,14994,391.5
68,78912,1266.7
68,59883,378.4
68,60143,670.0
68,74530,1415.0
68,59978,616.6
68,51569,716.7
68,78966,398.6
68,56130,379.1
68,59530,826.7
68,28470,1750.4
68,89724,1348.1
68,61616,543.2
68,42550,359.3
68,51519,1126.8
68,70607,276.0
68,53844,1787.9
68,75432,1397.7
68,50822,897.3
68,19309,1686.8
68,56651,949.7
68,57698,931.4
68,32028,1151.7
68,56344,792.7
68,78370,1352.6
68,74026,1231.9
68,17725,1025.2
68,24347,1372.2
68,14878,33.1
68,58826,1022.5
68,74529,650.7
68,78972,718.5
68,44966,1555.8
69,46246,1395.6
69,83355,1508.7
69,75807,908.9
69,15792,626.7
69,38223,1203.9
69,70116,1466.2
69,76272,1001.9
69,70086,843.5
69,69667,232.5
69,69322,1366.2
69,61392,1369.7
69,60597,1045.4
69,90143,1263.5
69,78593,388.3
69,43834,1151.5
69,81210,1004.3
69,55684,1696.9
69,14994,428.0
69,78912,1326.9
69,59883,856.5
69,60143,1223.8
69,74530,1684.2
69,59978,276.4
69,51569,1783.9
69,78966,1032.2
69,56130,891.5
69,59530,870.4
69,28470,1875.2
69,89724,1673.5
69,61616,1118.2
69,42550,888.3
69,51519,897.8
69,70607,592.5
69,53844,1332.4
69,75432,846.4
69,50822,623.5
69,19309,1687.8
69,56651,209.4
69,57698,956.8
69,32028,1527.7
69,56344,50.8
69,78370,1588.0
69,74026,1625.9
69,17725,1109.3
69,24347,1044.4
69,14878,223.1
69,58826,759.1
69,74529,220.7
69,78972,818.9
69,44966,1350.0
70,46246,272.8
70,83355,356.3
70,75807,147.8
70,15792,110.9
70,38223,141.4
70,70116,265.3
70,76272,95.2
70,70086,37.0
70,69667,165.5
70,69322,103.7
70,61392,293.7
70,60597,135.3
70,90143,140.6
70,78593,77.9
70,43834,216.3
70,81210,69.6
70,55684,70.5
70,14994,24.7
70,78912,570.8
70,59883,23.8
70,60143,105.2
70,74530,262.0
70,59978,17.6
70,51569,295.9
70,78966,24.7
70,56130,115.7
70,59530,110.9
70,28470,411.9
70,89724,23.9
70,61616,111.0
70,42550,41.3
70,51519,41.4
70,70607,92.8
70,53844,591.8
70,75432,113.8
70,50822,120.7
70,19309,177.2
70,56651,155.0
70,57698,119.5
70,32028,178.9
70,56344,96.9
70,78370,162.2
70,74026,181.1
70,17725,156.4
70,24347,359.0
70,14878,22.3
70,58826,334.9
70,74529,109.6
70,78972,107.2
70,44966,138.0
71,46246,724.2
71,83355,463.0
71,75807,246.9
71,15792,146.0
71,38223,242.6
71,70116,537.4
71,76272,180.0
71,70086,137.5
71,69667,18.6
71,69322,283.4
71,61392,505.1
71,60597,150.8
71,90143,294.4
71,78593,203.3
71,43834,350.9
71,81210,430.8
71,55684,441.7
71,14994,301.5
71,78912,629.5
71,59883,208.8
71,60143,208.5
71,74530,398.6
71,59978,128.8
71,51569,522.7
71,78966,40.0
71,56130,319.7
71,59530,224.7
71,28470,460.5
71,89724,268.9
71,61616,358.0
71,42550,331.8
71,51519,206.3
71,70607,206.7
71,53844,954.7
71,75432,110.0
71,50822,157.5
71,19309,927.9
71,56651,195.4
71,57698,541.3
71,32028,171.4
71,56344,21.4
71,78370,382.0
71,74026,204.4
71,17725,127.2
71,24347,452.9
71,14878,29.7
71,58826,375.1
71,74529,274.6
71,78972,159.0
71,44966,520.9
72,46246,21.2
72,83355,13.5
72,75807,9.0
72,15792,20.7
72,38223,21.7
72,70116,12.9
72,76272,10.0
72,70086,9.7
72,69667,7.7
72,69322,11.6
72,61392,14.3
72,60597,10.8
72,90143,6.9
72,78593,10.8
72,43834,8.3
72,81210,14.4
72,55684,7.1
72,14994,8.6
72,78912,18.1
72,59883,7.1
72,60143,8.8
72,74530,11.3
72,59978,7.2
72,51569,13.3
72,78966,8.5
72,56130,9.7
72,59530,9.8
72,28470,10.8
72,89724,8.5
72,61616,10.7
72,42550,10.6
72,51519,9.9
72,70607,9.9
72,53844,31.8
72,75432,11.8
72,50822,10.3
72,19309,15.9
72,56651,12.3
72,57698,8.0
72,32028,7.8
72,56344,10.4
72,78370,14.5
72,74026,9.9
72,17725,7.9
72,24347,13.7
72,14878,8.5
72,58826,11.7
72,74529,11.0
72,78972,6.9
72,44966,12.8
73,46246,808.4
73,83355,959.0
73,75807,515.1
73,15792,472.9
73,38223,911.9
73,70116,863.3
73,76272,851.5
73,70086,622.8
73,69667,22.3
73,69322,810.3
73,61392,1201.5
73,60597,694.5
73,90143,456.7
73,78593,667.7
73,43834,1130.4
73,81210,205.2
73,55684,524.8
73,14994,206.8
73,78912,1076.2
73,59883,878.0
73,60143,727.8
73,74530,1233.5
73,59978,26.9
73,51569,1073.8
73,78966,283.9
73,56130,570.4
73,59530,606.8
73,28470,1303.5
73,89724,962.8
73,61616,537.2
73,42550,315.7
73,51519,631.6
73,70607,862.7
73,53844,1222.7
73,75432,467.0
73,50822,224.9
73,19309,1478.8
73,56651,350.8
73,57698,758.9
73,32028,1053.8
73,56344,149.4
73,78370,961.5
73,74026,978.4
73,17725,155.5
73,24347,814.8
73,14878,171.8
73,58826,388.6
73,74529,553.4
73,78972,189.7
73,44966,762.7
74,46246,32.4
74,83355,61.4
74,75807,18.0
74,15792,60.8
74,38223,19.8
74,70116,37.0
74,76272,19.2
74,70086,40.1
74,69667,14.6
74,69322,13.7
74,61392,64.5
74,60597,34.7
74,90143,18.5
74,78593,21.3
74,43834,79.8
74,81210,28.5
74,55684,29.1
74,14994,15.0
74,78912,84.7
74,59883,19.7
74,60143,31.5
74,74530,73.1
74,59978,12.1
74,51569,34.5
74,78966,40.0
74,56130,13.6
74,59530,18.0
74,28470,70.0
74,89724,28.3
74,61616,57.0
74,42550,25.4
74,51519,65.8
74,70607,23.4
74,53844,62.1
74,75432,31.1
74,50822,24.9
74,19309,33.5
74,56651,120.9
74,57698,27.8
74,32028,32.0
74,56344,23.3
74,78370,55.0
74,74026,36.7
74,17725,17.5
74,24347,44.5
74,14878,23.7
74,58826,43.3
74,74529,23.5
74,78972,49.0
74,44966,54.9
75,46246,2.9
75,83355,1.7
75,75807,2.2
75,15792,1.9
75,38223,2.0
75,70116,2.8
75,76272,2.4
75,70086,1.9
75,69667,1.4
75,69322,1.2
75,61392,3.2
75,60597,2.1
75,90143,3.4
75,78593,1.5
75,43834,1.9
75,81210,2.2
75,55684,2.1
75,14994,1.1
75,78912,2.1
75,59883,1.3
75,60143,1.4
75,74530,1.6
75,59978,1.9
75,51569,2.1
75,78966,1.6
75,56130,1.9
75,59530,2.3
75,28470,2.0
75,89724,1.8
75,61616,2.7
75,42550,2.1
75,51519,2.2
75,70607,1.7
75,53844,2.1
75,75432,1.1
75,50822,1.7
75,19309,1.0
75,56651,1.4
75,57698,2.1
75,32028,0.9
75,56344,1.4
75,78370,1.5
75,74026,1.9
75,17725,0.8
75,24347,1.9
75,14878,1.0
75,58826,1.9
75,74529,2.0
75,78972,2.0
75,44966,1.9
76,46246,1322.5
76,83355,1924.8
76,75807,1044.9
76,15792,1124.8
76,38223,1373.9
76,70116,432.0
76,76272,1287.6
76,70086,1126.0
76,69667,681.9
76,69322,1311.6
76,61392,1688.5
76,60597,1288.8
76,90143,459.2
76,78593,1089.7
76,43834,1589.9
76,81210,1163.9
76,55684,1026.3
76,14994,752.0
76,78912,1879.3
76,59883,460.3
76,60143,1758.6
76,74530,1752.1
76,59978,706.0
76,51569,1655.0
76,78966,310.1
76,56130,968.8
76,59530,1467.3
76,28470,2174.5
76,89724,1191.6
76,61616,1207.5
76,42550,916.0
76,51519,812.0
76,70607,684.9
76,53844,1991.1
76,75432,630.2
76,50822,202.7
76,19309,2241.8
76,56651,939.5
76,57698,1699.6
76,32028,1635.9
76,56344,948.1
76,78370,1277.7
76,74026,1422.6
76,17725,726.8
76,24347,1614.1
76,14878,481.2
76,58826,814.1
76,74529,906.8
76,78972,484.8
76,44966,1562.1
77,46246,1229.8
77,83355,1157.1
77,75807,562.5
77,15792,746.9
77,38223,369.9
77,70116,828.1
77,76272,884.5
77,70086,694.8
77,69667,180.6
77,69322,957.8
77,61392,679.2
77,60597,1068.1
77,90143,537.0
77,78593,677.1
77,43834,1255.1
77,81210,727.3
77,55684,496.8
77,14994,289.3
77,78912,1206.0
77,59883,164.1
77,60143,678.1
77,74530,828.2
77,59978,23.8
77,51569,1001.2
77,78966,465.9
77,56130,37.7
77,59530,292.5
77,28470,1217.9
77,89724,1088.3
77,61616,393.6
77,42550,507.1
77,51519,668.5
77,70607,325.3
77,53844,1457.5
77,75432,443.8
77,50822,537.3
77,19309,1484.6
77,56651,556.1
77,57698,549.1
77,32028,1081.0
77,56344,442.5
77,78370,1021.3
77,74026,726.6
77,17725,625.4
77,24347,704.7
77,14878,215.0
77,58826,400.4
77,74529,766.3
77,78972,1056.3
77,44966,740.8
78,46246,487.6
78,83355,532.6
78,75807,142.4
78,15792,620.4
78,38223,141.5
78,70116,553.1
78,76272,339.4
78,70086,556.9
78,69667,306.5
78,69322,545.6
78,61392,995.1
78,60597,546.9
78,90143,138.4
78,78593,405.2
78,43834,582.5
78,81210,509.5
78,55684,132.0
78,14994,134.0
78,78912,666.8
78,59883,132.0
78,60143,303.9
78,74530,842.1
78,59978,30.2
78,51569,772.8
78,78966,268.6
78,56130,230.7
78,59530,360.5
78,28470,797.1
78,89724,721.5
78,61616,403.5
78,42550,432.6
78,51519,775.2
78,70607,36.3
78,53844,681.7
78,75432,395.0
78,50822,192.4
78,19309,806.4
78,56651,521.7
78,57698,341.0
78,32028,604.3
78,56344,371.5
78,78370,894.5
78,74026,659.0
78,17725,277.2
78,24347,942.2
78,14878,116.2
78,58826,316.5
78,74529,199.8
78,78972,380.2
78,44966,306.8
79,46246,174.8
79,83355,74.3
79,75807,24.5
79,15792,33.6
79,38223,75.7
79,70116,99.4
79,76272,75.2
79,70086,25.7
79,69667,25.9
79,69322,100.0
79,61392,150.9
79,60597,108.8
79,90143,20.0
79,78593,44.9
79,43834,71.5
79,81210,64.6
79,55684,72.2
79,14994,17.3
79,78912,102.3
79,59883,32.0
79,60143,88.0
79,74530,100.0
79,59978,60.5
79,51569,84.3
79,78966,92.4
79,56130,70.6
79,59530,38.9
79,28470,247.4
79,89724,16.7
79,61616,74.0
79,42550,21.8
79,51519,21.2
79,70607,15.2
79,53844,115.4
79,75432,40.5
79,50822,70.7
79,19309,121.9
79,56651,76.4
79,57698,98.2
79,32028,75.4
79,56344,205.4
79,78370,143.5
79,74026,84.1
79,17725,33.6
79,24347,227.3
79,14878,16.0
79,58826,14.0
79,74529,87.0
79,78972,41.6
79,44966,63.9
80,46246,8.4
80,83355,8.2
80,75807,8.0
80,15792,9.0
80,38223,6.9
80,70116,7.8
80,76272,10.6
80,70086,8.1
80,69667,6.5
80,69322,7.8
80,61392,9.7
80,60597,7.3
80,90143,6.5
80,78593,5.9
80,43834,7.1
80,81210,6.8
80,55684,4.7
80,14994,4.9
80,78912,9.6
80,59883,6.4
80,60143,8.5
80,74530,7.5
80,59978,5.6
80,51569,7.5
80,78966,7.0
80,56130,5.9
80,59530,7.1
80,28470,7.3
80,89724,5.4
80,61616,5.0
80,42550,6.0
80,51519,8.8
80,70607,7.1
80,53844,11.1
80,75432,6.7
80,50822,6.2
80,19309,10.9
80,56651,6.5
80,57698,6.4
80,32028,6.4
80,56344,5.3
80,78370,6.0
80,74026,5.1
80,17725,4.7
80,24347,13.8
80,14878,6.4
80,58826,7.2
80,74529,5.3
80,78972,7.1
80,44966,6.3
81,46246,4.2
81,83355,3.8
81,75807,4.6
81,15792,4.0
81,38223,4.5
81,70116,2.9
81,76272,4.4
81,70086,3.0
81,69667,3.0
81,69322,3.8
81,61392,4.3
81,60597,3.4
81,90143,3.9
81,78593,4.7
81,43834,3.4
81,81210,2.3
81,55684,2.6
81,14994,2.6
81,78912,2.5
81,59883,3.5
81,60143,3.4
81,74530,3.0
81,59978,3.6
81,51569,4.2
81,78966,4.2
81,56130,3.6
81,59530,3.2
81,28470,4.2
81,89724,3.6
81,61616,3.2
81,42550,2.3
81,51519,2.6
81,70607,3.0
81,53844,3.7
81,75432,1.9
81,50822,3.8
81,19309,5.1
81,56651,3.7
81,57698,2.2
81,32028,3.9
81,56344,3.3
81,78370,2.9
81,74026,3.1
81,17725,2.4
81,24347,4.4
81,14878,2.3
81,58826,3.0
81,74529,4.0
81,78972,1.9
81,44966,4.7
82,46246,1249.9
82,83355,678.0
82,75807,846.4
82,15792,369.1
82,38223,619.8
82,70116,1021.6
82,76272,987.8
82,70086,206.7
82,69667,36.0
82,69322,873.6
82,61392,1230.1
82,60597,730.9
82,90143,28.5
82,78593,812.9
82,43834,870.2
82,81210,635.0
82,55684,1238.7
82,14994,498.0
82,78912,1122.2
82,59883,316.5
82,60143,781.3
82,74530,1486.7
82,59978,38.4
82,51569,340.1
82,78966,694.0
82,56130,642.9
82,59530,786.1
82,28470,1167.1
82,89724,775.4
82,61616,636.8
82,42550,653.0
82,51519,431.7
82,70607,345.1
82,53844,1317.3
82,75432,626.9
82,50822,180.2
82,19309,1301.7
82,56651,475.9
82,57698,649.8
82,32028,895.1
82,56344,326.7
82,78370,1317.3
82,74026,996.5
82,17725,487.4
82,24347,1466.7
82,14878,25.6
82,58826,610.0
82,74529,329.9
82,78972,736.1
82,44966,790.4
83,46246,268.2
83,83355,328.0
83,75807,151.2
83,15792,123.7
83,38223,167.4
83,70116,217.0
83,76272,43.5
83,70086,31.2
83,69667,64.5
83,69322,315.0
83,61392,227.5
83,60597,102.9
83,90143,107.3
83,78593,223.9
83,43834,213.3
83,81210,118.8
83,55684,184.2
83,14994,92.7
83,78912,294.7
83,59883,92.5
83,60143,111.9
83,74530,254.7
83,59978,19.7
83,51569,234.7
83,78966,27.1
83,56130,56.4
83,59530,41.1
83,28470,241.9
83,89724,128.0
83,61616,162.8
83,42550,185.7
83,51519,323.4
83,70607,81.2
83,53844,274.7
83,75432,32.8
83,50822,216.7
83,19309,336.5
83,56651,97.2
83,57698,229.8
83,32028,194.6
83,56344,58.4
83,78370,342.6
83,74026,192.9
83,17725,199.3
83,24347,159.0
83,14878,18.7
83,58826,261.0
83,74529,97.1
83,78972,38.1
83,44966,208.9
84,46246,12.6
84,83355,9.5
84,75807,11.0
84,15792,8.7
84,38223,9.8
84,70116,11.0
84,76272,10.2
84,70086,5.8
84,69667,9.1
84,69322,9.4
84,61392,10.8
84,60597,7.8
84,90143,8.9
84,78593,12.1
84,43834,6.7
84,81210,9.3
84,55684,10.2
84,14994,9.0
84,78912,9.5
84,59883,9.9
84,60143,8.0
84,74530,9.5
84,59978,6.4
84,51569,10.9
84,78966,5.4
84,56130,6.0
84,59530,9.5
84,28470,14.8
84,89724,6.9
84,61616,8.7
84,42550,8.5
84,51519,6.8
84,70607,6.8
84,53844,5.5
84,75432,6.8
84,50822,10.0
84,19309,7.6
84,56651,10.4
84,57698,7.6
84,32028,13.9
84,56344,10.7
84,78370,10.4
84,74026,6.8
84,17725,7.1
84,24347,10.1
84,14878,5.1
84,58826,8.5
84,74529,8.6
84,78972,6.8
84,44966,6.7
85,46246,282.4
85,83355,108.9
85,75807,130.7
85,15792,212.6
85,38223,151.9
85,70116,198.6
85,76272,370.9
85,70086,27.0
85,69667,207.1
85,69322,195.6
85,61392,337.5
85,60597,74.1
85,90143,81.2
85,78593,136.8
85,43834,320.1
85,81210,197.4
85,55684,127.4
85,14994,33.8
85,78912,205.3
85,59883,87.2
85,60143,202.8
85,74530,299.3
85,59978,28.1
85,51569,150.7
85,78966,115.8
85,56130,165.4
85,59530,28.7
85,28470,492.3
85,89724,219.7
85,61616,29.7
85,42550,133.2
85,51519,370.4
85,70607,19.7
85,53844,483.3
85,75432,169.9
85,50822,42.9
85,19309,412.6
85,56651,213.9
85,57698,237.4
85,32028,92.1
85,56344,22.0
85,78370,302.9
85,74026,350.7
85,17725,147.8
85,24347,152.5
85,14878,23.5
85,58826,49.6
85,74529,136.2
85,78972,84.0
85,44966,158.5
86,46246,14.3
86,83355,13.3
86,75807,19.7
86,15792,18.2
86,38223,10.8
86,70116,15.7
86,76272,16.2
86,70086,9.6
86,69667,7.9
86,69322,18.0
86,61392,21.0
86,60597,11.4
86,90143,10.1
86,78593,9.4
86,43834,11.5
86,81210,9.0
86,55684,12.3
86,14994,10.1
86,78912,22.6
86,59883,13.6
86,60143,12.2
86,74530,17.0
86,59978,7.6
86,51569,23.3
86,78966,15.8
86,56130,11.5
86,59530,8.1
86,28470,17.6
86,89724,12.8
86,61616,8.1
86,42550,11.1
86,51519,15.9
86,70607,13.6
86,53844,21.1
86,75432,6.4
86,50822,10.5
86,19309,17.8
86,56651,10.4
86,57698,13.6
86,32028,12.0
86,56344,17.2
86,78370,16.0
86,74026,7.6
86,17725,9.1
86,24347,22.0
86,14878,6.8
86,58826,9.4
86,74529,12.9
86,78972,11.0
86,44966,10.4
87,46246,31.1
87,83355,70.8
87,75807,20.3
87,15792,44.5
87,38223,45.6
87,70116,66.5
87,76272,24.0
87,70086,54.4
87,69667,28.8
87,69322,26.9
87,61392,68.6
87,60597,66.2
87,90143,12.4
87,78593,16.5
87,43834,71.3
87,81210,22.0
87,55684,34.2
87,14994,14.5
87,78912,64.5
87,59883,49.4
87,60143,15.9
87,74530,59.6
87,59978,22.2
87,51569,45.8
87,78966,23.8
87,56130,37.1
87,59530,37.0
87,28470,41.3
87,89724,38.8
87,61616,15.8
87,42550,48.6
87,51519,71.9
87,70607,74.4
87,53844,65.8
87,75432,31.0
87,50822,14.5
87,19309,64.3
87,56651,64.9
87,57698,28.3
87,32028,61.4
87,56344,13.7
87,78370,31.9
87,74026,15.2
87,17725,20.8
87,24347,67.1
87,14878,31.1
87,58826,34.7
87,74529,32.0
87,78972,15.7
87,44966,67.5
88,46246,19.8
88,83355,32.0
88,75807,12.6
88,15792,20.4
88,38223,10.9
88,70116,17.6
88,76272,14.5
88,70086,15.3
88,69667,16.7
88,69322,24.8
88,61392,24.3
88,60597,11.3
88,90143,14.8
88,78593,11.3
88,43834,21.8
88,81210,15.1
88,55684,12.9
88,14994,14.3
88,78912,17.9
88,59883,13.7
88,60143,21.1
88,74530,17.6
88,59978,8.6
88,51569,14.8
88,78966,22.8
88,56130,9.3
88,59530,12.4
88,28470,22.3
88,89724,15.1
88,61616,12.8
88,42550,16.9
88,51519,13.9
88,70607,10.5
88,53844,28.4
88,75432,13.7
88,50822,15.1
88,19309,28.3
88,56651,24.5
88,57698,13.5
88,32028,18.9
88,56344,15.8
88,78370,19.1
88,74026,22.9
88,17725,12.0
88,24347,27.0
88,14878,13.4
88,58826,16.1
88,74529,9.4
88,78972,16.8
88,44966,12.2
89,46246,533.1
89,83355,748.9
89,75807,229.9
89,15792,423.9
89,38223,520.6
89,70116,646.4
89,76272,518.4
89,70086,39.4
89,69667,173.2
89,69322,543.9
89,61392,668.6
89,60597,645.3
89,90143,617.4
89,78593,644.4
89,43834,1191.7
89,81210,485.7
89,55684,447.0
89,14994,312.2
89,78912,966.5
89,59883,165.8
89,60143,321.5
89,74530,904.4
89,59978,34.8
89,51569,517.3
89,78966,400.0
89,56130,264.1
89,59530,465.0
89,28470,719.2
89,89724,650.9
89,61616,242.8
89,42550,132.3
89,51519,980.3
89,70607,394.3
89,53844,1064.2
89,75432,224.1
89,50822,456.5
89,19309,907.5
89,56651,421.8
89,57698,517.2
89,32028,576.2
89,56344,389.7
89,78370,971.0
89,74026,397.9
89,17725,515.3
89,24347,913.3
89,14878,22.3
89,58826,660.6
89,74529,298.2
89,78972,375.0
89,44966,486.5
90,46246,46.9
90,83355,78.0
90,75807,40.0
90,15792,88.9
90,38223,29.3
90,70116,104.2
90,76272,45.6
90,70086,66.4
90,69667,21.3
90,69322,164.8
90,61392,252.3
90,60597,47.5
90,90143,80.0
90,78593,124.9
90,43834,51.3
90,81210,34.4
90,55684,19.5
90,14994,29.0
90,78912,387.8
90,59883,23.5
90,60143,41.4
90,74530,278.8
90,59978,49.9
90,51569,149.7
90,78966,73.7
90,56130,20.8
90,59530,30.8
90,28470,196.3
90,89724,156.3
90,61616,118.3
90,42550,67.9
90,51519,158.1
90,70607,95.2
90,53844,100.6
90,75432,33.1
90,50822,108.6
90,19309,202.4
90,56651,49.5
90,57698,108.2
90,32028,38.3
90,56344,53.7
90,78370,152.0
90,74026,144.1
90,17725,140.3
90,24347,127.8
90,14878,41.8
90,58826,79.9
90,74529,23.4
90,78972,174.2
90,44966,141.1
91,46246,38.3
91,83355,52.4
91,75807,64.1
91,15792,33.2
91,38223,19.3
91,70116,57.9
91,76272,41.4
91,70086,32.2
91,69667,15.8
91,69322,31.2
91,61392,45.4
91,60597,26.2
91,90143,37.4
91,78593,20.5
91,43834,39.8
91,81210,18.7
91,55684,25.8
91,14994,19.1
91,78912,46.3
91,59883,33.0
91,60143,27.2
91,74530,66.2
91,59978,12.5
91,51569,55.6
91,78966,19.6
91,56130,14.9
91,59530,26.4
91,28470,58.0
91,89724,20.1
91,61616,20.9
91,42550,52.9
91,51519,90.1
91,70607,23.5
91,53844,129.0
91,75432,11.3
91,50822,19.1
91,19309,152.0
91,56651,27.6
91,57698,46.1
91,32028,30.9
91,56344,30.1
91,78370,41.9
91,74026,24.4
91,17725,38.1
91,24347,75.2
91,14878,12.0
91,58826,33.7
91,74529,18.3
91,78972,35.7
91,44966,74.8
92,46246,472.6
92,83355,136.3
92,75807,151.5
92,15792,242.9
92,38223,176.0
92,70116,244.1
92,76272,351.4
92,70086,428.8
92,69667,88.6
92,69322,480.1
92,61392,597.9
92,60597,80.3
92,90143,176.2
92,78593,339.4
92,43834,335.3
92,81210,104.5
92,55684,223.8
92,14994,201.5
92,78912,345.2
92,59883,91.8
92,60143,84.8
92,74530,422.5
92,59978,89.1
92,51569,309.8
92,78966,158.2
92,56130,23.1
92,59530,95.5
92,28470,624.7
92,89724,141.1
92,61616,27.4
92,42550,168.2
92,51519,391.1
92,70607,73.6
92,53844,627.4
92,75432,18.0
92,50822,172.9
92,19309,484.6
92,56651,411.3
92,57698,273.0
92,32028,405.6
92,56344,188.9
92,78370,206.5
92,74026,204.0
92,17725,109.8
92,24347,196.9
92,14878,19.1
92,58826,67.8
92,74529,124.6
92,78972,208.3
92,44966,147.2
93,46246,2237.2
93,83355,2071.2
93,75807,700.9
93,15792,615.2
93,38223,1519.4
93,70116,1913.0
93,76272,1576.8
93,70086,749.8
93,69667,205.5
93,69322,1167.0
93,61392,2048.5
93,60597,595.6
93,90143,203.3
93,78593,504.9
93,43834,1907.3
93,81210,1046.7
93,55684,1576.8
93,14994,41.8
93,78912,1944.1
93,59883,699.4
93,60143,1027.8
93,74530,1889.1
93,59978,38.5
93,51569,1303.3
93,78966,1064.7
93,56130,515.8
93,59530,465.9
93,28470,2120.7
93,89724,1269.1
93,61616,1051.5
93,42550,1078.0
93,51519,1491.5
93,70607,660.6
93,53844,2082.4
93,75432,1091.9
93,50822,622.1
93,19309,2153.8
93,56651,454.3
93,57698,1069.8
93,32028,1569.1
93,56344,930.8
93,78370,2092.4
93,74026,1411.5
93,17725,831.8
93,24347,1284.3
93,14878,441.2
93,58826,1030.4
93,74529,636.9
93,78972,430.7
93,44966,826.0
94,46246,92.5
94,83355,78.7
94,75807,51.8
94,15792,29.4
94,38223,26.0
94,70116,60.8
94,76272,59.1
94,70086,26.5
94,69667,17.9
94,69322,55.2
94,61392,28.2
94,60597,53.9
94,90143,17.8
94,78593,24.5
94,43834,78.5
94,81210,20.9
94,55684,55.2
94,14994,20.8
94,78912,82.3
94,59883,20.6
94,60143,32.0
94,74530,189.0
94,59978,14.3
94,51569,28.9
94,78966,17.6
94,56130,15.5
94,59530,24.9
94,28470,98.3
94,89724,37.3
94,61616,20.5
94,42550,35.0
94,51519,14.7
94,70607,59.1
94,53844,78.8
94,75432,30.0
94,50822,49.1
94,19309,127.2
94,56651,93.6
94,57698,32.4
94,32028,125.5
94,56344,32.3
94,78370,84.9
94,74026,17.2
94,17725,44.6
94,24347,89.2
94,14878,13.1
94,58826,13.3
94,74529,30.7
94,78972,18.0
94,44966,88.4
95,46246,166.6
95,83355,194.8
95,75807,118.9
95,15792,120.6
95,38223,56.3
95,70116,83.4
95,76272,100.6
95,70086,114.6
95,69667,24.7
95,69322,173.4
95,61392,300.0
95,60597,143.1
95,90143,77.9
95,78593,153.7
95,43834,233.3
95,81210,90.0
95,55684,156.1
95,14994,26.5
95,78912,271.1
95,59883,56.6
95,60143,175.9
95,74530,390.9
95,59978,169.4
95,51569,198.3
95,78966,24.5
95,56130,80.8
95,59530,26.2
95,28470,428.9
95,89724,166.1
95,61616,140.8
95,42550,170.7
95,51519,149.0
95,70607,243.1
95,53844,495.9
95,75432,188.1
95,50822,78.5
95,19309,420.8
95,56651,26.1
95,57698,221.8
95,32028,310.2
95,56344,248.6
95,78370,192.4
95,74026,286.6
95,17725,100.5
95,24347,567.1
95,14878,17.0
95,58826,84.0
95,74529,104.2
95,78972,81.5
95,44966,126.5
96,46246,2.4
96,83355,2.0
96,75807,1.4
96,15792,2.4
96,38223,2.1
96,70116,2.4
96,76272,2.2
96,70086,1.4
96,69667,1.7
96,69322,2.1
96,61392,1.9
96,60597,1.4
96,90143,1.2
96,78593,1.8
96,43834,1.7
96,81210,1.3
96,55684,1.1
96,14994,1.8
96,78912,1.2
96,59883,1.8
96,60143,1.3
96,74530,2.8
96,59978,1.0
96,51569,1.3
96,78966,1.7
96,56130,1.9
96,59530,1.2
96,28470,2.2
96,89724,1.9
96,61616,1.7
96,42550,1.8
96,51519,1.6
96,70607,1.5
96,53844,1.0
96,75432,0.9
96,50822,1.0
96,19309,1.2
96,56651,1.0
96,57698,1.7
96,32028,1.7
96,56344,1.2
96,78370,1.2
96,74026,1.4
96,17725,1.2
96,24347,1.1
96,14878,1.3
96,58826,1.4
96,74529,1.7
96,78972,1.3
96,44966,1.9
97,46246,67.1
97,83355,76.8
97,75807,17.6
97,15792,97.1
97,38223,43.5
97,70116,54.7
97,76272,50.2
97,70086,16.4
97,69667,20.9
97,69322,39.9
97,61392,29.9
97,60597,16.8
97,90143,55.1
97,78593,34.4
97,43834,51.9
97,81210,24.9
97,55684,42.8
97,14994,12.5
97,78912,78.8
97,59883,19.3
97,60143,32.0
97,74530,39.1
97,59978,12.3
97,51569,78.4
97,78966,31.7
97,56130,20.8
97,59530,32.4
97,28470,81.4
97,89724,25.1
97,61616,18.9
97,42550,56.9
97,51519,39.0
97,70607,65.3
97,53844,108.9
97,75432,21.2
97,50822,57.7
97,19309,84.2
97,56651,52.5
97,57698,38.7
97,32028,74.2
97,56344,40.6
97,78370,65.0
97,74026,37.6
97,17725,126.9
97,24347,56.0
97,14878,15.3
97,58826,28.1
97,74529,123.5
97,78972,147.0
97,44966,170.9
98,46246,69.9
98,83355,114.7
98,75807,29.4
98,15792,51.6
98,38223,72.1
98,70116,127.2
98,76272,65.4
98,70086,39.5
98,69667,26.5
98,69322,40.2
98,61392,118.9
98,60597,113.0
98,90143,36.1
98,78593,76.3
98,43834,88.3
98,81210,34.9
98,55684,88.6
98,14994,16.7
98,78912,248.8
98,59883,15.9
98,60143,20.7
98,74530,212.1
98,59978,14.2
98,51569,135.8
98,78966,74.2
98,56130,16.2
98,59530,61.5
98,28470,218.2
98,89724,125.1
98,61616,43.9
98,42550,52.0
98,51519,90.1
98,70607,53.1
98,53844,126.7
98,75432,17.6
98,50822,45.6
98,19309,151.0
98,56651,81.0
98,57698,72.5
98,32028,186.9
98,56344,41.3
98,78370,120.5
98,74026,84.4
98,17725,23.9
98,24347,76.2
98,14878,29.7
98,58826,23.3
98,74529,56.6
98,78972,111.3
98,44966,31.5
99,46246,0.8
99,83355,1.1
99,75807,0.5
99,15792,0.6
99,38223,1.3
99,70116,0.6
99,76272,0.8
99,70086,0.9
99,69667,0.2
99,69322,0.3
99,61392,0.3
99,60597,0.7
99,90143,0.6
99,78593,0.6
99,43834,0.4
99,81210,0.3
99,55684,0.6
99,14994,0.2
99,78912,0.3
99,59883,1.0
99,60143,0.8
99,74530,0.6
99,59978,0.6
99,51569,0.5
99,78966,0.4
99,56130,0.1
99,59530,0.3
99,28470,1.0
99,89724,0.5
99,61616,0.7
99,42550,0.8
99,51519,0.3
99,70607,0.5
99,53844,0.4
99,75432,0.4
99,50822,0.7
99,19309,0.9
99,56651,0.1
99,57698,0.7
99,32028,0.6
99,56344,0.3
99,78370,0.5
99,74026,0.6
99,17725,1.2
99,24347,0.7
99,14878,0.6
99,58826,0.5
99,74529,0.3
99,78972,0.5
99,44966,1.2
