0,91870,798.3
0,27042,752.2
0,91983,280.8
0,192,2373.0
0,69684,609.4
0,87113,1577.2
0,79883,0.1
0,77734,262.5
0,87144,499.9
0,50538,0.2
0,42438,751.9
0,29132,2736.6
0,67686,588.9
0,33032,1.1
0,14557,2708.9
0,76325,1.2
0,38018,594.3
0,33034,776.9
0,60845,694.4
0,19582,0.0
0,63145,249.8
0,71550,0.2
0,15802,2212.3
0,11989,0.7
0,41154,2330.8
0,38760,0.2
0,74276,1152.8
0,83403,0.3
0,57060,1901.4
0,36566,808.2
0,66285,0.0
0,64635,0.0
0,9902,772.0
0,89205,2196.3
0,96030,812.7
0,23450,2202.8
0,55682,220.6
0,79012,223.2
0,11285,514.5
0,54295,0.1
0,53460,2149.5
0,32186,0.8
0,98245,0.4
0,33998,0.0
0,33346,1565.5
0,24878,499.0
0,93522,0.2
0,70174,0.7
0,47306,0.0
0,41686,500.2
1,91870,547.2
1,27042,1342.0
1,91983,543.9
1,192,2210.8
1,69684,3.4
1,87113,1288.3
1,79883,333.9
1,77734,0.9
1,87144,1014.8
1,50538,0.1
1,42438,1613.0
1,29132,2321.3
1,67686,536.2
1,33032,0.6
1,14557,2717.0
1,76325,264.5
1,38018,566.6
1,33034,1.4
1,60845,286.0
1,19582,0.1
1,63145,0.1
1,71550,0.0
1,15802,1335.7
1,11989,1.2
1,41154,2569.4
1,38760,0.7
1,74276,819.6
1,83403,0.5
1,57060,990.9
1,36566,493.1
1,66285,0.0
1,64635,0.0
1,9902,813.9
1,89205,2124.6
1,96030,1322.7
1,23450,1084.6
1,55682,321.7
1,79012,880.2
1,11285,984.6
1,54295,0.0
1,53460,1316.2
1,32186,0.4
1,98245,0.0
1,33998,0.3
1,33346,1071.0
1,24878,833.3
1,93522,0.3
1,70174,0.5
1,47306,0.1
1,41686,304.3
2,91870,563.7
2,27042,1059.3
2,91983,9.4
2,192,2424.3
2,69684,535.0
2,87113,1357.8
2,79883,0.6
2,77734,282.1
2,87144,754.7
2,50538,0.3
2,42438,1503.1
2,29132,2354.5
2,67686,1045.8
2,33032,0.9
2,14557,2722.0
2,76325,0.9
2,38018,538.6
2,33034,0.7
2,60845,1065.8
2,19582,0.3
2,63145,259.0
2,71550,0.0
2,15802,1659.0
2,11989,0.9
2,41154,2546.6
2,38760,0.1
2,74276,1059.7
2,83403,0.4
2,57060,2025.5
2,36566,756.4
2,66285,0.0
2,64635,0.1
2,9902,770.8
2,89205,2083.8
2,96030,1137.8
2,23450,1265.7
2,55682,215.0
2,79012,750.0
2,11285,1060.8
2,54295,0.2
2,53460,1804.2
2,32186,0.7
2,98245,0.0
2,33998,0.1
2,33346,978.1
2,24878,245.6
2,93522,1.6
2,70174,0.9
2,47306,0.0
2,41686,3.1
3,91870,241.7
3,27042,1657.2
3,91983,5.6
3,192,2573.5
3,69684,295.1
3,87113,1097.0
3,79883,0.4
3,77734,533.1
3,87144,1016.2
3,50538,0.3
3,42438,1469.8
3,29132,2211.0
3,67686,566.9
3,33032,1.3
3,14557,2617.2
3,76325,0.8
3,38018,242.2
3,33034,276.0
3,60845,1.2
3,19582,4.1
3,63145,0.2
3,71550,0.3
3,15802,2261.9
3,11989,0.8
3,41154,2789.7
3,38760,504.5
3,74276,710.5
3,83403,3.0
3,57060,1890.5
3,36566,1.3
3,66285,0.0
3,64635,0.1
3,9902,534.2
3,89205,1332.5
3,96030,1085.9
3,23450,800.7
3,55682,602.1
3,79012,1034.2
3,11285,1324.8
3,54295,0.0
3,53460,2203.3
3,32186,224.4
3,98245,0.0
3,33998,274.1
3,33346,212.1
3,24878,468.4
3,93522,271.0
3,70174,306.9
3,47306,0.0
3,41686,282.7
4,91870,0.9
4,27042,1824.5
4,91983,6.9
4,192,2681.9
4,69684,4.0
4,87113,871.1
4,79883,0.1
4,77734,0.4
4,87144,470.3
4,50538,0.4
4,42438,1306.2
4,29132,2608.5
4,67686,844.7
4,33032,0.5
4,14557,2721.0
4,76325,0.9
4,38018,801.0
4,33034,280.7
4,60845,528.2
4,19582,0.0
4,63145,0.2
4,71550,0.0
4,15802,1669.1
4,11989,0.9
4,41154,2708.8
4,38760,0.1
4,74276,558.6
4,83403,0.1
4,57060,1537.5
4,36566,473.7
4,66285,0.1
4,64635,0.1
4,9902,2220.4
4,89205,1815.3
4,96030,248.5
4,23450,2001.0
4,55682,267.8
4,79012,761.4
4,11285,1343.1
4,54295,0.1
4,53460,1584.1
4,32186,0.4
4,98245,0.0
4,33998,0.3
4,33346,530.3
4,24878,741.9
4,93522,271.1
4,70174,0.8
4,47306,0.0
4,41686,1.7
5,91870,257.7
5,27042,1838.1
5,91983,0.2
5,192,2322.4
5,69684,234.5
5,87113,1324.9
5,79883,242.4
5,77734,590.5
5,87144,280.9
5,50538,0.3
5,42438,1874.4
5,29132,2505.4
5,67686,520.1
5,33032,1.5
5,14557,2564.6
5,76325,1.0
5,38018,266.7
5,33034,534.5
5,60845,508.8
5,19582,2.0
5,63145,0.1
5,71550,0.1
5,15802,1665.6
5,11989,1.2
5,41154,2415.1
5,38760,0.0
5,74276,505.5
5,83403,0.1
5,57060,2149.9
5,36566,774.9
5,66285,0.0
5,64635,297.3
5,9902,1662.2
5,89205,2193.4
5,96030,1896.8
5,23450,1589.6
5,55682,262.1
5,79012,1384.1
5,11285,547.0
5,54295,0.0
5,53460,2046.4
5,32186,0.6
5,98245,321.2
5,33998,0.1
5,33346,951.4
5,24878,778.3
5,93522,809.1
5,70174,518.2
5,47306,0.0
5,41686,789.2
6,91870,465.6
6,27042,1266.6
6,91983,1.9
6,192,2640.8
6,69684,828.9
6,87113,1848.4
6,79883,0.6
6,77734,1.5
6,87144,891.6
6,50538,0.6
6,42438,1022.1
6,29132,2147.3
6,67686,496.2
6,33032,0.6
6,14557,2668.7
6,76325,0.6
6,38018,1379.4
6,33034,0.3
6,60845,242.9
6,19582,0.4
6,63145,0.0
6,71550,0.0
6,15802,1789.4
6,11989,1.0
6,41154,2122.1
6,38760,0.1
6,74276,498.2
6,83403,0.2
6,57060,1490.9
6,36566,1583.8
6,66285,0.0
6,64635,0.1
6,9902,1468.5
6,89205,1496.0
6,96030,1552.6
6,23450,1056.3
6,55682,4.8
6,79012,884.0
6,11285,1480.9
6,54295,0.1
6,53460,1624.0
6,32186,0.3
6,98245,0.1
6,33998,0.0
6,33346,251.7
6,24878,1268.5
6,93522,0.3
6,70174,277.8
6,47306,0.0
6,41686,1.2
7,91870,256.8
7,27042,540.1
7,91983,250.4
7,192,2717.3
7,69684,5.1
7,87113,860.1
7,79883,0.4
7,77734,1.5
7,87144,1300.3
7,50538,0.3
7,42438,2139.7
7,29132,2608.1
7,67686,1005.2
7,33032,0.6
7,14557,2614.6
7,76325,0.4
7,38018,482.1
7,33034,503.6
7,60845,4.1
7,19582,0.2
7,63145,0.2
7,71550,0.0
7,15802,1774.1
7,11989,0.7
7,41154,2569.1
7,38760,0.1
7,74276,710.9
7,83403,558.0
7,57060,983.4
7,36566,522.5
7,66285,0.0
7,64635,0.1
7,9902,857.2
7,89205,745.2
7,96030,946.0
7,23450,557.9
7,55682,224.7
7,79012,1452.5
7,11285,1580.9
7,54295,0.0
7,53460,1333.4
7,32186,0.3
7,98245,288.2
7,33998,0.1
7,33346,482.8
7,24878,500.1
7,93522,252.2
7,70174,549.2
7,47306,0.0
7,41686,1.5
8,91870,550.5
8,27042,1034.0
8,91983,296.6
8,192,2572.4
8,69684,9.3
8,87113,612.1
8,79883,280.3
8,77734,1.1
8,87144,492.1
8,50538,0.5
8,42438,1295.8
8,29132,2700.3
8,67686,1635.6
8,33032,1.0
8,14557,2590.4
8,76325,0.3
8,38018,789.1
8,33034,569.2
8,60845,1061.2
8,19582,230.6
8,63145,256.4
8,71550,0.4
8,15802,902.3
8,11989,1.0
8,41154,2144.0
8,38760,271.5
8,74276,1262.6
8,83403,0.0
8,57060,2111.7
8,36566,826.2
8,66285,0.5
8,64635,0.3
8,9902,1113.0
8,89205,1557.2
8,96030,1796.5
8,23450,1602.4
8,55682,523.2
8,79012,230.7
8,11285,1367.2
8,54295,0.2
8,53460,1913.8
8,32186,0.7
8,98245,577.3
8,33998,0.0
8,33346,232.2
8,24878,1.5
8,93522,0.6
8,70174,1.2
8,47306,0.0
8,41686,270.1
9,91870,597.7
9,27042,1583.5
9,91983,3.0
9,192,2541.1
9,69684,735.0
9,87113,1610.4
9,79883,0.2
9,77734,224.1
9,87144,265.1
9,50538,0.2
9,42438,1843.7
9,29132,2071.2
9,67686,285.4
9,33032,1.5
9,14557,2526.1
9,76325,228.8
9,38018,536.2
9,33034,0.6
9,60845,809.6
9,19582,0.2
9,63145,0.0
9,71550,0.4
9,15802,1362.9
9,11989,0.9
9,41154,2541.4
9,38760,0.0
9,74276,1386.0
9,83403,244.7
9,57060,963.2
9,36566,771.1
9,66285,0.0
9,64635,0.0
9,9902,1849.2
9,89205,1945.9
9,96030,1704.7
9,23450,1009.5
9,55682,253.3
9,79012,808.8
9,11285,1282.4
9,54295,0.1
9,53460,1922.7
9,32186,0.7
9,98245,0.0
9,33998,0.0
9,33346,1071.2
9,24878,255.4
9,93522,0.5
9,70174,0.6
9,47306,0.0
9,41686,1078.4
10,91870,523.1
10,27042,1325.0
10,91983,557.7
10,192,2615.6
10,69684,342.5
10,87113,1696.7
10,79883,0.2
10,77734,1.7
10,87144,740.0
10,50538,0.5
10,42438,1098.2
10,29132,2532.2
10,67686,1050.4
10,33032,529.3
10,14557,2349.6
10,76325,3.7
10,38018,6.5
10,33034,0.3
10,60845,1825.1
10,19582,295.9
10,63145,0.1
10,71550,0.0
10,15802,2553.3
10,11989,0.7
10,41154,2588.6
10,38760,0.6
10,74276,1312.7
10,83403,0.1
10,57060,2017.6
10,36566,1059.5
10,66285,0.0
10,64635,0.3
10,9902,2048.0
10,89205,1813.1
10,96030,1194.5
10,23450,1574.0
10,55682,3.5
10,79012,1370.2
10,11285,1492.9
10,54295,0.1
10,53460,2021.0
10,32186,0.4
10,98245,0.0
10,33998,0.0
10,33346,523.1
10,24878,765.6
10,93522,0.4
10,70174,283.4
10,47306,0.0
10,41686,3.2
11,91870,538.5
11,27042,750.6
11,91983,238.9
11,192,2512.2
11,69684,754.2
11,87113,1858.0
11,79883,263.3
11,77734,253.9
11,87144,263.7
11,50538,0.1
11,42438,781.1
11,29132,2513.9
11,67686,1112.8
11,33032,1.0
11,14557,2699.3
11,76325,0.8
11,38018,540.8
11,33034,523.7
11,60845,798.3
11,19582,0.1
11,63145,0.1
11,71550,0.0
11,15802,1568.6
11,11989,1.1
11,41154,2774.3
11,38760,0.1
11,74276,808.9
11,83403,0.2
11,57060,2233.7
11,36566,546.2
11,66285,279.0
11,64635,0.0
11,9902,1529.9
11,89205,817.2
11,96030,775.0
11,23450,968.2
11,55682,515.4
11,79012,497.5
11,11285,551.2
11,54295,0.0
11,53460,2401.9
11,32186,222.0
11,98245,0.0
11,33998,288.1
11,33346,1240.0
11,24878,1383.0
11,93522,0.6
11,70174,286.6
11,47306,1.4
11,41686,470.6
12,91870,248.8
12,27042,1224.8
12,91983,0.2
12,192,2606.7
12,69684,299.1
12,87113,805.3
12,79883,0.4
12,77734,326.8
12,87144,773.8
12,50538,234.5
12,42438,1622.2
12,29132,2384.3
12,67686,505.4
12,33032,0.8
12,14557,2584.0
12,76325,249.0
12,38018,1120.2
12,33034,293.6
12,60845,1330.9
12,19582,0.5
12,63145,0.0
12,71550,0.2
12,15802,2203.0
12,11989,0.9
12,41154,2701.0
12,38760,0.2
12,74276,209.8
12,83403,15.8
12,57060,2152.5
12,36566,1309.0
12,66285,0.0
12,64635,0.2
12,9902,1307.1
12,89205,1723.6
12,96030,521.4
12,23450,1288.5
12,55682,258.1
12,79012,484.7
12,11285,471.8
12,54295,0.1
12,53460,1644.1
12,32186,0.7
12,98245,0.0
12,33998,284.7
12,33346,916.1
12,24878,531.0
12,93522,0.3
12,70174,311.2
12,47306,0.0
12,41686,305.8
13,91870,0.5
13,27042,1577.1
13,91983,494.6
13,192,2665.0
13,69684,565.1
13,87113,602.2
13,79883,0.2
13,77734,227.4
13,87144,603.8
13,50538,0.1
13,42438,1821.4
13,29132,2681.7
13,67686,537.8
13,33032,0.8
13,14557,2504.7
13,76325,0.9
13,38018,716.7
13,33034,525.9
13,60845,509.5
13,19582,0.7
13,63145,0.3
13,71550,0.0
13,15802,1620.0
13,11989,0.8
13,41154,2636.2
13,38760,243.8
13,74276,967.7
13,83403,0.1
13,57060,1515.9
13,36566,313.7
13,66285,0.0
13,64635,0.0
13,9902,1417.3
13,89205,1294.6
13,96030,1132.3
13,23450,1788.3
13,55682,11.0
13,79012,1065.7
13,11285,1388.7
13,54295,0.0
13,53460,1779.3
13,32186,0.8
13,98245,0.3
13,33998,0.0
13,33346,845.0
13,24878,495.0
13,93522,0.3
13,70174,0.4
13,47306,0.0
13,41686,277.0
14,91870,214.0
14,27042,1352.1
14,91983,495.3
14,192,2189.0
14,69684,281.2
14,87113,787.2
14,79883,5.3
14,77734,250.3
14,87144,282.3
14,50538,0.3
14,42438,1295.0
14,29132,2723.8
14,67686,790.8
14,33032,0.7
14,14557,2658.4
14,76325,0.4
14,38018,763.9
14,33034,1.9
14,60845,549.4
14,19582,3.1
14,63145,0.6
14,71550,0.2
14,15802,1188.8
14,11989,1.3
14,41154,2621.3
14,38760,0.2
14,74276,254.5
14,83403,0.5
14,57060,2476.8
14,36566,1011.2
14,66285,0.0
14,64635,0.0
14,9902,1027.7
14,89205,1644.1
14,96030,1487.1
14,23450,1496.3
14,55682,4.6
14,79012,1064.1
14,11285,1362.9
14,54295,0.2
14,53460,2408.2
14,32186,1.1
14,98245,0.5
14,33998,0.0
14,33346,483.4
14,24878,542.4
14,93522,0.4
14,70174,510.4
14,47306,0.0
14,41686,668.8
15,91870,820.8
15,27042,712.3
15,91983,2.7
15,192,2479.9
15,69684,286.6
15,87113,1133.8
15,79883,0.0
15,77734,1.0
15,87144,959.4
15,50538,0.3
15,42438,577.2
15,29132,2567.5
15,67686,233.4
15,33032,0.8
15,14557,2419.9
15,76325,0.7
15,38018,584.0
15,33034,851.7
15,60845,564.9
15,19582,287.9
15,63145,0.0
15,71550,0.1
15,15802,2186.8
15,11989,1.1
15,41154,2679.6
15,38760,0.1
15,74276,503.0
15,83403,0.2
15,57060,1810.9
15,36566,532.6
15,66285,0.2
15,64635,0.1
15,9902,3.0
15,89205,1910.5
15,96030,1058.2
15,23450,1324.7
15,55682,13.1
15,79012,1065.1
15,11285,1497.2
15,54295,0.1
15,53460,1842.6
15,32186,1.6
15,98245,0.0
15,33998,0.5
15,33346,1364.1
15,24878,509.9
15,93522,0.2
15,70174,277.1
15,47306,0.0
15,41686,569.2
16,91870,494.2
16,27042,1131.3
16,91983,4.9
16,192,2555.3
16,69684,581.3
16,87113,1660.0
16,79883,290.4
16,77734,295.4
16,87144,978.8
16,50538,0.6
16,42438,1403.7
16,29132,2067.7
16,67686,495.4
16,33032,1.5
16,14557,2686.4
16,76325,0.7
16,38018,249.9
16,33034,237.4
16,60845,966.7
16,19582,0.0
16,63145,0.4
16,71550,0.1
16,15802,1348.3
16,11989,0.5
16,41154,2582.2
16,38760,0.0
16,74276,768.2
16,83403,0.0
16,57060,1570.6
16,36566,1057.7
16,66285,1.1
16,64635,0.2
16,9902,1143.2
16,89205,1539.9
16,96030,2115.3
16,23450,942.8
16,55682,2.9
16,79012,755.2
16,11285,1066.1
16,54295,0.0
16,53460,1359.0
16,32186,0.7
16,98245,0.0
16,33998,0.0
16,33346,254.9
16,24878,0.9
16,93522,0.7
16,70174,1.8
16,47306,0.0
16,41686,292.9
17,91870,248.8
17,27042,1056.7
17,91983,15.5
17,192,2699.6
17,69684,749.5
17,87113,1849.5
17,79883,0.5
17,77734,0.6
17,87144,456.1
17,50538,0.3
17,42438,1699.7
17,29132,2164.6
17,67686,248.0
17,33032,0.5
17,14557,2379.7
17,76325,0.5
17,38018,8.5
17,33034,325.9
17,60845,842.1
17,19582,2.7
17,63145,0.4
17,71550,0.0
17,15802,738.4
17,11989,1.2
17,41154,2674.9
17,38760,0.0
17,74276,501.9
17,83403,0.2
17,57060,1967.2
17,36566,2.2
17,66285,0.0
17,64635,0.1
17,9902,1000.9
17,89205,2116.0
17,96030,1015.5
17,23450,1515.4
17,55682,5.5
17,79012,993.8
17,11285,798.7
17,54295,0.4
17,53460,1801.3
17,32186,0.4
17,98245,0.0
17,33998,0.0
17,33346,1045.6
17,24878,283.1
17,93522,0.4
17,70174,0.8
17,47306,0.0
17,41686,289.8
18,91870,572.6
18,27042,937.5
18,91983,0.3
18,192,2599.2
18,69684,588.7
18,87113,477.0
18,79883,0.2
18,77734,0.5
18,87144,740.9
18,50538,242.0
18,42438,1024.0
18,29132,2543.1
18,67686,1074.9
18,33032,0.9
18,14557,2408.7
18,76325,1.2
18,38018,2.9
18,33034,1.2
18,60845,745.8
18,19582,0.1
18,63145,0.2
18,71550,0.0
18,15802,996.1
18,11989,0.9
18,41154,2746.8
18,38760,320.1
18,74276,302.7
18,83403,0.3
18,57060,2352.5
18,36566,1408.3
18,66285,225.1
18,64635,0.0
18,9902,793.3
18,89205,1527.0
18,96030,1379.8
18,23450,1542.5
18,55682,3.3
18,79012,1003.3
18,11285,1067.1
18,54295,0.4
18,53460,2575.0
18,32186,240.7
18,98245,0.0
18,33998,248.5
18,33346,968.1
18,24878,511.3
18,93522,0.6
18,70174,292.5
18,47306,0.0
18,41686,255.8
19,91870,492.6
19,27042,1437.1
19,91983,6.0
19,192,2324.9
19,69684,245.8
19,87113,1851.2
19,79883,14.5
19,77734,244.5
19,87144,248.5
19,50538,0.3
19,42438,2140.4
19,29132,1841.1
19,67686,10.5
19,33032,0.9
19,14557,1902.0
19,76325,0.9
19,38018,741.3
19,33034,555.3
19,60845,529.8
19,19582,2.8
19,63145,0.2
19,71550,0.1
19,15802,1464.1
19,11989,0.9
19,41154,2240.9
19,38760,0.1
19,74276,1111.5
19,83403,256.0
19,57060,1177.1
19,36566,1348.0
19,66285,0.0
19,64635,0.1
19,9902,1020.2
19,89205,1629.2
19,96030,1053.0
19,23450,1057.8
19,55682,13.0
19,79012,597.6
19,11285,1507.4
19,54295,0.0
19,53460,2000.9
19,32186,0.3
19,98245,0.0
19,33998,0.0
19,33346,1035.3
19,24878,589.3
19,93522,0.5
19,70174,1.5
19,47306,0.0
19,41686,756.7
20,91870,238.4
20,27042,2028.1
20,91983,5.7
20,192,2362.4
20,69684,263.3
20,87113,1818.0
20,79883,9.5
20,77734,235.5
20,87144,278.1
20,50538,0.2
20,42438,1344.8
20,29132,2465.6
20,67686,508.0
20,33032,1.1
20,14557,2458.2
20,76325,242.3
20,38018,999.0
20,33034,286.5
20,60845,559.0
20,19582,0.1
20,63145,0.5
20,71550,0.1
20,15802,1018.6
20,11989,1.0
20,41154,2321.7
20,38760,0.0
20,74276,3.7
20,83403,0.5
20,57060,1413.3
20,36566,748.9
20,66285,0.3
20,64635,0.5
20,9902,730.5
20,89205,1391.0
20,96030,1132.5
20,23450,1025.5
20,55682,6.5
20,79012,1747.5
20,11285,1377.2
20,54295,0.3
20,53460,1492.7
20,32186,0.8
20,98245,0.0
20,33998,0.0
20,33346,810.1
20,24878,0.8
20,93522,0.2
20,70174,0.9
20,47306,0.0
20,41686,810.6
21,91870,700.0
21,27042,1482.6
21,91983,0.4
21,192,2486.0
21,69684,21.8
21,87113,834.3
21,79883,248.2
21,77734,220.6
21,87144,292.6
21,50538,0.6
21,42438,1591.5
21,29132,2729.6
21,67686,1091.5
21,33032,0.9
21,14557,2670.5
21,76325,0.9
21,38018,294.0
21,33034,509.0
21,60845,1351.4
21,19582,0.0
21,63145,0.0
21,71550,255.0
21,15802,1497.7
21,11989,0.8
21,41154,2280.2
21,38760,0.4
21,74276,534.3
21,83403,0.4
21,57060,2252.8
21,36566,1014.7
21,66285,0.0
21,64635,0.0
21,9902,1354.4
21,89205,1522.4
21,96030,1561.3
21,23450,1867.9
21,55682,8.7
21,79012,749.5
21,11285,774.2
21,54295,0.0
21,53460,1779.4
21,32186,0.4
21,98245,0.0
21,33998,0.0
21,33346,874.1
21,24878,250.8
21,93522,265.2
21,70174,2.0
21,47306,0.0
21,41686,472.5
22,91870,208.3
22,27042,1540.9
22,91983,4.0
22,192,2150.4
22,69684,544.4
22,87113,1913.0
22,79883,320.0
22,77734,0.8
22,87144,493.2
22,50538,0.3
22,42438,2001.3
22,29132,2141.9
22,67686,1094.6
22,33032,509.3
22,14557,2715.6
22,76325,0.6
22,38018,785.0
22,33034,1.4
22,60845,410.1
22,19582,0.1
22,63145,0.4
22,71550,0.1
22,15802,1429.3
22,11989,0.9
22,41154,2584.2
22,38760,338.7
22,74276,780.3
22,83403,0.2
22,57060,2181.2
22,36566,1307.3
22,66285,0.8
22,64635,0.0
22,9902,1602.3
22,89205,1210.9
22,96030,1828.6
22,23450,807.7
22,55682,2.9
22,79012,1028.0
22,11285,1026.7
22,54295,0.0
22,53460,1921.9
22,32186,0.6
22,98245,272.9
22,33998,217.5
22,33346,1126.2
22,24878,0.5
22,93522,515.3
22,70174,326.9
22,47306,0.0
22,41686,275.7
23,91870,1137.4
23,27042,1380.5
23,91983,290.6
23,192,2641.8
23,69684,512.2
23,87113,1318.9
23,79883,250.4
23,77734,0.4
23,87144,235.4
23,50538,0.2
23,42438,2410.8
23,29132,2662.7
23,67686,247.8
23,33032,0.4
23,14557,2228.0
23,76325,1.0
23,38018,1091.6
23,33034,245.5
23,60845,564.8
23,19582,0.4
23,63145,0.1
23,71550,1.5
23,15802,1832.8
23,11989,0.6
23,41154,2394.0
23,38760,0.4
23,74276,1065.0
23,83403,0.3
23,57060,1567.4
23,36566,1363.8
23,66285,0.0
23,64635,0.1
23,9902,1038.3
23,89205,1726.8
23,96030,1053.6
23,23450,1508.8
23,55682,320.8
23,79012,1261.4
23,11285,1031.9
23,54295,0.1
23,53460,2434.8
23,32186,263.6
23,98245,267.3
23,33998,0.2
23,33346,1971.1
23,24878,550.5
23,93522,0.5
23,70174,487.3
23,47306,0.0
23,41686,256.3
24,91870,482.2
24,27042,1814.2
24,91983,299.3
24,192,1782.4
24,69684,7.6
24,87113,1953.3
24,79883,0.6
24,77734,289.3
24,87144,705.0
24,50538,0.3
24,42438,1633.3
24,29132,2578.7
24,67686,3.2
24,33032,1.0
24,14557,2682.3
24,76325,1.2
24,38018,830.4
24,33034,266.1
24,60845,759.3
24,19582,553.4
24,63145,0.4
24,71550,0.0
24,15802,1193.2
24,11989,0.5
24,41154,2555.0
24,38760,0.4
24,74276,1325.5
24,83403,0.2
24,57060,2161.4
24,36566,1536.0
24,66285,0.0
24,64635,0.0
24,9902,1379.2
24,89205,497.7
24,96030,1270.1
24,23450,1065.9
24,55682,853.4
24,79012,1326.7
24,11285,1266.3
24,54295,0.2
24,53460,1581.8
24,32186,2.4
24,98245,2.0
24,33998,0.2
24,33346,733.3
24,24878,286.3
24,93522,287.0
24,70174,0.2
24,47306,0.0
24,41686,252.2
25,91870,1072.4
25,27042,2154.3
25,91983,512.5
25,192,2334.4
25,69684,264.4
25,87113,1106.1
25,79883,228.0
25,77734,289.4
25,87144,600.3
25,50538,0.3
25,42438,1528.5
25,29132,2078.7
25,67686,1138.6
25,33032,0.3
25,14557,2541.4
25,76325,0.8
25,38018,973.7
25,33034,281.1
25,60845,996.6
25,19582,0.3
25,63145,0.0
25,71550,0.0
25,15802,1337.0
25,11989,1.0
25,41154,2131.0
25,38760,0.1
25,74276,723.5
25,83403,0.2
25,57060,1708.0
25,36566,479.7
25,66285,0.0
25,64635,0.3
25,9902,1893.4
25,89205,1336.1
25,96030,935.7
25,23450,1351.8
25,55682,540.9
25,79012,819.1
25,11285,1385.0
25,54295,0.0
25,53460,2152.4
25,32186,0.5
25,98245,266.5
25,33998,0.0
25,33346,531.5
25,24878,273.1
25,93522,0.3
25,70174,560.5
25,47306,0.0
25,41686,775.5
26,91870,1289.7
26,27042,1085.3
26,91983,235.3
26,192,2327.9
26,69684,247.1
26,87113,1782.3
26,79883,0.2
26,77734,2.0
26,87144,1004.3
26,50538,0.7
26,42438,1376.1
26,29132,2093.5
26,67686,1142.7
26,33032,0.5
26,14557,2420.1
26,76325,0.9
26,38018,863.5
26,33034,0.9
26,60845,770.0
26,19582,0.1
26,63145,0.2
26,71550,0.1
26,15802,1412.5
26,11989,1.2
26,41154,2607.3
26,38760,0.1
26,74276,815.1
26,83403,0.2
26,57060,1449.7
26,36566,1116.3
26,66285,504.8
26,64635,0.1
26,9902,685.3
26,89205,1072.2
26,96030,1280.5
26,23450,1881.9
26,55682,260.6
26,79012,794.2
26,11285,803.7
26,54295,0.1
26,53460,1956.3
26,32186,0.7
26,98245,0.0
26,33998,0.2
26,33346,1090.6
26,24878,519.0
26,93522,0.4
26,70174,490.5
26,47306,0.0
26,41686,2.3
27,91870,484.9
27,27042,1038.4
27,91983,0.3
27,192,2324.8
27,69684,1082.6
27,87113,1285.5
27,79883,0.3
27,77734,0.5
27,87144,785.7
27,50538,0.5
27,42438,1352.2
27,29132,1889.8
27,67686,539.6
27,33032,0.7
27,14557,2359.5
27,76325,1.1
27,38018,511.8
27,33034,260.2
27,60845,1704.9
27,19582,0.1
27,63145,0.3
27,71550,0.2
27,15802,587.3
27,11989,0.5
27,41154,2293.6
27,38760,0.2
27,74276,774.7
27,83403,0.4
27,57060,2267.1
27,36566,499.7
27,66285,0.0
27,64635,0.0
27,9902,1113.6
27,89205,1636.2
27,96030,944.8
27,23450,1701.4
27,55682,4.1
27,79012,549.4
27,11285,461.0
27,54295,0.0
27,53460,2611.8
27,32186,0.5
27,98245,0.0
27,33998,0.0
27,33346,797.8
27,24878,287.3
27,93522,1.2
27,70174,1.1
27,47306,0.0
27,41686,257.5
28,91870,453.2
28,27042,2316.3
28,91983,0.7
28,192,2144.0
28,69684,537.0
28,87113,2208.3
28,79883,260.7
28,77734,0.5
28,87144,798.1
28,50538,0.4
28,42438,1664.3
28,29132,2063.4
28,67686,1025.5
28,33032,0.7
28,14557,2668.0
28,76325,0.7
28,38018,287.3
28,33034,1.5
28,60845,1091.5
28,19582,0.2
28,63145,0.1
28,71550,0.0
28,15802,2248.8
28,11989,0.6
28,41154,2533.8
28,38760,0.0
28,74276,2.6
28,83403,0.1
28,57060,1968.0
28,36566,526.5
28,66285,236.6
28,64635,0.1
28,9902,1331.5
28,89205,775.2
28,96030,555.6
28,23450,1589.5
28,55682,5.5
28,79012,1811.0
28,11285,993.6
28,54295,0.0
28,53460,2020.4
28,32186,0.1
28,98245,0.0
28,33998,256.8
28,33346,812.8
28,24878,563.0
28,93522,0.3
28,70174,0.9
28,47306,0.0
28,41686,270.1
29,91870,273.3
29,27042,1320.3
29,91983,0.5
29,192,2311.9
29,69684,794.0
29,87113,819.6
29,79883,0.3
29,77734,1.6
29,87144,987.2
29,50538,0.5
29,42438,1366.6
29,29132,2314.5
29,67686,777.7
29,33032,261.6
29,14557,2241.7
29,76325,0.8
29,38018,477.8
29,33034,227.5
29,60845,530.2
29,19582,0.1
29,63145,0.3
29,71550,0.1
29,15802,2507.6
29,11989,1.0
29,41154,2351.1
29,38760,0.1
29,74276,210.8
29,83403,0.4
29,57060,2324.9
29,36566,1258.6
29,66285,0.0
29,64635,0.0
29,9902,1488.4
29,89205,1215.1
29,96030,1784.3
29,23450,1297.3
29,55682,1105.6
29,79012,1060.1
29,11285,1636.7
29,54295,0.1
29,53460,2462.2
29,32186,0.5
29,98245,0.0
29,33998,0.0
29,33346,1147.3
29,24878,512.6
29,93522,320.4
29,70174,0.4
29,47306,0.0
29,41686,737.8
30,91870,264.8
30,27042,1121.6
30,91983,308.2
30,192,2551.6
30,69684,15.3
30,87113,1627.3
30,79883,0.3
30,77734,0.8
30,87144,1529.5
30,50538,292.9
30,42438,1488.2
30,29132,2476.9
30,67686,302.6
30,33032,0.6
30,14557,2367.9
30,76325,0.7
30,38018,517.9
30,33034,1.1
30,60845,728.5
30,19582,0.2
30,63145,276.7
30,71550,321.8
30,15802,1535.9
30,11989,1.4
30,41154,2678.1
30,38760,0.1
30,74276,1341.5
30,83403,0.2
30,57060,1934.3
30,36566,1330.9
30,66285,0.0
30,64635,0.0
30,9902,1948.0
30,89205,2029.8
30,96030,1435.0
30,23450,1629.2
30,55682,2.0
30,79012,564.6
30,11285,1109.9
30,54295,0.1
30,53460,1665.2
30,32186,0.3
30,98245,0.0
30,33998,0.0
30,33346,1107.3
30,24878,1.7
30,93522,247.6
30,70174,0.5
30,47306,0.0
30,41686,532.5
31,91870,942.2
31,27042,1545.2
31,91983,0.1
31,192,2032.2
31,69684,532.2
31,87113,1032.1
31,79883,0.2
31,77734,1.0
31,87144,3.6
31,50538,0.3
31,42438,986.9
31,29132,2476.5
31,67686,598.0
31,33032,0.5
31,14557,2452.4
31,76325,0.7
31,38018,256.5
31,33034,0.7
31,60845,1019.9
31,19582,0.3
31,63145,0.4
31,71550,0.0
31,15802,1885.8
31,11989,1.3
31,41154,2558.3
31,38760,0.1
31,74276,538.9
31,83403,0.3
31,57060,1988.4
31,36566,1239.1
31,66285,0.0
31,64635,0.0
31,9902,1718.2
31,89205,1552.7
31,96030,1547.3
31,23450,1436.3
31,55682,272.6
31,79012,823.5
31,11285,963.8
31,54295,0.1
31,53460,2214.8
31,32186,281.9
31,98245,0.2
31,33998,0.0
31,33346,793.5
31,24878,248.0
31,93522,0.5
31,70174,309.0
31,47306,0.0
31,41686,563.3
32,91870,255.0
32,27042,693.1
32,91983,0.3
32,192,2445.5
32,69684,469.4
32,87113,862.0
32,79883,0.4
32,77734,551.1
32,87144,579.3
32,50538,0.2
32,42438,1855.5
32,29132,2272.8
32,67686,250.3
32,33032,0.5
32,14557,2661.8
32,76325,0.8
32,38018,571.3
32,33034,777.2
32,60845,756.0
32,19582,0.2
32,63145,0.6
32,71550,0.1
32,15802,1368.4
32,11989,0.5
32,41154,2718.6
32,38760,0.3
32,74276,1151.4
32,83403,0.4
32,57060,1878.5
32,36566,836.2
32,66285,0.0
32,64635,0.0
32,9902,1226.9
32,89205,1345.7
32,96030,1216.5
32,23450,1653.2
32,55682,10.1
32,79012,1081.4
32,11285,891.4
32,54295,0.0
32,53460,1922.6
32,32186,1.0
32,98245,258.1
32,33998,0.0
32,33346,1032.0
32,24878,521.5
32,93522,258.7
32,70174,268.5
32,47306,0.0
32,41686,533.5
33,91870,820.5
33,27042,1372.9
33,91983,248.0
33,192,2627.9
33,69684,1053.5
33,87113,1075.3
33,79883,0.2
33,77734,492.1
33,87144,533.0
33,50538,239.9
33,42438,1475.2
33,29132,2591.6
33,67686,837.7
33,33032,0.4
33,14557,2205.1
33,76325,0.9
33,38018,316.9
33,33034,751.0
33,60845,1377.8
33,19582,0.2
33,63145,0.3
33,71550,0.2
33,15802,1045.9
33,11989,0.7
33,41154,2571.1
33,38760,249.4
33,74276,790.4
33,83403,0.2
33,57060,1849.8
33,36566,511.6
33,66285,0.0
33,64635,0.1
33,9902,1328.8
33,89205,1495.0
33,96030,1464.4
33,23450,1491.1
33,55682,5.3
33,79012,810.4
33,11285,1639.7
33,54295,0.0
33,53460,2001.9
33,32186,0.6
33,98245,0.0
33,33998,0.0
33,33346,216.5
33,24878,217.5
33,93522,0.4
33,70174,1.6
33,47306,0.1
33,41686,274.4
34,91870,763.6
34,27042,1306.6
34,91983,0.4
34,192,1822.6
34,69684,257.0
34,87113,553.4
34,79883,285.4
34,77734,290.7
34,87144,1038.1
34,50538,0.1
34,42438,2468.6
34,29132,2388.8
34,67686,978.3
34,33032,1.0
34,14557,2732.7
34,76325,0.7
34,38018,469.6
34,33034,566.6
34,60845,1278.9
34,19582,0.1
34,63145,0.2
34,71550,0.3
34,15802,1207.4
34,11989,1.4
34,41154,2711.3
34,38760,0.2
34,74276,552.7
34,83403,0.1
34,57060,2173.4
34,36566,1814.6
34,66285,0.0
34,64635,0.1
34,9902,742.3
34,89205,1582.1
34,96030,1356.7
34,23450,1462.6
34,55682,8.3
34,79012,1419.0
34,11285,1316.8
34,54295,0.3
34,53460,2176.2
34,32186,0.7
34,98245,2.6
34,33998,514.0
34,33346,1065.4
34,24878,0.6
34,93522,0.1
34,70174,0.9
34,47306,0.3
34,41686,518.3
35,91870,270.6
35,27042,1031.8
35,91983,3.0
35,192,2682.3
35,69684,766.1
35,87113,1530.5
35,79883,0.4
35,77734,1.0
35,87144,479.9
35,50538,0.2
35,42438,1316.4
35,29132,2282.4
35,67686,513.2
35,33032,1.0
35,14557,2675.6
35,76325,264.8
35,38018,570.5
35,33034,226.2
35,60845,280.8
35,19582,0.2
35,63145,0.5
35,71550,0.0
35,15802,1683.1
35,11989,0.6
35,41154,2533.4
35,38760,0.2
35,74276,301.4
35,83403,0.2
35,57060,2056.8
35,36566,741.9
35,66285,0.0
35,64635,0.0
35,9902,1474.6
35,89205,1661.9
35,96030,702.5
35,23450,1678.4
35,55682,5.1
35,79012,952.0
35,11285,1195.9
35,54295,0.2
35,53460,1771.3
35,32186,517.4
35,98245,0.1
35,33998,275.5
35,33346,815.3
35,24878,266.7
35,93522,0.6
35,70174,288.4
35,47306,0.0
35,41686,251.8
36,91870,507.7
36,27042,1913.5
36,91983,6.3
36,192,2660.1
36,69684,1098.8
36,87113,885.3
36,79883,7.3
36,77734,8.3
36,87144,546.3
36,50538,0.5
36,42438,2407.1
36,29132,1982.7
36,67686,506.4
36,33032,0.9
36,14557,2638.6
36,76325,0.8
36,38018,561.0
36,33034,269.2
36,60845,2.1
36,19582,1.0
36,63145,0.4
36,71550,0.3
36,15802,1794.4
36,11989,1.4
36,41154,2451.1
36,38760,181.4
36,74276,1312.5
36,83403,0.3
36,57060,1943.7
36,36566,1254.3
36,66285,0.0
36,64635,0.0
36,9902,978.7
36,89205,1137.1
36,96030,1266.1
36,23450,2187.7
36,55682,3.2
36,79012,1184.0
36,11285,1137.2
36,54295,0.1
36,53460,2232.6
36,32186,0.7
36,98245,0.0
36,33998,0.1
36,33346,705.9
36,24878,1.7
36,93522,0.6
36,70174,256.3
36,47306,0.0
36,41686,277.1
37,91870,0.8
37,27042,1893.7
37,91983,0.7
37,192,2552.8
37,69684,295.6
37,87113,543.2
37,79883,0.2
37,77734,509.8
37,87144,496.5
37,50538,0.5
37,42438,1937.5
37,29132,2545.9
37,67686,246.6
37,33032,0.8
37,14557,2535.7
37,76325,0.7
37,38018,601.5
37,33034,297.6
37,60845,677.9
37,19582,231.6
37,63145,0.3
37,71550,0.3
37,15802,1385.0
37,11989,0.8
37,41154,2306.4
37,38760,1.2
37,74276,1255.2
37,83403,268.0
37,57060,2047.3
37,36566,538.8
37,66285,0.0
37,64635,0.0
37,9902,867.7
37,89205,1379.4
37,96030,806.4
37,23450,551.0
37,55682,525.4
37,79012,833.4
37,11285,1569.5
37,54295,0.0
37,53460,1602.1
37,32186,0.5
37,98245,0.0
37,33998,0.0
37,33346,720.4
37,24878,693.2
37,93522,1.7
37,70174,258.2
37,47306,0.0
37,41686,527.2
38,91870,598.6
38,27042,1302.3
38,91983,282.5
38,192,2327.0
38,69684,696.1
38,87113,1836.1
38,79883,6.7
38,77734,0.8
38,87144,509.9
38,50538,0.1
38,42438,1037.9
38,29132,2402.3
38,67686,810.0
38,33032,0.8
38,14557,2284.5
38,76325,1.0
38,38018,522.7
38,33034,1.2
38,60845,1045.5
38,19582,480.9
38,63145,211.4
38,71550,0.2
38,15802,1991.1
38,11989,1.0
38,41154,2594.0
38,38760,0.1
38,74276,1821.1
38,83403,247.5
38,57060,1640.4
38,36566,984.2
38,66285,0.0
38,64635,0.1
38,9902,1766.5
38,89205,1591.5
38,96030,1014.2
38,23450,1316.5
38,55682,3.4
38,79012,769.2
38,11285,1520.0
38,54295,0.2
38,53460,1013.5
38,32186,1.1
38,98245,0.0
38,33998,210.7
38,33346,0.6
38,24878,0.7
38,93522,0.7
38,70174,272.9
38,47306,0.0
38,41686,261.5
39,91870,442.2
39,27042,1770.5
39,91983,0.3
39,192,2355.7
39,69684,320.8
39,87113,1074.2
39,79883,0.2
39,77734,279.8
39,87144,261.7
39,50538,0.2
39,42438,1569.0
39,29132,1938.6
39,67686,1289.5
39,33032,1.2
39,14557,2349.9
39,76325,0.8
39,38018,439.1
39,33034,0.6
39,60845,657.8
39,19582,292.6
39,63145,0.1
39,71550,0.0
39,15802,1878.0
39,11989,0.8
39,41154,2448.4
39,38760,723.5
39,74276,250.0
39,83403,230.2
39,57060,2650.3
39,36566,1357.7
39,66285,0.0
39,64635,0.1
39,9902,1767.7
39,89205,1725.8
39,96030,489.6
39,23450,738.8
39,55682,298.7
39,79012,1704.9
39,11285,796.5
39,54295,0.1
39,53460,2387.0
39,32186,256.8
39,98245,0.0
39,33998,277.0
39,33346,729.3
39,24878,544.1
39,93522,0.3
39,70174,251.7
39,47306,0.0
39,41686,502.8
40,91870,838.9
40,27042,1315.7
40,91983,0.4
40,192,2173.1
40,69684,265.3
40,87113,1622.1
40,79883,0.2
40,77734,254.5
40,87144,1462.1
40,50538,264.4
40,42438,1870.9
40,29132,2516.7
40,67686,454.6
40,33032,0.8
40,14557,2329.7
40,76325,0.7
40,38018,565.9
40,33034,237.0
40,60845,257.8
40,19582,0.1
40,63145,0.2
40,71550,0.0
40,15802,325.5
40,11989,1.4
40,41154,2837.7
40,38760,0.1
40,74276,531.1
40,83403,0.4
40,57060,1397.0
40,36566,782.8
40,66285,0.0
40,64635,0.1
40,9902,1327.6
40,89205,1807.6
40,96030,1581.3
40,23450,818.8
40,55682,5.2
40,79012,571.9
40,11285,766.5
40,54295,0.0
40,53460,2343.9
40,32186,296.8
40,98245,0.0
40,33998,0.0
40,33346,294.2
40,24878,520.4
40,93522,612.3
40,70174,801.2
40,47306,0.0
40,41686,283.5
41,91870,543.1
41,27042,1291.8
41,91983,0.1
41,192,2427.0
41,69684,11.5
41,87113,1664.4
41,79883,0.2
41,77734,0.9
41,87144,815.1
41,50538,0.4
41,42438,1414.4
41,29132,2369.7
41,67686,531.9
41,33032,0.6
41,14557,2450.2
41,76325,0.7
41,38018,537.4
41,33034,0.7
41,60845,544.5
41,19582,208.9
41,63145,0.5
41,71550,242.4
41,15802,1412.5
41,11989,1.0
41,41154,2729.3
41,38760,0.1
41,74276,277.6
41,83403,0.3
41,57060,2136.9
41,36566,478.2
41,66285,212.0
41,64635,0.1
41,9902,1043.1
41,89205,1279.3
41,96030,1814.2
41,23450,1283.3
41,55682,597.1
41,79012,591.1
41,11285,1896.3
41,54295,0.0
41,53460,2130.4
41,32186,0.1
41,98245,0.0
41,33998,0.0
41,33346,377.8
41,24878,532.6
41,93522,292.9
41,70174,594.1
41,47306,0.0
41,41686,0.9
42,91870,529.7
42,27042,1882.9
42,91983,289.9
42,192,2502.2
42,69684,861.6
42,87113,977.1
42,79883,253.8
42,77734,0.8
42,87144,526.5
42,50538,0.5
42,42438,2126.5
42,29132,2331.6
42,67686,1025.0
42,33032,0.6
42,14557,2619.6
42,76325,234.4
42,38018,531.5
42,33034,551.7
42,60845,1014.4
42,19582,245.8
42,63145,0.2
42,71550,247.8
42,15802,1937.7
42,11989,0.8
42,41154,2240.4
42,38760,0.1
42,74276,769.1
42,83403,555.1
42,57060,2429.9
42,36566,251.0
42,66285,0.0
42,64635,0.0
42,9902,1395.3
42,89205,1387.5
42,96030,1494.4
42,23450,1409.3
42,55682,315.1
42,79012,1248.8
42,11285,794.6
42,54295,0.0
42,53460,2337.2
42,32186,284.0
42,98245,0.0
42,33998,0.1
42,33346,586.3
42,24878,1.4
42,93522,0.2
42,70174,230.3
42,47306,0.0
42,41686,440.1
43,91870,501.5
43,27042,1389.4
43,91983,303.3
43,192,2165.7
43,69684,567.4
43,87113,829.1
43,79883,0.1
43,77734,1.2
43,87144,308.3
43,50538,0.4
43,42438,847.3
43,29132,2213.0
43,67686,719.8
43,33032,1.6
43,14557,2664.6
43,76325,0.4
43,38018,818.2
43,33034,263.6
43,60845,1530.3
43,19582,0.0
43,63145,0.2
43,71550,255.0
43,15802,2281.6
43,11989,0.7
43,41154,2110.1
43,38760,0.1
43,74276,830.2
43,83403,228.3
43,57060,1283.2
43,36566,1268.2
43,66285,0.0
43,64635,0.1
43,9902,1466.4
43,89205,1460.6
43,96030,1108.9
43,23450,1804.9
43,55682,526.2
43,79012,550.3
43,11285,1348.9
43,54295,0.0
43,53460,2431.2
43,32186,0.7
43,98245,0.0
43,33998,271.4
43,33346,1050.4
43,24878,0.8
43,93522,0.5
43,70174,0.6
43,47306,0.0
43,41686,510.2
44,91870,238.8
44,27042,1510.2
44,91983,274.6
44,192,2035.2
44,69684,1096.7
44,87113,1398.9
44,79883,0.4
44,77734,0.6
44,87144,750.9
44,50538,0.7
44,42438,1974.4
44,29132,2536.3
44,67686,1042.4
44,33032,1.1
44,14557,2642.3
44,76325,2.5
44,38018,586.0
44,33034,249.7
44,60845,985.5
44,19582,0.0
44,63145,0.6
44,71550,0.0
44,15802,1669.3
44,11989,1.1
44,41154,2590.5
44,38760,0.2
44,74276,487.3
44,83403,0.8
44,57060,1983.8
44,36566,1012.8
44,66285,0.0
44,64635,0.0
44,9902,800.6
44,89205,2105.7
44,96030,1163.5
44,23450,1322.4
44,55682,236.9
44,79012,1639.6
44,11285,1258.6
44,54295,0.1
44,53460,2095.0
44,32186,249.0
44,98245,0.0
44,33998,255.4
44,33346,498.8
44,24878,0.7
44,93522,264.5
44,70174,1.0
44,47306,0.0
44,41686,1.9
45,91870,1.2
45,27042,1280.7
45,91983,0.1
45,192,2486.6
45,69684,4.1
45,87113,1587.5
45,79883,0.2
45,77734,505.0
45,87144,456.2
45,50538,0.3
45,42438,1861.0
45,29132,2477.7
45,67686,976.2
45,33032,0.5
45,14557,2733.4
45,76325,1.0
45,38018,209.7
45,33034,237.7
45,60845,526.9
45,19582,0.0
45,63145,0.1
45,71550,1.1
45,15802,1930.9
45,11989,0.3
45,41154,2584.9
45,38760,0.0
45,74276,603.4
45,83403,0.2
45,57060,2082.3
45,36566,1277.4
45,66285,0.5
45,64635,0.1
45,9902,1587.7
45,89205,1125.1
45,96030,1341.3
45,23450,1494.5
45,55682,237.7
45,79012,579.3
45,11285,1559.9
45,54295,0.0
45,53460,2719.5
45,32186,0.9
45,98245,0.1
45,33998,0.0
45,33346,827.1
45,24878,501.1
45,93522,0.3
45,70174,231.7
45,47306,0.0
45,41686,3.2
46,91870,242.7
46,27042,1609.5
46,91983,0.3
46,192,2653.4
46,69684,519.7
46,87113,1762.2
46,79883,286.1
46,77734,859.6
46,87144,554.3
46,50538,0.2
46,42438,1566.5
46,29132,2111.8
46,67686,514.7
46,33032,0.9
46,14557,2603.3
46,76325,264.4
46,38018,752.2
46,33034,845.0
46,60845,517.3
46,19582,229.5
46,63145,0.2
46,71550,0.1
46,15802,1918.9
46,11989,1.2
46,41154,2548.2
46,38760,0.5
46,74276,283.6
46,83403,0.4
46,57060,1549.1
46,36566,1047.2
46,66285,0.0
46,64635,0.0
46,9902,1231.4
46,89205,2339.3
46,96030,467.2
46,23450,1268.6
46,55682,4.2
46,79012,521.4
46,11285,1399.4
46,54295,0.2
46,53460,2390.3
46,32186,0.3
46,98245,0.0
46,33998,0.1
46,33346,1491.1
46,24878,0.3
46,93522,0.3
46,70174,266.9
46,47306,0.0
46,41686,290.1
47,91870,220.2
47,27042,743.7
47,91983,10.0
47,192,2408.2
47,69684,572.6
47,87113,1871.5
47,79883,0.1
47,77734,0.8
47,87144,554.2
47,50538,0.4
47,42438,548.4
47,29132,2367.1
47,67686,716.2
47,33032,224.0
47,14557,2820.3
47,76325,0.5
47,38018,480.6
47,33034,817.4
47,60845,267.6
47,19582,278.2
47,63145,0.0
47,71550,0.1
47,15802,1861.8
47,11989,0.6
47,41154,2601.4
47,38760,0.1
47,74276,608.7
47,83403,269.4
47,57060,1881.8
47,36566,720.7
47,66285,0.0
47,64635,0.0
47,9902,1240.3
47,89205,1361.5
47,96030,813.3
47,23450,1831.7
47,55682,293.5
47,79012,1402.2
47,11285,720.4
47,54295,0.2
47,53460,1367.6
47,32186,0.6
47,98245,0.0
47,33998,301.7
47,33346,1304.9
47,24878,2.0
47,93522,222.3
47,70174,254.5
47,47306,0.0
47,41686,573.3
48,91870,1046.1
48,27042,1864.4
48,91983,0.2
48,192,2262.5
48,69684,256.7
48,87113,1745.0
48,79883,0.1
48,77734,1.7
48,87144,3.5
48,50538,0.2
48,42438,1093.6
48,29132,1894.1
48,67686,798.3
48,33032,266.4
48,14557,2595.0
48,76325,0.8
48,38018,236.0
48,33034,1.2
48,60845,1183.4
48,19582,0.2
48,63145,0.1
48,71550,0.0
48,15802,1359.9
48,11989,0.8
48,41154,2651.3
48,38760,0.1
48,74276,802.8
48,83403,0.4
48,57060,2152.7
48,36566,865.6
48,66285,0.0
48,64635,0.1
48,9902,1117.5
48,89205,532.5
48,96030,272.5
48,23450,822.1
48,55682,3.9
48,79012,881.2
48,11285,1655.5
48,54295,0.0
48,53460,1836.2
48,32186,0.4
48,98245,4.7
48,33998,0.2
48,33346,0.8
48,24878,0.9
48,93522,0.2
48,70174,566.0
48,47306,0.0
48,41686,246.4
49,91870,1.2
49,27042,1312.4
49,91983,214.5
49,192,2349.4
49,69684,272.0
49,87113,1330.7
49,79883,0.0
49,77734,1.2
49,87144,510.7
49,50538,0.4
49,42438,1808.8
49,29132,2306.6
49,67686,550.0
49,33032,0.6
49,14557,2794.3
49,76325,1.1
49,38018,789.9
49,33034,0.3
49,60845,1051.9
49,19582,0.3
49,63145,0.1
49,71550,0.0
49,15802,1958.8
49,11989,1.1
49,41154,2391.0
49,38760,297.3
49,74276,546.9
49,83403,550.3
49,57060,2316.8
49,36566,1038.7
49,66285,0.0
49,64635,0.2
49,9902,1291.1
49,89205,843.7
49,96030,1422.2
49,23450,1061.5
49,55682,288.1
49,79012,1003.4
49,11285,1635.2
49,54295,0.1
49,53460,1615.0
49,32186,0.5
49,98245,0.0
49,33998,0.1
49,33346,1080.6
49,24878,493.3
49,93522,276.6
49,70174,0.5
49,47306,0.0
49,41686,274.5
50,91870,1268.0
50,27042,709.5
50,91983,565.4
50,192,2711.7
50,69684,541.8
50,87113,1412.0
50,79883,0.0
50,77734,789.6
50,87144,1042.7
50,50538,0.2
50,42438,1334.6
50,29132,2505.1
50,67686,798.0
50,33032,0.5
50,14557,2545.4
50,76325,1.1
50,38018,259.1
50,33034,1.1
50,60845,494.5
50,19582,0.3
50,63145,0.1
50,71550,0.0
50,15802,1442.1
50,11989,1.0
50,41154,2652.5
50,38760,273.6
50,74276,528.0
50,83403,0.9
50,57060,1537.5
50,36566,267.9
50,66285,0.0
50,64635,0.1
50,9902,780.5
50,89205,782.3
50,96030,1175.7
50,23450,1327.7
50,55682,268.7
50,79012,888.7
50,11285,842.1
50,54295,0.0
50,53460,1607.3
50,32186,0.3
50,98245,0.1
50,33998,0.1
50,33346,1020.0
50,24878,1054.8
50,93522,0.4
50,70174,492.1
50,47306,0.0
50,41686,554.7
51,91870,2.5
51,27042,1268.6
51,91983,281.6
51,192,2560.1
51,69684,294.3
51,87113,1118.6
51,79883,245.1
51,77734,498.5
51,87144,308.0
51,50538,306.5
51,42438,1476.9
51,29132,2553.5
51,67686,239.1
51,33032,0.5
51,14557,2630.8
51,76325,0.6
51,38018,854.3
51,33034,613.9
51,60845,1448.0
51,19582,0.1
51,63145,0.2
51,71550,0.0
51,15802,1898.1
51,11989,1.1
51,41154,2770.2
51,38760,0.4
51,74276,1076.7
51,83403,0.5
51,57060,2242.7
51,36566,273.4
51,66285,0.0
51,64635,0.1
51,9902,995.5
51,89205,2149.2
51,96030,797.5
51,23450,1632.1
51,55682,4.6
51,79012,540.2
51,11285,1581.4
51,54295,0.1
51,53460,1706.5
51,32186,0.4
51,98245,279.2
51,33998,573.4
51,33346,1595.1
51,24878,302.5
51,93522,0.5
51,70174,260.4
51,47306,0.0
51,41686,739.9
52,91870,1097.7
52,27042,1957.2
52,91983,525.2
52,192,2579.1
52,69684,282.8
52,87113,1006.6
52,79883,0.2
52,77734,307.1
52,87144,687.9
52,50538,0.2
52,42438,1534.5
52,29132,2338.5
52,67686,747.7
52,33032,305.2
52,14557,2392.6
52,76325,0.8
52,38018,499.7
52,33034,1.1
52,60845,611.2
52,19582,0.2
52,63145,0.1
52,71550,0.1
52,15802,1091.3
52,11989,1.4
52,41154,2527.0
52,38760,0.0
52,74276,1296.4
52,83403,0.6
52,57060,2074.1
52,36566,771.8
52,66285,0.6
52,64635,0.0
52,9902,794.6
52,89205,1366.3
52,96030,1680.1
52,23450,1190.3
52,55682,573.9
52,79012,1073.0
52,11285,1585.4
52,54295,0.0
52,53460,2372.1
52,32186,251.3
52,98245,0.1
52,33998,0.1
52,33346,803.3
52,24878,1356.1
52,93522,0.1
52,70174,0.4
52,47306,0.0
52,41686,0.9
53,91870,6.3
53,27042,1519.6
53,91983,307.6
53,192,2195.8
53,69684,1069.0
53,87113,1775.7
53,79883,0.3
53,77734,1.2
53,87144,1293.4
53,50538,0.3
53,42438,460.7
53,29132,2171.5
53,67686,577.6
53,33032,1.2
53,14557,2386.8
53,76325,0.9
53,38018,1005.1
53,33034,340.7
53,60845,759.6
53,19582,0.2
53,63145,0.0
53,71550,212.6
53,15802,1514.6
53,11989,0.6
53,41154,2442.4
53,38760,234.5
53,74276,534.1
53,83403,0.1
53,57060,2095.9
53,36566,971.5
53,66285,0.0
53,64635,0.1
53,9902,1575.2
53,89205,1752.1
53,96030,1570.5
53,23450,1624.9
53,55682,3.4
53,79012,1351.4
53,11285,1628.8
53,54295,0.0
53,53460,1305.8
53,32186,0.3
53,98245,0.0
53,33998,0.1
53,33346,457.1
53,24878,2.2
53,93522,0.3
53,70174,286.0
53,47306,0.0
53,41686,249.1
54,91870,1408.7
54,27042,803.5
54,91983,7.6
54,192,2581.5
54,69684,1388.0
54,87113,1365.4
54,79883,0.3
54,77734,554.9
54,87144,855.9
54,50538,0.1
54,42438,1482.1
54,29132,2620.5
54,67686,529.0
54,33032,271.5
54,14557,2705.0
54,76325,0.9
54,38018,4.4
54,33034,0.9
54,60845,544.3
54,19582,0.1
54,63145,219.1
54,71550,0.0
54,15802,610.4
54,11989,0.5
54,41154,2637.5
54,38760,0.0
54,74276,823.1
54,83403,0.2
54,57060,1486.1
54,36566,1084.1
54,66285,0.3
54,64635,0.1
54,9902,584.7
54,89205,1806.3
54,96030,810.1
54,23450,783.7
54,55682,600.8
54,79012,1354.4
54,11285,1378.0
54,54295,0.1
54,53460,2226.2
54,32186,0.3
54,98245,274.0
54,33998,0.0
54,33346,748.8
54,24878,248.0
54,93522,0.6
54,70174,0.7
54,47306,0.0
54,41686,506.0
55,91870,775.6
55,27042,1082.6
55,91983,264.6
55,192,2371.3
55,69684,3.7
55,87113,545.2
55,79883,0.1
55,77734,1.7
55,87144,558.1
55,50538,0.7
55,42438,1638.7
55,29132,2541.5
55,67686,1076.2
55,33032,557.4
55,14557,2382.3
55,76325,1.0
55,38018,1128.1
55,33034,277.2
55,60845,834.7
55,19582,0.0
55,63145,191.5
55,71550,0.1
55,15802,60.1
55,11989,0.8
55,41154,2294.6
55,38760,0.0
55,74276,1187.0
55,83403,0.7
55,57060,1687.0
55,36566,799.0
55,66285,0.0
55,64635,0.2
55,9902,1634.5
55,89205,599.9
55,96030,824.9
55,23450,1255.1
55,55682,10.1
55,79012,318.7
55,11285,999.1
55,54295,0.0
55,53460,1997.0
55,32186,0.5
55,98245,1.9
55,33998,0.1
55,33346,769.4
55,24878,1.3
55,93522,252.6
55,70174,0.2
55,47306,0.0
55,41686,281.7
56,91870,766.1
56,27042,1324.0
56,91983,0.4
56,192,1819.4
56,69684,243.4
56,87113,1429.2
56,79883,0.4
56,77734,265.0
56,87144,588.4
56,50538,0.3
56,42438,1691.8
56,29132,2333.0
56,67686,1046.7
56,33032,0.5
56,14557,2759.8
56,76325,1.0
56,38018,492.5
56,33034,485.3
56,60845,921.0
56,19582,0.1
56,63145,0.1
56,71550,0.1
56,15802,1206.0
56,11989,1.0
56,41154,2421.2
56,38760,0.3
56,74276,759.3
56,83403,0.4
56,57060,2204.1
56,36566,1663.6
56,66285,0.0
56,64635,0.1
56,9902,1772.1
56,89205,1314.9
56,96030,1289.4
56,23450,1316.4
56,55682,599.6
56,79012,1335.0
56,11285,828.4
56,54295,0.2
56,53460,2162.8
56,32186,0.2
56,98245,0.1
56,33998,0.0
56,33346,840.9
56,24878,0.8
56,93522,0.5
56,70174,239.3
56,47306,0.0
56,41686,336.3
57,91870,1038.2
57,27042,1823.8
57,91983,2.0
57,192,2641.6
57,69684,18.6
57,87113,1051.0
57,79883,0.1
57,77734,1.5
57,87144,551.7
57,50538,0.2
57,42438,1315.4
57,29132,2335.5
57,67686,1051.7
57,33032,0.8
57,14557,2643.7
57,76325,0.7
57,38018,524.4
57,33034,498.6
57,60845,738.1
57,19582,0.0
57,63145,0.3
57,71550,0.1
57,15802,1524.7
57,11989,0.9
57,41154,2601.5
57,38760,0.1
57,74276,262.1
57,83403,0.2
57,57060,1608.0
57,36566,854.8
57,66285,1.4
57,64635,0.0
57,9902,1582.5
57,89205,1078.1
57,96030,545.8
57,23450,1875.1
57,55682,5.2
57,79012,1062.7
57,11285,712.1
57,54295,0.3
57,53460,1255.5
57,32186,0.6
57,98245,0.0
57,33998,0.0
57,33346,1157.6
57,24878,325.3
57,93522,0.2
57,70174,239.9
57,47306,0.0
57,41686,1139.4
58,91870,308.8
58,27042,1923.4
58,91983,1046.7
58,192,2541.7
58,69684,759.5
58,87113,781.2
58,79883,0.1
58,77734,191.7
58,87144,692.6
58,50538,0.5
58,42438,779.3
58,29132,2183.4
58,67686,733.6
58,33032,0.5
58,14557,2753.1
58,76325,1.0
58,38018,254.2
58,33034,409.5
58,60845,1440.6
58,19582,0.1
58,63145,0.2
58,71550,271.6
58,15802,1305.8
58,11989,0.4
58,41154,2315.5
58,38760,0.2
58,74276,1166.6
58,83403,0.5
58,57060,1743.1
58,36566,771.6
58,66285,270.0
58,64635,0.0
58,9902,2108.4
58,89205,535.7
58,96030,1609.1
58,23450,527.4
58,55682,268.9
58,79012,1409.3
58,11285,1334.4
58,54295,0.0
58,53460,1779.4
58,32186,0.4
58,98245,0.0
58,33998,0.0
58,33346,799.8
58,24878,289.9
58,93522,0.9
58,70174,196.9
58,47306,0.0
58,41686,1085.1
59,91870,738.1
59,27042,1630.0
59,91983,542.7
59,192,1935.6
59,69684,271.1
59,87113,1502.4
59,79883,0.4
59,77734,285.9
59,87144,1306.7
59,50538,0.4
59,42438,1182.8
59,29132,2595.8
59,67686,9.6
59,33032,1.1
59,14557,2555.5
59,76325,0.6
59,38018,270.0
59,33034,241.2
59,60845,803.9
59,19582,0.0
59,63145,0.3
59,71550,0.3
59,15802,1616.1
59,11989,0.8
59,41154,2752.9
59,38760,0.2
59,74276,555.2
59,83403,297.5
59,57060,1554.1
59,36566,1096.7
59,66285,0.0
59,64635,0.0
59,9902,2259.2
59,89205,1291.6
59,96030,1279.4
59,23450,1345.0
59,55682,4.5
59,79012,1070.1
59,11285,815.5
59,54295,246.4
59,53460,2001.0
59,32186,0.7
59,98245,0.0
59,33998,0.1
59,33346,525.4
59,24878,1.1
59,93522,0.1
59,70174,0.8
59,47306,0.0
59,41686,308.6
60,91870,264.8
60,27042,455.5
60,91983,0.1
60,192,2548.5
60,69684,264.5
60,87113,1711.7
60,79883,4.5
60,77734,0.6
60,87144,1289.2
60,50538,0.2
60,42438,1084.0
60,29132,2574.2
60,67686,469.8
60,33032,254.6
60,14557,2338.8
60,76325,0.5
60,38018,527.3
60,33034,795.3
60,60845,468.3
60,19582,0.0
60,63145,0.2
60,71550,0.0
60,15802,2002.0
60,11989,0.9
60,41154,2647.8
60,38760,0.0
60,74276,1052.9
60,83403,0.1
60,57060,1893.8
60,36566,1017.4
60,66285,0.0
60,64635,0.1
60,9902,1009.6
60,89205,1952.6
60,96030,1866.7
60,23450,1316.3
60,55682,290.9
60,79012,285.3
60,11285,572.8
60,54295,0.0
60,53460,2103.7
60,32186,0.5
60,98245,0.8
60,33998,547.7
60,33346,852.2
60,24878,1247.9
60,93522,0.2
60,70174,0.6
60,47306,0.0
60,41686,781.7
61,91870,666.1
61,27042,1084.0
61,91983,260.7
61,192,2425.5
61,69684,246.7
61,87113,1830.4
61,79883,0.2
61,77734,1.2
61,87144,719.9
61,50538,0.2
61,42438,1574.5
61,29132,2499.5
61,67686,247.3
61,33032,0.9
61,14557,2630.8
61,76325,266.8
61,38018,501.3
61,33034,795.6
61,60845,821.4
61,19582,0.0
61,63145,0.0
61,71550,0.2
61,15802,2153.0
61,11989,0.8
61,41154,2621.1
61,38760,0.2
61,74276,7.8
61,83403,250.3
61,57060,2113.0
61,36566,1367.2
61,66285,0.0
61,64635,0.1
61,9902,809.9
61,89205,1286.4
61,96030,231.0
61,23450,1827.4
61,55682,257.2
61,79012,979.2
61,11285,1051.0
61,54295,0.0
61,53460,1298.4
61,32186,0.6
61,98245,0.0
61,33998,0.0
61,33346,1310.6
61,24878,1116.3
61,93522,0.3
61,70174,0.7
61,47306,0.0
61,41686,224.2
62,91870,563.7
62,27042,1718.8
62,91983,0.3
62,192,2318.5
62,69684,739.4
62,87113,1623.1
62,79883,0.5
62,77734,0.9
62,87144,571.8
62,50538,0.1
62,42438,1880.0
62,29132,2368.7
62,67686,971.1
62,33032,1.6
62,14557,2281.8
62,76325,0.8
62,38018,501.5
62,33034,554.9
62,60845,569.8
62,19582,0.0
62,63145,0.3
62,71550,0.1
62,15802,1623.3
62,11989,0.1
62,41154,2308.1
62,38760,0.8
62,74276,526.8
62,83403,0.0
62,57060,2010.2
62,36566,502.8
62,66285,231.0
62,64635,0.0
62,9902,1285.3
62,89205,760.1
62,96030,1373.8
62,23450,1423.8
62,55682,275.2
62,79012,1262.0
62,11285,563.7
62,54295,0.0
62,53460,2367.5
62,32186,0.7
62,98245,1.7
62,33998,0.0
62,33346,1046.4
62,24878,248.6
62,93522,0.2
62,70174,0.9
62,47306,0.0
62,41686,299.5
63,91870,479.0
63,27042,1554.0
63,91983,1.3
63,192,2304.3
63,69684,606.7
63,87113,2161.8
63,79883,0.2
63,77734,246.3
63,87144,1426.2
63,50538,0.2
63,42438,2145.8
63,29132,2452.9
63,67686,2.8
63,33032,0.9
63,14557,2572.2
63,76325,0.9
63,38018,1297.4
63,33034,252.1
63,60845,1561.7
63,19582,0.1
63,63145,0.2
63,71550,0.0
63,15802,715.3
63,11989,0.7
63,41154,2261.1
63,38760,0.2
63,74276,497.9
63,83403,0.4
63,57060,1093.6
63,36566,711.5
63,66285,0.0
63,64635,0.1
63,9902,1029.0
63,89205,1236.0
63,96030,972.4
63,23450,1274.0
63,55682,1021.2
63,79012,1128.9
63,11285,834.6
63,54295,0.0
63,53460,1785.0
63,32186,235.7
63,98245,0.6
63,33998,0.1
63,33346,1120.5
63,24878,779.3
63,93522,279.3
63,70174,0.6
63,47306,0.0
63,41686,1027.8
64,91870,750.0
64,27042,1890.8
64,91983,247.0
64,192,2496.3
64,69684,307.7
64,87113,1067.7
64,79883,0.3
64,77734,1.4
64,87144,782.1
64,50538,0.1
64,42438,1624.9
64,29132,2162.1
64,67686,576.3
64,33032,1.5
64,14557,2481.3
64,76325,0.5
64,38018,842.3
64,33034,0.5
64,60845,941.1
64,19582,0.2
64,63145,0.2
64,71550,0.0
64,15802,1959.2
64,11989,1.3
64,41154,2476.0
64,38760,1.1
64,74276,768.1
64,83403,0.4
64,57060,2065.6
64,36566,799.3
64,66285,0.0
64,64635,0.4
64,9902,488.1
64,89205,1609.0
64,96030,1666.9
64,23450,1321.7
64,55682,254.6
64,79012,813.7
64,11285,894.5
64,54295,0.2
64,53460,1711.8
64,32186,0.4
64,98245,256.2
64,33998,0.1
64,33346,1900.9
64,24878,1.3
64,93522,222.2
64,70174,0.5
64,47306,0.0
64,41686,494.6
65,91870,273.6
65,27042,1449.4
65,91983,0.4
65,192,2111.8
65,69684,565.9
65,87113,1408.0
65,79883,0.5
65,77734,567.7
65,87144,226.9
65,50538,0.3
65,42438,1248.4
65,29132,2451.7
65,67686,290.2
65,33032,0.6
65,14557,2450.1
65,76325,4.1
65,38018,1267.7
65,33034,294.9
65,60845,1.9
65,19582,296.1
65,63145,0.3
65,71550,0.1
65,15802,1116.9
65,11989,1.2
65,41154,2337.6
65,38760,0.1
65,74276,4.5
65,83403,212.1
65,57060,2056.4
65,36566,781.9
65,66285,0.0
65,64635,0.0
65,9902,1313.7
65,89205,775.8
65,96030,1520.1
65,23450,1321.1
65,55682,278.8
65,79012,790.2
65,11285,814.5
65,54295,0.0
65,53460,2369.1
65,32186,0.4
65,98245,191.8
65,33998,0.0
65,33346,811.1
65,24878,308.7
65,93522,295.0
65,70174,237.7
65,47306,0.0
65,41686,260.9
66,91870,507.6
66,27042,1803.5
66,91983,4.8
66,192,2525.4
66,69684,629.1
66,87113,1606.5
66,79883,0.2
66,77734,281.6
66,87144,584.8
66,50538,0.6
66,42438,1346.9
66,29132,2276.1
66,67686,760.2
66,33032,0.2
66,14557,2182.3
66,76325,0.6
66,38018,559.8
66,33034,812.0
66,60845,727.2
66,19582,0.1
66,63145,0.0
66,71550,0.1
66,15802,2078.6
66,11989,0.3
66,41154,2336.3
66,38760,0.1
66,74276,768.4
66,83403,0.5
66,57060,1309.3
66,36566,1567.9
66,66285,265.5
66,64635,0.0
66,9902,1574.9
66,89205,266.7
66,96030,1408.2
66,23450,1562.5
66,55682,5.8
66,79012,472.7
66,11285,473.8
66,54295,0.2
66,53460,1967.3
66,32186,0.7
66,98245,0.0
66,33998,0.0
66,33346,2337.8
66,24878,1.2
66,93522,0.7
66,70174,0.9
66,47306,0.0
66,41686,806.8
67,91870,751.0
67,27042,1069.5
67,91983,257.8
67,192,2671.2
67,69684,263.6
67,87113,1828.2
67,79883,271.1
67,77734,546.5
67,87144,561.6
67,50538,0.3
67,42438,1484.5
67,29132,2751.4
67,67686,3.8
67,33032,1.0
67,14557,2705.3
67,76325,0.9
67,38018,546.9
67,33034,268.5
67,60845,490.6
67,19582,0.0
67,63145,0.4
67,71550,0.1
67,15802,1073.0
67,11989,0.8
67,41154,2693.2
67,38760,0.1
67,74276,770.5
67,83403,0.3
67,57060,1708.5
67,36566,1252.0
67,66285,0.0
67,64635,0.0
67,9902,1410.3
67,89205,1521.2
67,96030,982.1
67,23450,1046.2
67,55682,8.4
67,79012,763.3
67,11285,1473.4
67,54295,0.1
67,53460,2428.0
67,32186,0.5
67,98245,1.9
67,33998,0.0
67,33346,0.6
67,24878,1.6
67,93522,272.7
67,70174,0.8
67,47306,0.0
67,41686,305.2
68,91870,1088.6
68,27042,1624.6
68,91983,284.5
68,192,2117.2
68,69684,258.0
68,87113,1545.7
68,79883,0.4
68,77734,280.6
68,87144,520.1
68,50538,237.1
68,42438,1787.3
68,29132,2172.7
68,67686,1075.7
68,33032,1.1
68,14557,2573.6
68,76325,1.2
68,38018,4.2
68,33034,278.8
68,60845,1191.1
68,19582,0.0
68,63145,0.1
68,71550,0.1
68,15802,1337.7
68,11989,0.9
68,41154,2353.8
68,38760,0.3
68,74276,1543.7
68,83403,0.8
68,57060,2444.3
68,36566,498.9
68,66285,0.0
68,64635,0.1
68,9902,1024.6
68,89205,1544.4
68,96030,502.1
68,23450,1128.2
68,55682,284.7
68,79012,854.8
68,11285,1274.0
68,54295,0.2
68,53460,1562.2
68,32186,0.2
68,98245,0.0
68,33998,0.0
68,33346,275.6
68,24878,3.7
68,93522,0.3
68,70174,0.6
68,47306,0.0
68,41686,1.3
69,91870,302.7
69,27042,660.5
69,91983,0.2
69,192,2456.2
69,69684,539.7
69,87113,1323.9
69,79883,0.2
69,77734,0.7
69,87144,510.7
69,50538,0.1
69,42438,1299.9
69,29132,2764.7
69,67686,1080.0
69,33032,237.7
69,14557,2618.0
69,76325,0.9
69,38018,1235.3
69,33034,217.5
69,60845,1306.2
69,19582,0.2
69,63145,0.2
69,71550,0.2
69,15802,2250.5
69,11989,0.9
69,41154,2407.6
69,38760,0.4
69,74276,1045.1
69,83403,0.4
69,57060,2125.9
69,36566,1522.5
69,66285,0.5
69,64635,0.0
69,9902,762.7
69,89205,1830.0
69,96030,1516.5
69,23450,1509.7
69,55682,3.6
69,79012,1082.5
69,11285,959.3
69,54295,0.1
69,53460,2139.5
69,32186,0.3
69,98245,0.0
69,33998,251.7
69,33346,815.4
69,24878,505.3
69,93522,259.9
69,70174,262.5
69,47306,0.0
69,41686,609.3
70,91870,0.4
70,27042,781.6
70,91983,276.5
70,192,2076.8
70,69684,250.9
70,87113,1540.3
70,79883,0.3
70,77734,0.6
70,87144,921.4
70,50538,0.5
70,42438,1123.7
70,29132,2688.1
70,67686,529.2
70,33032,0.8
70,14557,2493.9
70,76325,0.8
70,38018,1235.9
70,33034,0.3
70,60845,548.2
70,19582,0.0
70,63145,0.1
70,71550,0.0
70,15802,1658.9
70,11989,0.9
70,41154,2508.5
70,38760,0.2
70,74276,1058.6
70,83403,0.6
70,57060,2131.7
70,36566,1343.7
70,66285,1.3
70,64635,0.0
70,9902,2146.9
70,89205,1366.6
70,96030,1613.5
70,23450,1231.9
70,55682,302.8
70,79012,1248.3
70,11285,488.3
70,54295,0.1
70,53460,2697.4
70,32186,264.8
70,98245,254.4
70,33998,0.0
70,33346,832.3
70,24878,0.5
70,93522,0.3
70,70174,1.2
70,47306,0.0
70,41686,256.0
71,91870,577.4
71,27042,857.5
71,91983,0.7
71,192,2310.1
71,69684,573.0
71,87113,783.7
71,79883,0.1
71,77734,235.2
71,87144,528.8
71,50538,275.7
71,42438,1244.5
71,29132,2369.2
71,67686,553.5
71,33032,0.6
71,14557,2340.6
71,76325,0.7
71,38018,859.3
71,33034,244.6
71,60845,735.5
71,19582,0.2
71,63145,241.1
71,71550,0.0
71,15802,2013.6
71,11989,0.9
71,41154,2229.1
71,38760,0.1
71,74276,1725.7
71,83403,0.8
71,57060,2167.5
71,36566,547.9
71,66285,0.2
71,64635,0.1
71,9902,1268.1
71,89205,2247.5
71,96030,999.2
71,23450,927.9
71,55682,6.5
71,79012,547.7
71,11285,1178.4
71,54295,0.1
71,53460,2483.1
71,32186,0.4
71,98245,0.0
71,33998,0.0
71,33346,255.5
71,24878,479.4
71,93522,0.3
71,70174,1.2
71,47306,0.0
71,41686,263.8
72,91870,838.8
72,27042,1487.3
72,91983,0.2
72,192,2555.8
72,69684,499.9
72,87113,1596.8
72,79883,0.2
72,77734,264.4
72,87144,781.4
72,50538,0.2
72,42438,1902.4
72,29132,2239.8
72,67686,506.2
72,33032,0.9
72,14557,2619.2
72,76325,4.3
72,38018,4.8
72,33034,804.2
72,60845,1324.1
72,19582,0.3
72,63145,0.1
72,71550,0.3
72,15802,1933.7
72,11989,1.0
72,41154,2506.8
72,38760,0.2
72,74276,13.5
72,83403,0.4
72,57060,2132.1
72,36566,738.3
72,66285,0.0
72,64635,0.0
72,9902,1025.8
72,89205,1071.6
72,96030,1025.3
72,23450,770.2
72,55682,275.6
72,79012,1075.5
72,11285,1750.5
72,54295,0.2
72,53460,2020.3
72,32186,0.4
72,98245,0.0
72,33998,0.0
72,33346,1114.0
72,24878,1.7
72,93522,237.4
72,70174,224.3
72,47306,0.0
72,41686,484.7
73,91870,1040.9
73,27042,1356.3
73,91983,0.3
73,192,2312.9
73,69684,290.2
73,87113,2394.7
73,79883,0.0
73,77734,840.6
73,87144,1134.7
73,50538,0.5
73,42438,1379.6
73,29132,2799.8
73,67686,692.6
73,33032,0.3
73,14557,2537.9
73,76325,1.2
73,38018,733.9
73,33034,271.6
73,60845,287.3
73,19582,0.0
73,63145,0.2
73,71550,0.0
73,15802,1367.0
73,11989,1.2
73,41154,2528.0
73,38760,0.0
73,74276,286.0
73,83403,0.3
73,57060,1911.2
73,36566,792.1
73,66285,0.0
73,64635,0.0
73,9902,1408.3
73,89205,1251.7
73,96030,1244.2
73,23450,1820.1
73,55682,6.2
73,79012,887.1
73,11285,494.0
73,54295,0.0
73,53460,1815.3
73,32186,0.9
73,98245,0.0
73,33998,313.5
73,33346,322.1
73,24878,1.1
73,93522,0.2
73,70174,567.9
73,47306,243.5
73,41686,1.6
74,91870,470.8
74,27042,1602.2
74,91983,0.1
74,192,2307.4
74,69684,22.2
74,87113,1278.6
74,79883,0.4
74,77734,292.3
74,87144,264.5
74,50538,0.3
74,42438,2072.9
74,29132,2332.5
74,67686,547.6
74,33032,278.0
74,14557,2575.8
74,76325,1.2
74,38018,317.0
74,33034,1104.4
74,60845,865.2
74,19582,0.1
74,63145,0.2
74,71550,0.0
74,15802,884.0
74,11989,1.0
74,41154,2120.3
74,38760,0.2
74,74276,1067.6
74,83403,0.5
74,57060,1744.1
74,36566,1170.3
74,66285,0.0
74,64635,0.1
74,9902,1826.4
74,89205,727.6
74,96030,1663.7
74,23450,488.5
74,55682,4.2
74,79012,582.4
74,11285,1034.9
74,54295,0.1
74,53460,2498.7
74,32186,0.4
74,98245,0.0
74,33998,566.2
74,33346,850.2
74,24878,1.7
74,93522,522.6
74,70174,0.5
74,47306,0.0
74,41686,0.8
75,91870,238.2
75,27042,1406.7
75,91983,314.1
75,192,2314.0
75,69684,820.7
75,87113,1613.0
75,79883,306.5
75,77734,0.7
75,87144,876.8
75,50538,0.2
75,42438,1307.0
75,29132,2385.7
75,67686,747.3
75,33032,311.2
75,14557,2409.7
75,76325,1.2
75,38018,4.1
75,33034,616.7
75,60845,281.0
75,19582,0.0
75,63145,0.1
75,71550,0.1
75,15802,1445.1
75,11989,1.0
75,41154,2708.0
75,38760,0.3
75,74276,722.3
75,83403,527.9
75,57060,2603.8
75,36566,1126.7
75,66285,1.6
75,64635,0.0
75,9902,1222.8
75,89205,1511.5
75,96030,1211.3
75,23450,1806.3
75,55682,495.1
75,79012,875.4
75,11285,1664.1
75,54295,0.1
75,53460,1419.2
75,32186,273.2
75,98245,313.7
75,33998,0.0
75,33346,695.2
75,24878,1094.5
75,93522,0.1
75,70174,271.3
75,47306,233.2
75,41686,1.4
76,91870,843.6
76,27042,1216.9
76,91983,271.8
76,192,2204.6
76,69684,598.3
76,87113,1162.8
76,79883,0.5
76,77734,1.0
76,87144,779.1
76,50538,0.2
76,42438,846.0
76,29132,2561.4
76,67686,1044.8
76,33032,292.0
76,14557,2172.3
76,76325,0.7
76,38018,784.9
76,33034,250.2
76,60845,233.5
76,19582,0.1
76,63145,0.2
76,71550,0.0
76,15802,1524.0
76,11989,1.0
76,41154,2360.3
76,38760,0.2
76,74276,730.6
76,83403,0.3
76,57060,2130.9
76,36566,590.9
76,66285,0.0
76,64635,0.1
76,9902,1005.7
76,89205,1439.7
76,96030,2406.5
76,23450,1331.3
76,55682,4.3
76,79012,786.3
76,11285,1006.9
76,54295,0.0
76,53460,1872.9
76,32186,0.6
76,98245,0.0
76,33998,0.1
76,33346,1268.6
76,24878,717.2
76,93522,448.8
76,70174,578.5
76,47306,0.0
76,41686,246.7
77,91870,271.4
77,27042,1779.9
77,91983,510.9
77,192,2442.0
77,69684,518.7
77,87113,1156.9
77,79883,0.3
77,77734,223.2
77,87144,558.3
77,50538,0.5
77,42438,1082.7
77,29132,2337.4
77,67686,544.0
77,33032,8.2
77,14557,2543.6
77,76325,0.8
77,38018,555.1
77,33034,275.9
77,60845,1080.3
77,19582,0.1
77,63145,0.2
77,71550,0.0
77,15802,1222.6
77,11989,0.9
77,41154,2599.2
77,38760,0.2
77,74276,1905.4
77,83403,0.4
77,57060,1785.5
77,36566,560.6
77,66285,0.0
77,64635,0.0
77,9902,1210.9
77,89205,1596.0
77,96030,1918.3
77,23450,2101.3
77,55682,306.3
77,79012,797.1
77,11285,702.4
77,54295,0.0
77,53460,1462.3
77,32186,0.3
77,98245,0.0
77,33998,0.1
77,33346,1576.0
77,24878,520.1
77,93522,0.5
77,70174,1.5
77,47306,0.0
77,41686,525.2
78,91870,227.2
78,27042,1263.9
78,91983,0.3
78,192,2592.8
78,69684,14.2
78,87113,981.2
78,79883,0.5
78,77734,0.9
78,87144,1115.6
78,50538,0.2
78,42438,1468.5
78,29132,2633.5
78,67686,788.1
78,33032,1.3
78,14557,2708.3
78,76325,289.8
78,38018,243.7
78,33034,0.7
78,60845,840.7
78,19582,1.3
78,63145,0.2
78,71550,0.0
78,15802,1582.2
78,11989,0.6
78,41154,2670.8
78,38760,308.3
78,74276,263.2
78,83403,0.3
78,57060,1741.1
78,36566,570.8
78,66285,0.4
78,64635,0.0
78,9902,733.7
78,89205,761.5
78,96030,815.6
78,23450,1837.1
78,55682,4.8
78,79012,836.9
78,11285,1092.6
78,54295,0.1
78,53460,2556.6
78,32186,0.5
78,98245,0.1
78,33998,0.1
78,33346,713.3
78,24878,1.2
78,93522,0.1
78,70174,0.8
78,47306,0.0
78,41686,1.4
79,91870,242.1
79,27042,2099.8
79,91983,274.8
79,192,2222.4
79,69684,3.0
79,87113,1280.4
79,79883,15.6
79,77734,1.5
79,87144,273.5
79,50538,0.4
79,42438,1560.2
79,29132,2378.3
79,67686,226.4
79,33032,1.3
79,14557,2694.3
79,76325,302.3
79,38018,776.4
79,33034,259.8
79,60845,1129.4
79,19582,0.0
79,63145,0.2
79,71550,0.1
79,15802,576.6
79,11989,1.3
79,41154,2635.1
79,38760,0.2
79,74276,586.7
79,83403,0.4
79,57060,2069.1
79,36566,1316.7
79,66285,0.0
79,64635,0.0
79,9902,1557.9
79,89205,1245.4
79,96030,1003.6
79,23450,1302.0
79,55682,7.0
79,79012,808.6
79,11285,664.0
79,54295,0.0
79,53460,1484.9
79,32186,0.5
79,98245,2.5
79,33998,271.3
79,33346,1017.4
79,24878,307.3
79,93522,0.6
79,70174,253.4
79,47306,0.0
79,41686,526.6
80,91870,896.7
80,27042,752.5
80,91983,559.9
80,192,1955.0
80,69684,462.8
80,87113,1310.4
80,79883,0.2
80,77734,284.2
80,87144,964.3
80,50538,0.1
80,42438,1077.4
80,29132,2666.8
80,67686,1066.4
80,33032,329.7
80,14557,2495.2
80,76325,0.7
80,38018,1313.3
80,33034,470.4
80,60845,770.7
80,19582,0.1
80,63145,0.1
80,71550,0.0
80,15802,1084.4
80,11989,0.8
80,41154,2461.9
80,38760,0.0
80,74276,546.3
80,83403,0.3
80,57060,2329.6
80,36566,1012.4
80,66285,0.0
80,64635,0.1
80,9902,960.1
80,89205,1279.9
80,96030,783.0
80,23450,1360.6
80,55682,3.4
80,79012,1002.3
80,11285,1240.3
80,54295,0.0
80,53460,2373.5
80,32186,0.1
80,98245,0.1
80,33998,275.3
80,33346,834.3
80,24878,284.6
80,93522,0.9
80,70174,0.3
80,47306,0.0
80,41686,1256.0
81,91870,0.6
81,27042,1849.5
81,91983,0.6
81,192,2619.4
81,69684,1138.4
81,87113,1247.7
81,79883,0.1
81,77734,236.3
81,87144,928.3
81,50538,0.0
81,42438,995.0
81,29132,1745.8
81,67686,300.6
81,33032,0.5
81,14557,2587.9
81,76325,1.3
81,38018,663.1
81,33034,571.4
81,60845,1042.9
81,19582,0.1
81,63145,0.5
81,71550,259.4
81,15802,531.9
81,11989,1.2
81,41154,2098.0
81,38760,0.5
81,74276,960.3
81,83403,272.5
81,57060,1628.5
81,36566,806.3
81,66285,0.0
81,64635,0.2
81,9902,1023.9
81,89205,891.6
81,96030,614.8
81,23450,1557.1
81,55682,500.7
81,79012,823.8
81,11285,756.3
81,54295,0.2
81,53460,1954.2
81,32186,0.5
81,98245,0.1
81,33998,0.0
81,33346,245.5
81,24878,818.5
81,93522,0.3
81,70174,265.6
81,47306,0.1
81,41686,479.7
82,91870,1156.1
82,27042,1021.4
82,91983,0.1
82,192,2593.0
82,69684,323.2
82,87113,1665.8
82,79883,0.5
82,77734,0.6
82,87144,534.0
82,50538,0.3
82,42438,1919.0
82,29132,2350.4
82,67686,1467.9
82,33032,1.2
82,14557,2671.9
82,76325,0.7
82,38018,558.6
82,33034,0.9
82,60845,773.6
82,19582,0.0
82,63145,0.2
82,71550,0.0
82,15802,2202.9
82,11989,1.0
82,41154,2634.0
82,38760,0.5
82,74276,809.0
82,83403,241.1
82,57060,2078.3
82,36566,1140.5
82,66285,0.0
82,64635,0.0
82,9902,1332.4
82,89205,1668.0
82,96030,1103.3
82,23450,1712.1
82,55682,9.0
82,79012,212.2
82,11285,571.6
82,54295,0.0
82,53460,2267.2
82,32186,0.5
82,98245,0.0
82,33998,264.7
82,33346,714.9
82,24878,1.0
82,93522,267.3
82,70174,1.2
82,47306,0.0
82,41686,1.1
83,91870,503.1
83,27042,1031.4
83,91983,239.8
83,192,2458.8
83,69684,593.0
83,87113,242.1
83,79883,0.3
83,77734,267.7
83,87144,528.8
83,50538,0.5
83,42438,1100.9
83,29132,2687.4
83,67686,508.8
83,33032,0.4
83,14557,2383.8
83,76325,0.5
83,38018,691.6
83,33034,0.5
83,60845,239.8
83,19582,0.6
83,63145,0.2
83,71550,0.1
83,15802,1444.7
83,11989,1.1
83,41154,2488.4
83,38760,0.3
83,74276,767.7
83,83403,0.3
83,57060,2258.4
83,36566,1749.5
83,66285,0.0
83,64635,0.0
83,9902,1127.0
83,89205,1315.0
83,96030,1300.1
83,23450,1733.2
83,55682,524.9
83,79012,243.3
83,11285,232.1
83,54295,0.1
83,53460,2221.3
83,32186,0.6
83,98245,0.0
83,33998,255.8
83,33346,832.7
83,24878,274.6
83,93522,0.6
83,70174,263.6
83,47306,0.2
83,41686,520.7
84,91870,233.3
84,27042,1366.7
84,91983,2.9
84,192,2707.8
84,69684,564.0
84,87113,1678.8
84,79883,0.5
84,77734,205.1
84,87144,471.1
84,50538,0.4
84,42438,2125.8
84,29132,2175.6
84,67686,2.6
84,33032,0.7
84,14557,2614.0
84,76325,260.1
84,38018,847.9
84,33034,817.3
84,60845,536.1
84,19582,0.3
84,63145,0.0
84,71550,0.1
84,15802,1095.0
84,11989,0.9
84,41154,2547.2
84,38760,0.4
84,74276,769.9
84,83403,0.5
84,57060,1317.2
84,36566,1562.1
84,66285,0.0
84,64635,0.0
84,9902,1497.9
84,89205,1567.0
84,96030,1380.2
84,23450,1086.8
84,55682,654.8
84,79012,1184.2
84,11285,742.3
84,54295,0.1
84,53460,1910.4
84,32186,1.0
84,98245,0.0
84,33998,0.0
84,33346,1304.2
84,24878,208.8
84,93522,0.2
84,70174,245.7
84,47306,0.0
84,41686,254.0
85,91870,548.0
85,27042,1548.2
85,91983,4.9
85,192,2362.1
85,69684,4.9
85,87113,342.8
85,79883,0.3
85,77734,507.6
85,87144,583.2
85,50538,0.3
85,42438,1821.7
85,29132,2688.1
85,67686,271.3
85,33032,0.7
85,14557,2619.4
85,76325,259.8
85,38018,292.8
85,33034,544.9
85,60845,268.1
85,19582,0.4
85,63145,0.2
85,71550,0.3
85,15802,1918.8
85,11989,1.4
85,41154,2377.5
85,38760,0.1
85,74276,495.1
85,83403,284.0
85,57060,2392.6
85,36566,1031.5
85,66285,566.2
85,64635,0.1
85,9902,1082.4
85,89205,2262.3
85,96030,1592.2
85,23450,1218.6
85,55682,594.1
85,79012,1076.6
85,11285,1069.7
85,54295,0.3
85,53460,1555.8
85,32186,0.4
85,98245,0.0
85,33998,0.1
85,33346,1493.4
85,24878,542.5
85,93522,0.3
85,70174,0.8
85,47306,0.0
85,41686,519.7
86,91870,503.8
86,27042,2086.6
86,91983,224.7
86,192,2140.1
86,69684,792.1
86,87113,1327.7
86,79883,0.2
86,77734,260.3
86,87144,263.4
86,50538,0.4
86,42438,1684.1
86,29132,2285.4
86,67686,3.8
86,33032,1.1
86,14557,2375.6
86,76325,0.9
86,38018,574.9
86,33034,300.1
86,60845,809.2
86,19582,0.0
86,63145,275.4
86,71550,0.0
86,15802,1606.7
86,11989,0.8
86,41154,2485.8
86,38760,296.6
86,74276,1065.8
86,83403,0.6
86,57060,1748.8
86,36566,766.9
86,66285,0.0
86,64635,0.0
86,9902,778.0
86,89205,991.1
86,96030,264.7
86,23450,1529.7
86,55682,258.6
86,79012,560.6
86,11285,1914.0
86,54295,0.2
86,53460,1306.0
86,32186,0.5
86,98245,0.0
86,33998,0.0
86,33346,1018.4
86,24878,830.7
86,93522,0.3
86,70174,0.6
86,47306,0.1
86,41686,288.3
87,91870,270.6
87,27042,1076.0
87,91983,0.0
87,192,2470.8
87,69684,315.8
87,87113,1729.5
87,79883,0.3
87,77734,0.9
87,87144,523.8
87,50538,0.1
87,42438,743.4
87,29132,2715.3
87,67686,823.2
87,33032,1.3
87,14557,2650.4
87,76325,269.2
87,38018,1331.5
87,33034,293.3
87,60845,1094.8
87,19582,283.8
87,63145,0.2
87,71550,0.0
87,15802,1431.4
87,11989,0.9
87,41154,2323.2
87,38760,0.0
87,74276,504.3
87,83403,527.6
87,57060,2634.1
87,36566,1563.6
87,66285,284.7
87,64635,0.1
87,9902,1312.5
87,89205,1749.1
87,96030,2165.8
87,23450,1792.9
87,55682,542.2
87,79012,1166.3
87,11285,515.4
87,54295,0.2
87,53460,972.6
87,32186,1.4
87,98245,0.0
87,33998,0.0
87,33346,832.6
87,24878,252.0
87,93522,0.2
87,70174,0.4
87,47306,0.0
87,41686,1064.8
88,91870,291.6
88,27042,1312.9
88,91983,0.6
88,192,2630.1
88,69684,255.0
88,87113,1276.4
88,79883,0.4
88,77734,0.8
88,87144,774.7
88,50538,0.7
88,42438,1042.0
88,29132,2716.1
88,67686,248.9
88,33032,1.0
88,14557,2439.1
88,76325,0.8
88,38018,488.9
88,33034,0.7
88,60845,1014.0
88,19582,3.2
88,63145,0.2
88,71550,0.0
88,15802,1631.4
88,11989,1.3
88,41154,2388.0
88,38760,290.9
88,74276,272.4
88,83403,0.6
88,57060,1748.0
88,36566,846.0
88,66285,0.0
88,64635,0.0
88,9902,1379.5
88,89205,1542.7
88,96030,1661.2
88,23450,1069.0
88,55682,564.4
88,79012,1236.5
88,11285,1128.3
88,54295,0.0
88,53460,2298.7
88,32186,0.2
88,98245,0.0
88,33998,0.0
88,33346,574.2
88,24878,808.8
88,93522,0.3
88,70174,0.6
88,47306,0.0
88,41686,527.0
89,91870,865.0
89,27042,1257.4
89,91983,7.9
89,192,2722.8
89,69684,240.0
89,87113,590.5
89,79883,578.9
89,77734,0.7
89,87144,1963.5
89,50538,0.0
89,42438,1194.9
89,29132,2610.9
89,67686,567.5
89,33032,1.5
89,14557,2580.5
89,76325,222.3
89,38018,1142.9
89,33034,1.1
89,60845,771.6
89,19582,0.3
89,63145,0.4
89,71550,0.3
89,15802,1641.1
89,11989,0.7
89,41154,2385.3
89,38760,281.5
89,74276,2154.7
89,83403,0.0
89,57060,2280.8
89,36566,592.7
89,66285,0.0
89,64635,0.0
89,9902,993.6
89,89205,1242.6
89,96030,1068.9
89,23450,1044.1
89,55682,10.7
89,79012,243.2
89,11285,822.5
89,54295,0.3
89,53460,1840.5
89,32186,272.6
89,98245,258.1
89,33998,0.0
89,33346,1772.6
89,24878,290.1
89,93522,632.9
89,70174,251.8
89,47306,0.0
89,41686,4.1
90,91870,534.1
90,27042,1018.9
90,91983,0.2
90,192,2527.6
90,69684,558.6
90,87113,1547.8
90,79883,7.7
90,77734,1.1
90,87144,789.2
90,50538,0.6
90,42438,1855.0
90,29132,2294.0
90,67686,755.9
90,33032,242.2
90,14557,2462.4
90,76325,0.9
90,38018,733.8
90,33034,281.6
90,60845,571.2
90,19582,0.2
90,63145,0.2
90,71550,0.0
90,15802,2131.5
90,11989,1.2
90,41154,2620.6
90,38760,0.2
90,74276,254.8
90,83403,0.3
90,57060,1255.3
90,36566,757.0
90,66285,0.0
90,64635,0.1
90,9902,1577.5
90,89205,1281.5
90,96030,839.5
90,23450,1148.3
90,55682,265.5
90,79012,1320.6
90,11285,768.6
90,54295,0.2
90,53460,1123.2
90,32186,0.9
90,98245,293.3
90,33998,0.0
90,33346,758.5
90,24878,286.3
90,93522,0.6
90,70174,1.3
90,47306,0.0
90,41686,835.1
91,91870,0.8
91,27042,1296.4
91,91983,2.7
91,192,2688.0
91,69684,1388.2
91,87113,1370.5
91,79883,0.4
91,77734,293.0
91,87144,811.8
91,50538,0.3
91,42438,1808.5
91,29132,2509.4
91,67686,474.7
91,33032,0.8
91,14557,2616.3
91,76325,1.0
91,38018,491.4
91,33034,1009.8
91,60845,712.2
91,19582,0.1
91,63145,0.4
91,71550,0.0
91,15802,1633.1
91,11989,0.2
91,41154,2640.0
91,38760,0.1
91,74276,285.1
91,83403,0.4
91,57060,1801.5
91,36566,231.2
91,66285,0.0
91,64635,0.3
91,9902,1758.9
91,89205,1888.6
91,96030,1147.0
91,23450,1159.2
91,55682,18.6
91,79012,524.0
91,11285,1009.8
91,54295,0.1
91,53460,2326.2
91,32186,0.6
91,98245,0.8
91,33998,0.0
91,33346,471.1
91,24878,463.2
91,93522,282.9
91,70174,346.3
91,47306,0.0
91,41686,715.7
92,91870,788.0
92,27042,1867.5
92,91983,522.5
92,192,2300.7
92,69684,1016.2
92,87113,1332.8
92,79883,0.6
92,77734,0.7
92,87144,404.2
92,50538,0.2
92,42438,1043.8
92,29132,2591.7
92,67686,301.6
92,33032,0.4
92,14557,2647.5
92,76325,0.7
92,38018,548.2
92,33034,562.5
92,60845,484.1
92,19582,0.0
92,63145,0.6
92,71550,0.2
92,15802,1111.8
92,11989,1.0
92,41154,2407.2
92,38760,496.5
92,74276,497.5
92,83403,0.3
92,57060,2402.2
92,36566,1578.5
92,66285,0.0
92,64635,0.1
92,9902,239.4
92,89205,882.4
92,96030,500.7
92,23450,1373.0
92,55682,2.9
92,79012,715.7
92,11285,772.7
92,54295,0.0
92,53460,1891.8
92,32186,0.9
92,98245,0.0
92,33998,0.0
92,33346,736.9
92,24878,485.4
92,93522,253.4
92,70174,0.9
92,47306,0.0
92,41686,520.7
93,91870,505.1
93,27042,1396.6
93,91983,0.4
93,192,2503.4
93,69684,286.2
93,87113,847.7
93,79883,0.1
93,77734,0.8
93,87144,779.8
93,50538,0.3
93,42438,1946.7
93,29132,1552.7
93,67686,759.1
93,33032,0.8
93,14557,2442.8
93,76325,0.8
93,38018,576.1
93,33034,0.3
93,60845,979.6
93,19582,0.2
93,63145,0.1
93,71550,0.1
93,15802,2273.2
93,11989,0.4
93,41154,2332.9
93,38760,0.3
93,74276,992.1
93,83403,0.1
93,57060,2023.4
93,36566,1177.4
93,66285,0.0
93,64635,0.0
93,9902,1513.3
93,89205,1447.4
93,96030,1346.6
93,23450,1596.6
93,55682,310.7
93,79012,1367.1
93,11285,1275.4
93,54295,0.1
93,53460,2156.9
93,32186,0.8
93,98245,283.7
93,33998,285.1
93,33346,545.8
93,24878,575.6
93,93522,0.3
93,70174,1.0
93,47306,0.0
93,41686,241.0
94,91870,517.6
94,27042,1750.2
94,91983,240.4
94,192,2584.9
94,69684,963.0
94,87113,1685.5
94,79883,259.8
94,77734,477.3
94,87144,1048.2
94,50538,0.5
94,42438,1818.9
94,29132,2695.1
94,67686,546.5
94,33032,0.6
94,14557,2318.0
94,76325,0.7
94,38018,758.1
94,33034,836.7
94,60845,810.8
94,19582,0.1
94,63145,0.2
94,71550,0.0
94,15802,1862.8
94,11989,0.5
94,41154,2635.6
94,38760,178.0
94,74276,551.6
94,83403,291.6
94,57060,1784.9
94,36566,1474.0
94,66285,0.0
94,64635,0.1
94,9902,1264.7
94,89205,2419.3
94,96030,1077.7
94,23450,1318.5
94,55682,4.9
94,79012,873.6
94,11285,475.8
94,54295,0.0
94,53460,1937.0
94,32186,0.4
94,98245,0.1
94,33998,0.0
94,33346,795.4
94,24878,290.9
94,93522,0.2
94,70174,1.5
94,47306,0.0
94,41686,264.7
95,91870,531.9
95,27042,794.4
95,91983,0.2
95,192,2469.8
95,69684,348.1
95,87113,1519.1
95,79883,0.7
95,77734,553.3
95,87144,750.1
95,50538,0.5
95,42438,539.4
95,29132,1995.9
95,67686,1235.3
95,33032,1.5
95,14557,2299.8
95,76325,0.4
95,38018,471.2
95,33034,1.3
95,60845,1085.3
95,19582,0.3
95,63145,0.1
95,71550,0.3
95,15802,1372.2
95,11989,1.0
95,41154,2638.0
95,38760,0.1
95,74276,1129.1
95,83403,0.4
95,57060,1570.1
95,36566,510.9
95,66285,2.3
95,64635,259.2
95,9902,1223.6
95,89205,2217.5
95,96030,572.7
95,23450,1914.0
95,55682,509.4
95,79012,545.0
95,11285,1311.5
95,54295,0.3
95,53460,2287.3
95,32186,244.5
95,98245,230.9
95,33998,0.0
95,33346,534.2
95,24878,285.8
95,93522,0.5
95,70174,279.7
95,47306,0.0
95,41686,1.2
96,91870,483.0
96,27042,826.2
96,91983,273.7
96,192,2439.8
96,69684,301.4
96,87113,999.7
96,79883,572.1
96,77734,254.4
96,87144,324.2
96,50538,0.3
96,42438,1369.1
96,29132,2446.3
96,67686,1282.7
96,33032,0.7
96,14557,2648.0
96,76325,0.9
96,38018,2.2
96,33034,889.8
96,60845,298.9
96,19582,0.4
96,63145,0.1
96,71550,0.0
96,15802,633.5
96,11989,1.1
96,41154,2484.7
96,38760,225.0
96,74276,1.4
96,83403,0.4
96,57060,1339.9
96,36566,1287.5
96,66285,0.0
96,64635,0.1
96,9902,1366.2
96,89205,1633.9
96,96030,801.2
96,23450,2459.6
96,55682,263.8
96,79012,1543.4
96,11285,941.6
96,54295,0.0
96,53460,2053.4
96,32186,0.6
96,98245,0.0
96,33998,0.0
96,33346,249.4
96,24878,248.8
96,93522,289.4
96,70174,256.1
96,47306,0.0
96,41686,1.6
97,91870,1022.5
97,27042,789.2
97,91983,4.4
97,192,2259.5
97,69684,274.7
97,87113,995.7
97,79883,263.3
97,77734,0.4
97,87144,276.8
97,50538,202.9
97,42438,2681.2
97,29132,2612.7
97,67686,1168.3
97,33032,0.8
97,14557,2742.4
97,76325,1.0
97,38018,788.1
97,33034,797.5
97,60845,962.2
97,19582,0.1
97,63145,0.2
97,71550,0.4
97,15802,1554.6
97,11989,1.2
97,41154,2212.1
97,38760,0.0
97,74276,270.9
97,83403,0.4
97,57060,2088.8
97,36566,1778.2
97,66285,260.8
97,64635,0.1
97,9902,2094.1
97,89205,1086.6
97,96030,498.1
97,23450,1548.2
97,55682,263.5
97,79012,846.5
97,11285,1910.9
97,54295,0.1
97,53460,2329.3
97,32186,244.9
97,98245,252.2
97,33998,0.3
97,33346,1176.0
97,24878,2.5
97,93522,0.6
97,70174,3.1
97,47306,0.0
97,41686,1.8
98,91870,275.7
98,27042,1312.3
98,91983,0.2
98,192,2810.4
98,69684,548.4
98,87113,1844.6
98,79883,207.1
98,77734,0.8
98,87144,543.3
98,50538,0.0
98,42438,1373.3
98,29132,1584.5
98,67686,794.6
98,33032,0.6
98,14557,2463.0
98,76325,0.8
98,38018,819.4
98,33034,262.5
98,60845,506.8
98,19582,0.1
98,63145,0.1
98,71550,0.0
98,15802,1070.9
98,11989,1.4
98,41154,2714.1
98,38760,0.0
98,74276,800.9
98,83403,0.4
98,57060,1585.8
98,36566,1871.7
98,66285,0.4
98,64635,0.0
98,9902,1229.0
98,89205,1743.1
98,96030,812.3
98,23450,1015.2
98,55682,309.1
98,79012,829.2
98,11285,1247.6
98,54295,0.0
98,53460,1912.8
98,32186,0.3
98,98245,0.0
98,33998,0.6
98,33346,880.0
98,24878,528.4
98,93522,0.4
98,70174,3.2
98,47306,0.0
98,41686,256.4
99,91870,564.6
99,27042,1074.7
99,91983,0.4
99,192,2486.3
99,69684,571.0
99,87113,1441.9
99,79883,0.2
99,77734,1.9
99,87144,815.4
99,50538,0.6
99,42438,1549.1
99,29132,2626.6
99,67686,761.8
99,33032,4.5
99,14557,2690.3
99,76325,0.8
99,38018,745.1
99,33034,0.7
99,60845,742.1
99,19582,0.3
99,63145,0.6
99,71550,0.1
99,15802,1367.3
99,11989,1.3
99,41154,2679.3
99,38760,0.4
99,74276,788.0
99,83403,0.2
99,57060,2119.9
99,36566,846.1
99,66285,0.0
99,64635,0.0
99,9902,1721.9
99,89205,1005.5
99,96030,950.8
99,23450,1285.0
99,55682,2.7
99,79012,864.9
99,11285,1478.7
99,54295,0.0
99,53460,1777.0
99,32186,0.7
99,98245,2.0
99,33998,0.0
99,33346,812.1
99,24878,287.9
99,93522,0.8
99,70174,0.7
99,47306,0.0
99,41686,469.8
