0,46246,2670.1
0,83355,2350.3
0,75807,1581.4
0,15792,1126.4
0,38223,1452.9
0,70116,2189.7
0,76272,1970.6
0,70086,1677.9
0,69667,541.9
0,69322,2218.4
0,61392,2008.8
0,60597,2103.9
0,90143,1816.0
0,78593,1633.9
0,43834,2514.4
0,81210,1196.3
0,55684,1508.6
0,14994,1091.1
0,78912,2581.3
0,59883,847.1
0,60143,1588.2
0,74530,1567.7
0,59978,274.3
0,51569,1364.0
0,78966,1141.2
0,56130,339.2
0,59530,1286.7
0,28470,2689.6
0,89724,2256.8
0,61616,772.3
0,42550,868.8
0,51519,581.6
0,70607,591.4
0,53844,2559.9
0,75432,1171.5
0,50822,1113.2
0,19309,2543.6
0,56651,1744.4
0,57698,877.4
0,32028,2223.8
0,56344,1115.0
0,78370,2209.4
0,74026,1865.8
0,17725,579.4
0,24347,2438.4
0,14878,29.9
0,58826,571.2
0,74529,1749.9
0,78972,1679.4
0,44966,2463.2
1,46246,1684.4
1,83355,2145.9
1,75807,1393.5
1,15792,1363.3
1,38223,1364.1
1,70116,1527.1
1,76272,1944.1
1,70086,1069.0
1,69667,1381.5
1,69322,2336.8
1,61392,2071.2
1,60597,1574.5
1,90143,1311.0
1,78593,1822.7
1,43834,2171.9
1,81210,1912.4
1,55684,1619.0
1,14994,884.0
1,78912,2839.2
1,59883,1158.6
1,60143,1878.1
1,74530,2398.1
1,59978,750.2
1,51569,1765.6
1,78966,1104.4
1,56130,853.9
1,59530,1281.3
1,28470,2493.6
1,89724,1985.5
1,61616,1402.3
1,42550,1347.5
1,51519,1475.4
1,70607,837.2
1,53844,2470.4
1,75432,1357.4
1,50822,619.8
1,19309,2406.7
1,56651,1948.5
1,57698,2076.5
1,32028,2417.4
1,56344,1117.8
1,78370,1887.3
1,74026,1872.7
1,17725,1383.5
1,24347,2568.2
1,14878,547.5
1,58826,1934.9
1,74529,1042.7
1,78972,825.2
1,44966,1863.6
2,46246,2375.5
2,83355,1727.0
2,75807,1715.4
2,15792,1742.9
2,38223,1836.6
2,70116,1603.9
2,76272,1758.9
2,70086,1881.5
2,69667,43.1
2,69322,1619.2
2,61392,2407.8
2,60597,1037.0
2,90143,1378.6
2,78593,1580.2
2,43834,2143.6
2,81210,1798.4
2,55684,1480.6
2,14994,303.7
2,78912,2423.5
2,59883,1550.1
2,60143,1559.8
2,74530,2693.5
2,59978,437.9
2,51569,2475.3
2,78966,1874.0
2,56130,841.7
2,59530,1381.2
2,28470,2707.2
2,89724,1743.2
2,61616,821.2
2,42550,1634.3
2,51519,991.3
2,70607,1419.4
2,53844,2554.0
2,75432,1069.1
2,50822,1349.1
2,19309,2531.6
2,56651,1878.6
2,57698,2465.3
2,32028,1861.1
2,56344,1711.8
2,78370,2201.1
2,74026,2180.4
2,17725,1302.7
2,24347,2578.8
2,14878,30.1
2,58826,2085.1
2,74529,819.2
2,78972,1697.8
2,44966,1612.1
3,46246,1903.6
3,83355,2297.0
3,75807,1054.1
3,15792,1851.1
3,38223,2056.3
3,70116,2373.5
3,76272,2019.9
3,70086,1166.5
3,69667,36.4
3,69322,1887.8
3,61392,2208.5
3,60597,1092.0
3,90143,704.3
3,78593,1192.3
3,43834,2757.9
3,81210,629.4
3,55684,1887.2
3,14994,1250.3
3,78912,2720.1
3,59883,870.8
3,60143,1371.6
3,74530,1905.3
3,59978,595.6
3,51569,2016.0
3,78966,294.9
3,56130,1179.1
3,59530,1713.4
3,28470,2086.8
3,89724,2149.3
3,61616,1395.0
3,42550,1951.9
3,51519,1557.7
3,70607,583.4
3,53844,2479.7
3,75432,1115.7
3,50822,1316.7
3,19309,2828.5
3,56651,1028.9
3,57698,2477.7
3,32028,2521.1
3,56344,1824.9
3,78370,1581.0
3,74026,2041.1
3,17725,897.5
3,24347,1919.9
3,14878,784.9
3,58826,1575.0
3,74529,1284.8
3,78972,1107.5
3,44966,2266.0
4,46246,2455.2
4,83355,2447.7
4,75807,1078.4
4,15792,1909.1
4,38223,2203.4
4,70116,1705.1
4,76272,2575.8
4,70086,797.5
4,69667,293.8
4,69322,2059.3
4,61392,2394.3
4,60597,1334.6
4,90143,772.5
4,78593,1100.8
4,43834,2447.2
4,81210,1588.7
4,55684,1640.4
4,14994,543.6
4,78912,2649.7
4,59883,566.9
4,60143,2136.0
4,74530,2462.8
4,59978,35.3
4,51569,1908.1
4,78966,1097.8
4,56130,828.6
4,59530,1847.0
4,28470,2364.2
4,89724,1631.2
4,61616,1054.6
4,42550,1604.0
4,51519,1085.6
4,70607,796.4
4,53844,2451.9
4,75432,1622.6
4,50822,2006.6
4,19309,2683.4
4,56651,760.4
4,57698,1914.5
4,32028,1534.7
4,56344,1308.8
4,78370,2356.4
4,74026,1720.5
4,17725,1980.9
4,24347,2159.2
4,14878,359.0
4,58826,1330.7
4,74529,575.8
4,78972,783.6
4,44966,2471.1
5,46246,2518.7
5,83355,2670.1
5,75807,1430.8
5,15792,1418.4
5,38223,1082.5
5,70116,1286.4
5,76272,2336.7
5,70086,1139.2
5,69667,855.7
5,69322,2461.8
5,61392,2415.2
5,60597,1971.0
5,90143,1077.4
5,78593,1314.5
5,43834,2507.2
5,81210,1472.9
5,55684,1268.0
5,14994,301.3
5,78912,2006.8
5,59883,1150.5
5,60143,2481.4
5,74530,2580.5
5,59978,849.7
5,51569,2342.3
5,78966,715.2
5,56130,1129.7
5,59530,1651.1
5,28470,2598.3
5,89724,2321.9
5,61616,1878.6
5,42550,1359.0
5,51519,1617.7
5,70607,1580.6
5,53844,2844.7
5,75432,1632.1
5,50822,1636.6
5,19309,2729.2
5,56651,1680.9
5,57698,1915.2
5,32028,2142.4
5,56344,821.0
5,78370,1858.3
5,74026,1107.7
5,17725,823.5
5,24347,2150.2
5,14878,295.2
5,58826,1331.1
5,74529,568.2
5,78972,1324.1
5,44966,1538.7
6,46246,2800.2
6,83355,2199.6
6,75807,1115.5
6,15792,2017.7
6,38223,2197.7
6,70116,1620.8
6,76272,1662.9
6,70086,1101.0
6,69667,1309.8
6,69322,2206.2
6,61392,2820.7
6,60597,1809.4
6,90143,1379.0
6,78593,1660.1
6,43834,2405.3
6,81210,1314.6
6,55684,1148.1
6,14994,285.8
6,78912,1915.9
6,59883,318.4
6,60143,1312.2
6,74530,2672.2
6,59978,312.1
6,51569,2047.2
6,78966,1240.0
6,56130,34.7
6,59530,1487.1
6,28470,2190.5
6,89724,2021.6
6,61616,1345.9
6,42550,791.7
6,51519,1935.0
6,70607,809.4
6,53844,2508.9
6,75432,891.6
6,50822,632.7
6,19309,2654.3
6,56651,787.2
6,57698,1967.2
6,32028,2569.0
6,56344,1052.0
6,78370,2744.0
6,74026,2129.9
6,17725,560.1
6,24347,2251.7
6,14878,814.6
6,58826,1884.4
6,74529,1682.8
6,78972,1051.2
6,44966,2145.0
7,46246,2462.4
7,83355,2153.7
7,75807,1880.1
7,15792,1130.5
7,38223,1673.0
7,70116,1900.0
7,76272,2085.1
7,70086,1929.0
7,69667,819.8
7,69322,1989.5
7,61392,2493.3
7,60597,2187.6
7,90143,541.2
7,78593,1016.6
7,43834,2306.8
7,81210,2260.9
7,55684,1380.7
7,14994,310.2
7,78912,2609.4
7,59883,610.9
7,60143,1855.7
7,74530,2410.6
7,59978,638.5
7,51569,2385.0
7,78966,1929.6
7,56130,320.2
7,59530,1169.9
7,28470,2255.0
7,89724,1873.4
7,61616,1605.0
7,42550,741.3
7,51519,2218.5
7,70607,1050.1
7,53844,2289.8
7,75432,1687.2
7,50822,1891.6
7,19309,2462.4
7,56651,1123.5
7,57698,1610.4
7,32028,1685.5
7,56344,1611.3
7,78370,2636.9
7,74026,1794.0
7,17725,1133.5
7,24347,2117.7
7,14878,32.2
7,58826,2205.7
7,74529,1290.3
7,78972,1372.3
7,44966,1597.4
8,46246,2741.0
8,83355,2735.3
8,75807,1378.6
8,15792,2485.2
8,38223,1310.7
8,70116,1838.7
8,76272,2026.8
8,70086,1683.3
8,69667,882.0
8,69322,2089.5
8,61392,1851.1
8,60597,1686.0
8,90143,1303.5
8,78593,1352.5
8,43834,2676.2
8,81210,2065.1
8,55684,2249.3
8,14994,805.5
8,78912,2203.6
8,59883,836.5
8,60143,1949.0
8,74530,2436.6
8,59978,1038.9
8,51569,1563.2
8,78966,1092.3
8,56130,282.3
8,59530,1358.9
8,28470,2324.5
8,89724,1983.4
8,61616,1239.6
8,42550,1052.7
8,51519,1850.5
8,70607,764.7
8,53844,2259.8
8,75432,1021.0
8,50822,1143.7
8,19309,2584.6
8,56651,858.0
8,57698,1526.0
8,32028,2459.7
8,56344,1095.6
8,78370,2445.1
8,74026,2113.7
8,17725,1893.9
8,24347,2262.0
8,14878,30.9
8,58826,1215.3
8,74529,865.2
8,78972,1431.6
8,44966,1886.5
9,46246,1686.1
9,83355,2332.2
9,75807,1422.6
9,15792,2054.3
9,38223,1855.4
9,70116,2154.6
9,76272,1790.6
9,70086,936.9
9,69667,552.7
9,69322,2085.0
9,61392,1844.4
9,60597,1596.5
9,90143,797.5
9,78593,1323.9
9,43834,2417.1
9,81210,1964.2
9,55684,2058.3
9,14994,856.7
9,78912,2620.7
9,59883,47.1
9,60143,1854.4
9,74530,2441.0
9,59978,1007.9
9,51569,1631.1
9,78966,1519.3
9,56130,345.7
9,59530,2125.9
9,28470,2367.7
9,89724,1633.1
9,61616,1145.1
9,42550,1101.4
9,51519,1365.0
9,70607,1641.1
9,53844,2640.5
9,75432,1602.6
9,50822,1226.1
9,19309,2470.1
9,56651,1868.7
9,57698,1869.6
9,32028,2551.6
9,56344,1303.5
9,78370,2154.8
9,74026,1334.1
9,17725,842.6
9,24347,2531.4
9,14878,287.7
9,58826,1401.8
9,74529,315.4
9,78972,1073.0
9,44966,1935.5
10,46246,2686.8
10,83355,1833.6
10,75807,50.2
10,15792,1307.6
10,38223,2176.1
10,70116,2104.6
10,76272,1693.4
10,70086,1239.5
10,69667,578.6
10,69322,1859.1
10,61392,2278.9
10,60597,1329.2
10,90143,1701.2
10,78593,804.6
10,43834,2269.5
10,81210,1310.2
10,55684,2134.6
10,14994,441.0
10,78912,1869.2
10,59883,787.3
10,60143,1685.6
10,74530,2623.2
10,59978,582.3
10,51569,2092.6
10,78966,1323.1
10,56130,300.9
10,59530,2176.6
10,28470,2487.8
10,89724,1379.2
10,61616,823.6
10,42550,2118.9
10,51519,1866.3
10,70607,1123.9
10,53844,2565.6
10,75432,887.4
10,50822,1075.5
10,19309,2603.0
10,56651,1456.9
10,57698,2114.8
10,32028,2064.9
10,56344,1085.0
10,78370,2154.1
10,74026,2381.7
10,17725,1004.9
10,24347,1626.3
10,14878,280.1
10,58826,1839.1
10,74529,1316.6
10,78972,729.9
10,44966,1921.1
11,46246,1814.6
11,83355,1848.0
11,75807,844.2
11,15792,2271.8
11,38223,1674.7
11,70116,1444.8
11,76272,1463.0
11,70086,572.0
11,69667,1073.6
11,69322,2124.8
11,61392,2358.4
11,60597,1066.3
11,90143,1520.4
11,78593,1726.2
11,43834,2110.8
11,81210,1490.4
11,55684,1624.9
11,14994,877.3
11,78912,1879.0
11,59883,814.1
11,60143,1033.9
11,74530,2689.0
11,59978,800.3
11,51569,1805.2
11,78966,1137.6
11,56130,559.7
11,59530,1308.7
11,28470,2699.8
11,89724,1374.6
11,61616,798.1
11,42550,1731.0
11,51519,2109.6
11,70607,765.7
11,53844,2063.3
11,75432,1621.9
11,50822,1389.3
11,19309,2426.4
11,56651,1633.1
11,57698,2089.7
11,32028,2055.0
11,56344,1555.6
11,78370,2147.6
11,74026,1580.1
11,17725,274.4
11,24347,2142.5
11,14878,278.5
11,58826,1299.6
11,74529,757.4
11,78972,626.6
11,44966,2000.5
12,46246,1849.1
12,83355,2254.2
12,75807,996.3
12,15792,1856.0
12,38223,1144.9
12,70116,2297.8
12,76272,2160.3
12,70086,814.2
12,69667,1176.8
12,69322,2285.4
12,61392,2497.2
12,60597,2077.1
12,90143,756.2
12,78593,1125.9
12,43834,2780.8
12,81210,1053.8
12,55684,1837.8
12,14994,519.0
12,78912,2588.6
12,59883,618.5
12,60143,1608.8
12,74530,2216.1
12,59978,275.5
12,51569,2270.2
12,78966,2177.5
12,56130,796.3
12,59530,2105.1
12,28470,2394.7
12,89724,2344.0
12,61616,1779.2
12,42550,861.2
12,51519,1946.8
12,70607,35.7
12,53844,2766.1
12,75432,1349.3
12,50822,1359.3
12,19309,2706.7
12,56651,1484.9
12,57698,1016.6
12,32028,2178.3
12,56344,1666.2
12,78370,2787.4
12,74026,2147.6
12,17725,1326.8
12,24347,2503.7
12,14878,530.4
12,58826,1324.0
12,74529,1750.7
12,78972,1401.1
12,44966,2050.7
13,46246,2404.6
13,83355,2055.5
13,75807,590.8
13,15792,1835.7
13,38223,830.2
13,70116,1390.7
13,76272,1681.8
13,70086,1162.5
13,69667,901.6
13,69322,1914.1
13,61392,1992.8
13,60597,493.3
13,90143,1607.3
13,78593,1095.6
13,43834,2544.5
13,81210,1061.6
13,55684,2055.2
13,14994,1038.6
13,78912,2379.9
13,59883,821.0
13,60143,2283.6
13,74530,2138.7
13,59978,349.2
13,51569,1104.2
13,78966,1308.8
13,56130,1178.1
13,59530,1341.8
13,28470,2447.5
13,89724,2210.6
13,61616,2140.6
13,42550,1475.1
13,51519,1109.1
13,70607,1085.4
13,53844,2467.0
13,75432,1176.6
13,50822,1725.1
13,19309,2401.2
13,56651,908.4
13,57698,2518.0
13,32028,2716.0
13,56344,1923.3
13,78370,2150.6
13,74026,1829.4
13,17725,1077.7
13,24347,1259.5
13,14878,238.2
13,58826,1635.3
13,74529,611.9
13,78972,1158.5
13,44966,1703.5
14,46246,1457.7
14,83355,1715.8
14,75807,863.1
14,15792,2071.0
14,38223,1489.6
14,70116,1453.2
14,76272,2596.9
14,70086,1711.9
14,69667,590.0
14,69322,1901.9
14,61392,2118.5
14,60597,1886.3
14,90143,555.4
14,78593,1377.0
14,43834,2025.7
14,81210,2233.5
14,55684,1448.5
14,14994,1014.7
14,78912,2231.3
14,59883,545.2
14,60143,1443.3
14,74530,2339.5
14,59978,576.9
14,51569,1661.8
14,78966,1287.8
14,56130,1156.2
14,59530,1767.3
14,28470,2131.9
14,89724,1058.7
14,61616,1024.3
14,42550,900.1
14,51519,2071.5
14,70607,1393.2
14,53844,2507.6
14,75432,839.9
14,50822,328.1
14,19309,2705.1
14,56651,1369.5
14,57698,2159.2
14,32028,2193.7
14,56344,886.1
14,78370,2204.1
14,74026,1359.0
14,17725,566.1
14,24347,2347.4
14,14878,788.0
14,58826,1446.2
14,74529,1434.5
14,78972,1111.5
14,44966,1825.8
15,46246,2586.7
15,83355,2510.0
15,75807,1262.4
15,15792,2240.2
15,38223,2196.5
15,70116,1880.6
15,76272,1860.0
15,70086,1489.9
15,69667,575.8
15,69322,2056.7
15,61392,2321.9
15,60597,1564.0
15,90143,762.6
15,78593,1630.4
15,43834,2092.8
15,81210,1124.7
15,55684,1938.3
15,14994,569.4
15,78912,2697.2
15,59883,787.4
15,60143,760.4
15,74530,2216.4
15,59978,1279.0
15,51569,1180.7
15,78966,1077.5
15,56130,856.6
15,59530,1876.9
15,28470,2229.1
15,89724,2060.0
15,61616,634.6
15,42550,1413.9
15,51519,1651.3
15,70607,316.1
15,53844,2642.1
15,75432,1830.3
15,50822,868.9
15,19309,2661.1
15,56651,1532.8
15,57698,2006.7
15,32028,2262.1
15,56344,1701.8
15,78370,2131.5
15,74026,2224.9
15,17725,1914.1
15,24347,2622.9
15,14878,366.5
15,58826,1483.9
15,74529,1011.9
15,78972,1686.3
15,44966,2491.1
16,46246,1874.8
16,83355,2690.7
16,75807,1358.7
16,15792,2023.2
16,38223,1568.7
16,70116,2260.5
16,76272,2486.0
16,70086,1392.6
16,69667,1069.7
16,69322,2100.8
16,61392,2230.2
16,60597,1668.4
16,90143,259.5
16,78593,2110.9
16,43834,2649.3
16,81210,1295.3
16,55684,1584.4
16,14994,1157.8
16,78912,2657.4
16,59883,842.6
16,60143,2408.7
16,74530,2068.4
16,59978,323.2
16,51569,2041.7
16,78966,606.3
16,56130,1140.6
16,59530,911.9
16,28470,1813.0
16,89724,1828.4
16,61616,1697.5
16,42550,1331.8
16,51519,1297.0
16,70607,1262.3
16,53844,2479.8
16,75432,1916.3
16,50822,1801.5
16,19309,2383.5
16,56651,1103.6
16,57698,2146.0
16,32028,2001.0
16,56344,1104.9
16,78370,2616.7
16,74026,1920.4
16,17725,1449.1
16,24347,2407.8
16,14878,29.0
16,58826,2021.8
16,74529,1370.8
16,78972,826.9
16,44966,2079.1
17,46246,2371.6
17,83355,1768.0
17,75807,801.7
17,15792,1770.8
17,38223,1872.4
17,70116,1577.3
17,76272,1597.8
17,70086,859.5
17,69667,1051.7
17,69322,1533.6
17,61392,2636.6
17,60597,1611.5
17,90143,1424.3
17,78593,955.6
17,43834,2374.5
17,81210,1391.9
17,55684,1828.8
17,14994,309.1
17,78912,2663.1
17,59883,1074.6
17,60143,1596.8
17,74530,2160.5
17,59978,786.6
17,51569,2062.1
17,78966,578.4
17,56130,570.4
17,59530,1247.6
17,28470,2783.7
17,89724,1341.6
17,61616,1299.9
17,42550,1631.8
17,51519,1647.8
17,70607,1711.7
17,53844,2701.2
17,75432,1779.9
17,50822,910.4
17,19309,2627.4
17,56651,1360.0
17,57698,1598.4
17,32028,1514.2
17,56344,1264.0
17,78370,2190.2
17,74026,1611.1
17,17725,1386.5
17,24347,2589.8
17,14878,272.7
17,58826,1286.8
17,74529,1715.0
17,78972,1153.3
17,44966,2352.0
18,46246,2011.8
18,83355,2531.3
18,75807,1230.0
18,15792,1476.0
18,38223,1449.1
18,70116,1981.7
18,76272,1856.8
18,70086,741.1
18,69667,1096.9
18,69322,1636.4
18,61392,2626.3
18,60597,1045.9
18,90143,1554.9
18,78593,1571.3
18,43834,1802.0
18,81210,1881.8
18,55684,1275.7
18,14994,313.1
18,78912,2356.5
18,59883,264.7
18,60143,1517.4
18,74530,2457.6
18,59978,331.3
18,51569,1086.1
18,78966,1427.1
18,56130,842.0
18,59530,1703.3
18,28470,2170.6
18,89724,1549.7
18,61616,537.8
18,42550,1393.7
18,51519,1346.1
18,70607,1345.9
18,53844,2673.7
18,75432,1316.9
18,50822,1069.0
18,19309,2459.7
18,56651,1209.0
18,57698,1930.8
18,32028,2478.4
18,56344,1393.9
18,78370,2388.6
18,74026,1865.5
18,17725,828.0
18,24347,2235.8
18,14878,291.3
18,58826,1155.0
18,74529,1100.0
18,78972,856.9
18,44966,2207.2
19,46246,2181.2
19,83355,1586.1
19,75807,1459.3
19,15792,1355.5
19,38223,1703.7
19,70116,1574.3
19,76272,1818.2
19,70086,2466.5
19,69667,552.2
19,69322,1547.8
19,61392,1849.5
19,60597,2283.2
19,90143,1223.5
19,78593,1330.2
19,43834,2673.6
19,81210,1808.8
19,55684,1976.2
19,14994,635.7
19,78912,2067.2
19,59883,314.6
19,60143,1616.6
19,74530,2314.6
19,59978,266.2
19,51569,1820.8
19,78966,1408.3
19,56130,1305.4
19,59530,1325.4
19,28470,2629.6
19,89724,1623.6
19,61616,361.8
19,42550,528.9
19,51519,1660.5
19,70607,1098.3
19,53844,2145.5
19,75432,1063.9
19,50822,825.5
19,19309,2598.5
19,56651,1913.9
19,57698,1791.8
19,32028,2351.5
19,56344,1463.8
19,78370,2089.5
19,74026,1970.2
19,17725,1035.6
19,24347,2452.3
19,14878,302.5
19,58826,585.8
19,74529,1989.0
19,78972,1379.2
19,44966,2082.6
20,46246,2145.2
20,83355,2214.7
20,75807,1342.1
20,15792,1446.5
20,38223,846.7
20,70116,1600.6
20,76272,1683.9
20,70086,1656.3
20,69667,870.0
20,69322,2424.0
20,61392,2155.6
20,60597,1739.7
20,90143,850.1
20,78593,1103.3
20,43834,2118.8
20,81210,1626.7
20,55684,1611.8
20,14994,29.6
20,78912,2284.6
20,59883,1023.2
20,60143,1607.6
20,74530,2346.7
20,59978,585.5
20,51569,1595.5
20,78966,812.8
20,56130,507.9
20,59530,1338.6
20,28470,2574.9
20,89724,1099.2
20,61616,1845.6
20,42550,1846.8
20,51519,1891.3
20,70607,306.5
20,53844,2395.0
20,75432,1072.7
20,50822,1493.0
20,19309,2596.0
20,56651,730.2
20,57698,1613.6
20,32028,2224.4
20,56344,1822.2
20,78370,2435.9
20,74026,1637.8
20,17725,1547.7
20,24347,2862.8
20,14878,867.8
20,58826,839.8
20,74529,1384.6
20,78972,789.8
20,44966,2098.0
21,46246,2507.8
21,83355,2384.1
21,75807,1576.1
21,15792,2200.6
21,38223,2441.1
21,70116,2395.5
21,76272,2528.6
21,70086,1367.5
21,69667,308.9
21,69322,2447.5
21,61392,1423.5
21,60597,1520.9
21,90143,1074.3
21,78593,1227.5
21,43834,2184.0
21,81210,866.5
21,55684,2396.8
21,14994,813.0
21,78912,2102.5
21,59883,47.4
21,60143,2091.3
21,74530,2296.0
21,59978,40.9
21,51569,1879.3
21,78966,1091.1
21,56130,1128.3
21,59530,844.3
21,28470,2381.2
21,89724,1377.8
21,61616,825.0
21,42550,1411.8
21,51519,2243.6
21,70607,383.5
21,53844,2603.2
21,75432,1674.2
21,50822,1757.2
21,19309,2670.9
21,56651,1362.2
21,57698,1281.1
21,32028,1923.0
21,56344,1286.5
21,78370,1804.4
21,74026,2378.3
21,17725,818.3
21,24347,2568.4
21,14878,547.8
21,58826,1133.3
21,74529,1599.9
21,78972,1092.9
21,44966,1880.6
22,46246,2403.6
22,83355,1879.6
22,75807,917.2
22,15792,1869.9
22,38223,1128.5
22,70116,1829.8
22,76272,1864.7
22,70086,559.3
22,69667,1083.8
22,69322,2426.6
22,61392,2576.2
22,60597,2014.4
22,90143,882.0
22,78593,1077.1
22,43834,2724.7
22,81210,1290.1
22,55684,2076.0
22,14994,471.5
22,78912,2358.7
22,59883,959.5
22,60143,1246.5
22,74530,2631.8
22,59978,32.7
22,51569,2407.2
22,78966,586.1
22,56130,1077.7
22,59530,1678.3
22,28470,2530.3
22,89724,2125.3
22,61616,957.3
22,42550,1606.4
22,51519,1814.7
22,70607,1102.6
22,53844,2423.9
22,75432,1102.9
22,50822,1219.5
22,19309,2555.8
22,56651,1939.7
22,57698,1616.7
22,32028,2868.8
22,56344,1365.9
22,78370,1987.1
22,74026,2479.8
22,17725,907.1
22,24347,2184.4
22,14878,291.6
22,58826,1643.4
22,74529,584.3
22,78972,774.8
22,44966,1877.7
23,46246,2810.9
23,83355,1865.2
23,75807,1452.3
23,15792,1416.7
23,38223,811.2
23,70116,1718.6
23,76272,1413.2
23,70086,1448.3
23,69667,282.0
23,69322,1657.4
23,61392,2553.7
23,60597,2118.6
23,90143,864.5
23,78593,1704.3
23,43834,2762.4
23,81210,1610.3
23,55684,1303.0
23,14994,303.9
23,78912,1837.8
23,59883,1090.6
23,60143,1359.6
23,74530,2327.1
23,59978,333.6
23,51569,2100.9
23,78966,1147.7
23,56130,592.9
23,59530,1622.3
23,28470,2639.2
23,89724,1955.3
23,61616,1614.1
23,42550,1834.3
23,51519,1662.3
23,70607,562.2
23,53844,2106.2
23,75432,769.7
23,50822,569.9
23,19309,2739.2
23,56651,794.3
23,57698,2252.8
23,32028,2122.1
23,56344,1285.9
23,78370,2480.0
23,74026,2160.3
23,17725,302.6
23,24347,2201.4
23,14878,25.2
23,58826,1845.6
23,74529,1904.2
23,78972,1990.9
23,44966,1636.4
24,46246,2697.0
24,83355,2480.1
24,75807,1928.3
24,15792,1938.1
24,38223,1465.3
24,70116,2074.9
24,76272,1690.7
24,70086,1281.9
24,69667,30.2
24,69322,2323.3
24,61392,2576.9
24,60597,1821.1
24,90143,544.1
24,78593,1902.1
24,43834,2466.6
24,81210,1618.6
24,55684,1589.5
24,14994,826.9
24,78912,2796.8
24,59883,1545.6
24,60143,866.0
24,74530,2567.6
24,59978,565.9
24,51569,2346.4
24,78966,1597.7
24,56130,799.1
24,59530,808.6
24,28470,2580.7
24,89724,1659.7
24,61616,582.9
24,42550,1801.3
24,51519,1910.0
24,70607,1182.2
24,53844,2628.5
24,75432,1099.6
24,50822,1105.6
24,19309,2463.8
24,56651,1569.1
24,57698,2781.7
24,32028,2700.8
24,56344,1034.7
24,78370,2418.3
24,74026,1954.6
24,17725,1332.6
24,24347,2718.0
24,14878,299.4
24,58826,1423.7
24,74529,1728.1
24,78972,1357.1
24,44966,2130.4
25,46246,2322.2
25,83355,2612.3
25,75807,263.2
25,15792,1420.4
25,38223,1935.4
25,70116,2106.0
25,76272,2181.8
25,70086,879.0
25,69667,1472.8
25,69322,1323.8
25,61392,2284.1
25,60597,1627.2
25,90143,1188.3
25,78593,1112.2
25,43834,2822.8
25,81210,1021.1
25,55684,1101.4
25,14994,353.6
25,78912,2608.9
25,59883,1022.5
25,60143,1546.0
25,74530,2128.7
25,59978,776.0
25,51569,1993.0
25,78966,1337.3
25,56130,1407.8
25,59530,1313.8
25,28470,2549.6
25,89724,1974.6
25,61616,585.6
25,42550,1640.9
25,51519,1842.6
25,70607,1858.4
25,53844,2423.9
25,75432,837.5
25,50822,848.6
25,19309,2696.0
25,56651,1394.2
25,57698,1586.4
25,32028,2348.4
25,56344,890.4
25,78370,2214.1
25,74026,2177.9
25,17725,1165.2
25,24347,2137.9
25,14878,214.6
25,58826,1369.9
25,74529,1624.7
25,78972,1737.6
25,44966,2112.7
26,46246,1836.3
26,83355,2616.5
26,75807,1308.6
26,15792,1718.4
26,38223,1977.9
26,70116,1460.5
26,76272,2448.2
26,70086,851.1
26,69667,565.3
26,69322,1682.1
26,61392,2132.7
26,60597,1116.1
26,90143,600.3
26,78593,853.3
26,43834,2424.7
26,81210,1041.5
26,55684,2421.7
26,14994,669.2
26,78912,2656.0
26,59883,1087.4
26,60143,1134.4
26,74530,2324.5
26,59978,287.3
26,51569,1606.3
26,78966,1149.8
26,56130,898.5
26,59530,1624.6
26,28470,2741.5
26,89724,1980.7
26,61616,1046.5
26,42550,540.5
26,51519,1235.1
26,70607,838.6
26,53844,2588.7
26,75432,1416.0
26,50822,1376.8
26,19309,2716.5
26,56651,1925.1
26,57698,1757.1
26,32028,2218.7
26,56344,1931.1
26,78370,1967.1
26,74026,1014.4
26,17725,804.5
26,24347,1618.5
26,14878,334.5
26,58826,1376.7
26,74529,781.9
26,78972,1370.2
26,44966,2056.6
27,46246,2144.3
27,83355,2363.8
27,75807,779.0
27,15792,1660.9
27,38223,1341.0
27,70116,1381.2
27,76272,2420.3
27,70086,1035.7
27,69667,1070.7
27,69322,2531.3
27,61392,1668.8
27,60597,2075.8
27,90143,537.4
27,78593,1577.4
27,43834,1806.4
27,81210,1253.3
27,55684,1638.6
27,14994,305.0
27,78912,2341.4
27,59883,746.2
27,60143,2359.1
27,74530,2463.1
27,59978,361.4
27,51569,1341.0
27,78966,845.6
27,56130,1019.7
27,59530,1073.0
27,28470,2652.1
27,89724,1945.6
27,61616,1870.8
27,42550,1024.0
27,51519,1685.4
27,70607,1127.5
27,53844,2554.7
27,75432,1296.3
27,50822,1615.7
27,19309,2591.9
27,56651,1651.2
27,57698,1608.9
27,32028,2053.3
27,56344,1555.2
27,78370,2380.5
27,74026,2419.1
27,17725,1467.5
27,24347,2497.4
27,14878,290.5
27,58826,793.8
27,74529,260.2
27,78972,1318.5
27,44966,2142.7
28,46246,2203.2
28,83355,2145.2
28,75807,1209.3
28,15792,1850.9
28,38223,2398.1
28,70116,1426.6
28,76272,1465.7
28,70086,1875.1
28,69667,576.0
28,69322,1045.0
28,61392,2459.7
28,60597,1380.6
28,90143,1428.5
28,78593,1107.7
28,43834,2311.2
28,81210,1066.8
28,55684,1623.0
28,14994,816.9
28,78912,2122.1
28,59883,829.8
28,60143,1631.7
28,74530,2229.0
28,59978,477.6
28,51569,1815.5
28,78966,591.0
28,56130,1659.8
28,59530,2168.7
28,28470,2375.1
28,89724,2127.5
28,61616,1127.0
28,42550,1934.6
28,51519,2469.0
28,70607,950.6
28,53844,2483.4
28,75432,1060.6
28,50822,1363.6
28,19309,2756.9
28,56651,1459.2
28,57698,1875.3
28,32028,2184.0
28,56344,2011.0
28,78370,1569.9
28,74026,1718.5
28,17725,1173.6
28,24347,2434.5
28,14878,25.1
28,58826,1395.8
28,74529,595.5
28,78972,1333.3
28,44966,2559.2
29,46246,2277.1
29,83355,2206.3
29,75807,1124.2
29,15792,1948.0
29,38223,2084.8
29,70116,1914.2
29,76272,1645.0
29,70086,1365.5
29,69667,320.0
29,69322,2101.4
29,61392,2527.7
29,60597,1622.5
29,90143,792.0
29,78593,1470.3
29,43834,2685.4
29,81210,2244.3
29,55684,2497.2
29,14994,563.2
29,78912,2443.5
29,59883,832.4
29,60143,873.9
29,74530,2064.9
29,59978,550.4
29,51569,1848.7
29,78966,319.7
29,56130,562.6
29,59530,1135.7
29,28470,2466.4
29,89724,1919.3
29,61616,839.0
29,42550,983.3
29,51519,1040.7
29,70607,266.6
29,53844,2682.9
29,75432,1591.6
29,50822,615.1
29,19309,2661.9
29,56651,1079.3
29,57698,1383.6
29,32028,2370.4
29,56344,1407.7
29,78370,2243.7
29,74026,1990.8
29,17725,1184.2
29,24347,2691.4
29,14878,298.1
29,58826,2031.5
29,74529,1359.9
29,78972,552.4
29,44966,1853.5
30,46246,1623.5
30,83355,2132.7
30,75807,830.4
30,15792,1593.9
30,38223,1470.5
30,70116,1625.9
30,76272,2470.5
30,70086,1372.3
30,69667,292.5
30,69322,1594.6
30,61392,2034.1
30,60597,1388.8
30,90143,1623.3
30,78593,917.2
30,43834,2299.8
30,81210,2223.0
30,55684,2121.8
30,14994,556.4
30,78912,1886.7
30,59883,1366.8
30,60143,1440.6
30,74530,2043.8
30,59978,551.0
30,51569,2699.7
30,78966,842.0
30,56130,298.7
30,59530,1181.4
30,28470,2365.2
30,89724,1383.1
30,61616,925.9
30,42550,1574.7
30,51519,2109.2
30,70607,556.3
30,53844,2647.2
30,75432,1661.2
30,50822,1646.4
30,19309,2222.3
30,56651,537.5
30,57698,2436.8
30,32028,2126.2
30,56344,2375.0
30,78370,2227.1
30,74026,2485.8
30,17725,1033.4
30,24347,2382.7
30,14878,592.7
30,58826,1534.7
30,74529,1234.3
30,78972,1591.7
30,44966,1918.9
31,46246,2275.8
31,83355,2336.8
31,75807,1039.9
31,15792,2271.0
31,38223,1059.6
31,70116,935.9
31,76272,2158.8
31,70086,773.5
31,69667,1647.7
31,69322,1913.7
31,61392,2530.9
31,60597,1795.0
31,90143,1256.8
31,78593,1058.5
31,43834,2010.6
31,81210,1089.5
31,55684,1773.9
31,14994,552.4
31,78912,2491.8
31,59883,1587.8
31,60143,1616.6
31,74530,2046.7
31,59978,611.4
31,51569,2427.7
31,78966,1678.8
31,56130,1283.5
31,59530,1066.1
31,28470,2608.2
31,89724,855.4
31,61616,1038.8
31,42550,254.5
31,51519,1821.3
31,70607,1185.4
31,53844,2507.7
31,75432,1466.6
31,50822,1082.2
31,19309,2721.1
31,56651,1608.4
31,57698,2238.4
31,32028,2344.8
31,56344,1968.5
31,78370,1615.3
31,74026,2059.3
31,17725,1640.3
31,24347,2084.7
31,14878,309.2
31,58826,1155.8
31,74529,1250.1
31,78972,1069.7
31,44966,1421.5
32,46246,2863.6
32,83355,2429.3
32,75807,1196.8
32,15792,1682.6
32,38223,1703.5
32,70116,1587.8
32,76272,1959.2
32,70086,1144.8
32,69667,1107.7
32,69322,2331.9
32,61392,2263.0
32,60597,1733.6
32,90143,785.6
32,78593,1374.2
32,43834,2626.6
32,81210,1602.3
32,55684,1797.0
32,14994,609.3
32,78912,2531.8
32,59883,659.0
32,60143,2309.7
32,74530,2465.2
32,59978,788.1
32,51569,1586.1
32,78966,1525.1
32,56130,842.7
32,59530,846.5
32,28470,2527.8
32,89724,1602.6
32,61616,1106.1
32,42550,1490.8
32,51519,2502.3
32,70607,517.7
32,53844,2591.2
32,75432,1424.9
32,50822,1391.1
32,19309,2773.1
32,56651,1413.5
32,57698,2440.2
32,32028,1669.3
32,56344,1737.1
32,78370,2505.0
32,74026,1956.8
32,17725,863.4
32,24347,2328.2
32,14878,26.2
32,58826,1547.2
32,74529,787.2
32,78972,353.9
32,44966,2241.7
33,46246,2091.3
33,83355,2197.8
33,75807,1373.8
33,15792,2051.0
33,38223,1981.9
33,70116,2002.0
33,76272,2380.4
33,70086,1311.1
33,69667,615.5
33,69322,1471.0
33,61392,2646.1
33,60597,1640.6
33,90143,1633.2
33,78593,1864.1
33,43834,2151.6
33,81210,1618.9
33,55684,1673.8
33,14994,579.6
33,78912,2073.6
33,59883,1553.2
33,60143,1904.3
33,74530,2299.2
33,59978,258.7
33,51569,1835.5
33,78966,1633.1
33,56130,1153.7
33,59530,1842.0
33,28470,2446.1
33,89724,1374.0
33,61616,1602.6
33,42550,1347.3
33,51519,2492.9
33,70607,1413.0
33,53844,2096.9
33,75432,822.9
33,50822,1107.0
33,19309,2709.9
33,56651,1092.9
33,57698,959.2
33,32028,1865.2
33,56344,1350.3
33,78370,2363.7
33,74026,1257.7
33,17725,537.2
33,24347,2112.4
33,14878,30.4
33,58826,2087.5
33,74529,544.9
33,78972,1400.7
33,44966,2005.6
34,46246,2202.9
34,83355,2146.6
34,75807,1874.8
34,15792,2271.8
34,38223,1886.8
34,70116,1443.3
34,76272,1794.1
34,70086,787.9
34,69667,31.1
34,69322,767.9
34,61392,2185.2
34,60597,1099.1
34,90143,1716.8
34,78593,1108.8
34,43834,2402.0
34,81210,855.7
34,55684,2084.0
34,14994,338.8
34,78912,2312.8
34,59883,585.5
34,60143,1930.3
34,74530,2681.3
34,59978,889.1
34,51569,1893.5
34,78966,881.0
34,56130,529.5
34,59530,1124.1
34,28470,2444.0
34,89724,1452.1
34,61616,1464.3
34,42550,1760.3
34,51519,2067.0
34,70607,797.0
34,53844,2640.2
34,75432,714.6
34,50822,788.1
34,19309,2573.7
34,56651,606.9
34,57698,1841.5
34,32028,1839.1
34,56344,1182.1
34,78370,2608.2
34,74026,1826.5
34,17725,1634.3
34,24347,2126.1
34,14878,291.2
34,58826,2066.5
34,74529,1097.5
34,78972,1339.1
34,44966,2660.3
35,46246,2509.1
35,83355,2668.1
35,75807,1348.1
35,15792,1219.7
35,38223,2390.9
35,70116,2065.8
35,76272,2069.0
35,70086,752.8
35,69667,565.7
35,69322,2252.5
35,61392,2178.1
35,60597,1990.0
35,90143,567.1
35,78593,1870.2
35,43834,2164.4
35,81210,1460.6
35,55684,1544.8
35,14994,44.5
35,78912,2306.0
35,59883,1151.3
35,60143,2127.8
35,74530,2575.9
35,59978,873.2
35,51569,1928.6
35,78966,831.5
35,56130,1081.6
35,59530,1279.6
35,28470,2559.5
35,89724,2103.5
35,61616,1570.6
35,42550,2336.4
35,51519,2076.9
35,70607,687.8
35,53844,2649.0
35,75432,2348.9
35,50822,796.0
35,19309,2312.7
35,56651,294.7
35,57698,1961.4
35,32028,2466.3
35,56344,2206.8
35,78370,2077.1
35,74026,2112.7
35,17725,1388.9
35,24347,2647.7
35,14878,855.9
35,58826,1394.5
35,74529,1119.3
35,78972,593.7
35,44966,1572.3
36,46246,1807.5
36,83355,2211.4
36,75807,1476.1
36,15792,2113.0
36,38223,1282.1
36,70116,1127.6
36,76272,1729.6
36,70086,1186.5
36,69667,601.8
36,69322,1684.2
36,61392,2431.0
36,60597,2122.8
36,90143,956.6
36,78593,558.9
36,43834,2657.3
36,81210,1382.5
36,55684,2002.4
36,14994,823.2
36,78912,1806.0
36,59883,42.8
36,60143,2084.9
36,74530,2616.6
36,59978,231.8
36,51569,1549.4
36,78966,1098.8
36,56130,558.5
36,59530,875.4
36,28470,2343.2
36,89724,1723.6
36,61616,1626.5
36,42550,1681.4
36,51519,2333.4
36,70607,601.8
36,53844,2691.4
36,75432,1309.2
36,50822,344.5
36,19309,2662.5
36,56651,1811.3
36,57698,1358.2
36,32028,2528.1
36,56344,1855.1
36,78370,2350.6
36,74026,1887.1
36,17725,1364.6
36,24347,2222.0
36,14878,581.2
36,58826,1671.7
36,74529,1342.8
36,78972,1161.5
36,44966,2068.9
37,46246,2171.4
37,83355,2251.8
37,75807,1941.4
37,15792,1649.3
37,38223,1993.8
37,70116,1352.7
37,76272,2417.3
37,70086,1398.0
37,69667,1856.6
37,69322,1882.8
37,61392,1835.1
37,60597,1919.2
37,90143,1248.8
37,78593,1062.7
37,43834,1832.8
37,81210,1957.3
37,55684,1717.6
37,14994,283.3
37,78912,2663.5
37,59883,1153.8
37,60143,1081.0
37,74530,2710.7
37,59978,1063.8
37,51569,2478.9
37,78966,1510.7
37,56130,1138.4
37,59530,1686.0
37,28470,2604.4
37,89724,1282.3
37,61616,549.3
37,42550,289.0
37,51519,1921.0
37,70607,1112.4
37,53844,2570.9
37,75432,1379.2
37,50822,594.3
37,19309,2601.9
37,56651,2129.4
37,57698,1937.0
37,32028,2082.8
37,56344,1666.8
37,78370,2558.1
37,74026,1302.4
37,17725,888.9
37,24347,2048.6
37,14878,529.0
37,58826,1257.4
37,74529,808.8
37,78972,1458.8
37,44966,2108.1
38,46246,2154.7
38,83355,2555.5
38,75807,1297.8
38,15792,1328.9
38,38223,1685.1
38,70116,2105.2
38,76272,1723.8
38,70086,1303.9
38,69667,1282.3
38,69322,2215.5
38,61392,2350.2
38,60597,2000.7
38,90143,1067.4
38,78593,1829.0
38,43834,2395.1
38,81210,2465.4
38,55684,2105.3
38,14994,515.5
38,78912,1995.7
38,59883,43.2
38,60143,1981.9
38,74530,2590.4
38,59978,522.7
38,51569,1388.4
38,78966,1580.2
38,56130,534.8
38,59530,536.0
38,28470,2689.5
38,89724,1862.8
38,61616,1246.2
38,42550,1361.3
38,51519,1481.5
38,70607,485.9
38,53844,2597.0
38,75432,828.8
38,50822,1164.8
38,19309,2311.3
38,56651,1126.7
38,57698,2156.0
38,32028,2203.4
38,56344,1130.1
38,78370,2220.7
38,74026,1877.5
38,17725,2129.5
38,24347,2796.8
38,14878,28.8
38,58826,1775.2
38,74529,1392.7
38,78972,1340.4
38,44966,2551.3
39,46246,2149.8
39,83355,2706.0
39,75807,726.9
39,15792,1649.8
39,38223,1386.1
39,70116,2129.8
39,76272,2043.8
39,70086,1630.6
39,69667,1029.9
39,69322,2245.2
39,61392,2801.5
39,60597,819.6
39,90143,984.4
39,78593,1090.2
39,43834,2269.3
39,81210,763.3
39,55684,1721.3
39,14994,597.1
39,78912,2396.6
39,59883,1404.3
39,60143,1775.7
39,74530,1919.8
39,59978,300.8
39,51569,2059.1
39,78966,1280.1
39,56130,792.7
39,59530,820.7
39,28470,2629.5
39,89724,1818.2
39,61616,1423.6
39,42550,1202.2
39,51519,2703.7
39,70607,1430.1
39,53844,2686.9
39,75432,1585.8
39,50822,837.7
39,19309,2657.9
39,56651,1754.1
39,57698,1618.7
39,32028,2550.5
39,56344,1368.3
39,78370,2570.7
39,74026,2062.2
39,17725,1061.8
39,24347,2625.9
39,14878,35.1
39,58826,1733.4
39,74529,1109.4
39,78972,2148.0
39,44966,2350.2
40,46246,2439.3
40,83355,2096.9
40,75807,1284.4
40,15792,1675.6
40,38223,1734.5
40,70116,1642.2
40,76272,1899.1
40,70086,847.6
40,69667,591.9
40,69322,2110.1
40,61392,2175.9
40,60597,1908.8
40,90143,1045.6
40,78593,732.2
40,43834,1501.7
40,81210,2312.1
40,55684,1021.5
40,14994,618.6
40,78912,2340.1
40,59883,1056.8
40,60143,1374.3
40,74530,1980.1
40,59978,577.3
40,51569,1356.7
40,78966,849.1
40,56130,313.1
40,59530,774.3
40,28470,2675.3
40,89724,2451.2
40,61616,1591.1
40,42550,967.5
40,51519,2433.6
40,70607,1603.0
40,53844,2568.8
40,75432,1738.0
40,50822,2227.9
40,19309,2715.1
40,56651,1851.6
40,57698,1354.3
40,32028,2298.7
40,56344,1808.6
40,78370,2683.5
40,74026,1132.6
40,17725,1466.9
40,24347,2481.9
40,14878,30.1
40,58826,1995.1
40,74529,872.7
40,78972,1144.3
40,44966,2306.4
41,46246,2270.0
41,83355,2443.7
41,75807,1813.6
41,15792,2304.4
41,38223,1772.4
41,70116,1300.1
41,76272,1964.4
41,70086,1284.6
41,69667,591.2
41,69322,1942.1
41,61392,2448.1
41,60597,1655.0
41,90143,1451.6
41,78593,1021.0
41,43834,2377.3
41,81210,1316.2
41,55684,2284.8
41,14994,1793.3
41,78912,2379.5
41,59883,1372.7
41,60143,1851.9
41,74530,2333.4
41,59978,906.7
41,51569,1563.2
41,78966,1098.1
41,56130,1467.6
41,59530,1351.6
41,28470,2679.3
41,89724,1355.5
41,61616,1895.5
41,42550,1430.1
41,51519,2141.3
41,70607,821.8
41,53844,2480.8
41,75432,584.8
41,50822,853.6
41,19309,2474.8
41,56651,1304.9
41,57698,2350.4
41,32028,2367.5
41,56344,869.8
41,78370,1698.8
41,74026,1465.2
41,17725,1079.4
41,24347,2198.7
41,14878,1335.7
41,58826,1362.5
41,74529,1339.8
41,78972,1150.5
41,44966,1443.3
42,46246,2718.7
42,83355,2435.9
42,75807,1338.1
42,15792,2060.7
42,38223,1567.7
42,70116,1080.6
42,76272,1425.3
42,70086,621.7
42,69667,893.4
42,69322,1439.2
42,61392,1807.6
42,60597,1639.7
42,90143,1879.1
42,78593,1405.7
42,43834,2585.9
42,81210,1598.7
42,55684,1091.6
42,14994,299.8
42,78912,2092.2
42,59883,1036.6
42,60143,2069.2
42,74530,2400.8
42,59978,269.3
42,51569,1497.3
42,78966,1170.8
42,56130,617.3
42,59530,2192.9
42,28470,2632.8
42,89724,1610.4
42,61616,998.5
42,42550,1893.1
42,51519,1759.5
42,70607,497.5
42,53844,2234.4
42,75432,1892.9
42,50822,809.1
42,19309,1972.6
42,56651,1113.9
42,57698,2093.5
42,32028,2549.2
42,56344,535.8
42,78370,2159.5
42,74026,1738.5
42,17725,844.3
42,24347,2484.7
42,14878,581.8
42,58826,2192.6
42,74529,1966.1
42,78972,821.4
42,44966,1789.5
43,46246,2076.6
43,83355,1921.6
43,75807,972.6
43,15792,2303.4
43,38223,2080.0
43,70116,1297.2
43,76272,1611.0
43,70086,2179.0
43,69667,1258.3
43,69322,1777.9
43,61392,2738.0
43,60597,2280.9
43,90143,829.6
43,78593,1393.8
43,43834,2689.1
43,81210,2036.7
43,55684,1651.1
43,14994,580.0
43,78912,2189.3
43,59883,607.5
43,60143,1891.1
43,74530,2759.5
43,59978,261.9
43,51569,2480.0
43,78966,567.6
43,56130,905.9
43,59530,2150.2
43,28470,2814.4
43,89724,1886.5
43,61616,1469.9
43,42550,2148.1
43,51519,1890.7
43,70607,1172.1
43,53844,2692.4
43,75432,1525.9
43,50822,1538.9
43,19309,2973.6
43,56651,1321.0
43,57698,1632.3
43,32028,2775.6
43,56344,1672.3
43,78370,2100.9
43,74026,1769.8
43,17725,987.3
43,24347,2082.1
43,14878,30.4
43,58826,1863.6
43,74529,562.5
43,78972,366.8
43,44966,2114.2
44,46246,2561.5
44,83355,2027.6
44,75807,1648.6
44,15792,1944.6
44,38223,1408.2
44,70116,1517.2
44,76272,2053.0
44,70086,1082.6
44,69667,762.6
44,69322,1638.8
44,61392,1798.9
44,60597,1327.6
44,90143,1074.0
44,78593,1872.1
44,43834,2728.4
44,81210,1449.9
44,55684,1708.3
44,14994,998.3
44,78912,2727.4
44,59883,1052.9
44,60143,904.4
44,74530,2314.0
44,59978,309.3
44,51569,1613.8
44,78966,1889.0
44,56130,1484.1
44,59530,1882.7
44,28470,2614.7
44,89724,1829.7
44,61616,1497.4
44,42550,851.0
44,51519,1066.6
44,70607,1413.5
44,53844,2602.7
44,75432,1660.5
44,50822,891.3
44,19309,2437.1
44,56651,1064.6
44,57698,1563.9
44,32028,2317.5
44,56344,1564.0
44,78370,2083.0
44,74026,1789.8
44,17725,1273.6
44,24347,2732.0
44,14878,334.4
44,58826,1428.5
44,74529,1361.0
44,78972,1132.7
44,44966,1877.0
45,46246,2114.9
45,83355,1846.0
45,75807,1110.5
45,15792,1199.7
45,38223,1598.2
45,70116,2166.7
45,76272,2033.3
45,70086,1269.7
45,69667,784.8
45,69322,2502.9
45,61392,2663.9
45,60597,1616.0
45,90143,796.6
45,78593,1725.4
45,43834,2200.8
45,81210,1642.8
45,55684,1496.2
45,14994,1072.2
45,78912,2159.8
45,59883,613.6
45,60143,1560.4
45,74530,2698.0
45,59978,1159.4
45,51569,2094.9
45,78966,639.2
45,56130,887.9
45,59530,2173.9
45,28470,2710.0
45,89724,1531.1
45,61616,1944.9
45,42550,1396.4
45,51519,880.3
45,70607,578.2
45,53844,2424.7
45,75432,1340.6
45,50822,1429.2
45,19309,2321.2
45,56651,1346.4
45,57698,1577.3
45,32028,2646.3
45,56344,1414.5
45,78370,1573.1
45,74026,2145.3
45,17725,1919.2
45,24347,2557.6
45,14878,308.3
45,58826,1073.7
45,74529,298.2
45,78972,548.1
45,44966,2421.9
46,46246,2511.5
46,83355,1558.8
46,75807,1608.0
46,15792,1866.3
46,38223,1948.3
46,70116,1148.8
46,76272,1449.1
46,70086,1706.6
46,69667,728.8
46,69322,2167.7
46,61392,2760.4
46,60597,878.3
46,90143,580.0
46,78593,1643.8
46,43834,2648.7
46,81210,1084.6
46,55684,2072.5
46,14994,1414.0
46,78912,2472.1
46,59883,33.3
46,60143,1612.3
46,74530,2299.7
46,59978,35.6
46,51569,1037.4
46,78966,729.6
46,56130,30.6
46,59530,872.9
46,28470,2369.3
46,89724,1136.8
46,61616,736.9
46,42550,1331.3
46,51519,1596.8
46,70607,833.5
46,53844,2493.1
46,75432,1524.0
46,50822,1630.0
46,19309,2774.2
46,56651,1041.1
46,57698,1798.2
46,32028,2159.3
46,56344,1330.3
46,78370,1886.0
46,74026,1410.1
46,17725,1266.1
46,24347,2173.1
46,14878,430.9
46,58826,1561.7
46,74529,827.5
46,78972,1434.7
46,44966,2159.5
47,46246,2700.1
47,83355,2719.9
47,75807,1968.2
47,15792,1952.8
47,38223,1517.6
47,70116,2245.7
47,76272,1429.7
47,70086,1022.7
47,69667,826.0
47,69322,2193.8
47,61392,1982.9
47,60597,2118.0
47,90143,904.5
47,78593,1337.3
47,43834,2466.2
47,81210,1553.1
47,55684,1376.5
47,14994,1403.3
47,78912,2460.6
47,59883,900.1
47,60143,2505.8
47,74530,2391.3
47,59978,550.9
47,51569,2290.3
47,78966,861.2
47,56130,757.3
47,59530,1361.4
47,28470,2411.0
47,89724,1679.9
47,61616,1610.4
47,42550,1637.9
47,51519,1583.0
47,70607,828.6
47,53844,2553.4
47,75432,1661.6
47,50822,808.9
47,19309,2628.5
47,56651,1000.4
47,57698,2019.7
47,32028,2212.7
47,56344,812.1
47,78370,2445.5
47,74026,1404.0
47,17725,1378.0
47,24347,2652.4
47,14878,297.0
47,58826,2097.4
47,74529,822.1
47,78972,1693.9
47,44966,2144.5
48,46246,2181.6
48,83355,2083.1
48,75807,1481.6
48,15792,1645.1
48,38223,1037.7
48,70116,2163.8
48,76272,2103.4
48,70086,551.8
48,69667,1122.1
48,69322,1657.3
48,61392,2400.8
48,60597,1618.0
48,90143,1138.6
48,78593,1690.5
48,43834,2545.7
48,81210,1300.6
48,55684,1465.1
48,14994,315.6
48,78912,2119.4
48,59883,352.0
48,60143,1655.7
48,74530,2601.5
48,59978,27.3
48,51569,1909.1
48,78966,1334.8
48,56130,855.6
48,59530,1078.0
48,28470,2416.4
48,89724,1644.5
48,61616,1119.3
48,42550,1437.4
48,51519,1713.8
48,70607,759.2
48,53844,2577.8
48,75432,2104.7
48,50822,1588.4
48,19309,2508.5
48,56651,1300.8
48,57698,1843.8
48,32028,2319.0
48,56344,1026.8
48,78370,1574.9
48,74026,1576.8
48,17725,1523.1
48,24347,2590.9
48,14878,277.8
48,58826,1624.1
48,74529,1353.4
48,78972,837.2
48,44966,1616.0
49,46246,2190.5
49,83355,2490.7
49,75807,1089.8
49,15792,1844.0
49,38223,1390.7
49,70116,1240.1
49,76272,2287.8
49,70086,1490.8
49,69667,1091.4
49,69322,2630.3
49,61392,2097.5
49,60597,1645.0
49,90143,1932.6
49,78593,989.3
49,43834,2435.8
49,81210,1302.2
49,55684,2105.2
49,14994,644.6
49,78912,2115.7
49,59883,1464.4
49,60143,1378.7
49,74530,2057.0
49,59978,40.8
49,51569,2074.9
49,78966,1347.9
49,56130,269.3
49,59530,1683.5
49,28470,2692.1
49,89724,1353.3
49,61616,1727.6
49,42550,1076.8
49,51519,1116.2
49,70607,1551.9
49,53844,2335.4
49,75432,1039.4
49,50822,865.2
49,19309,2660.4
49,56651,1769.7
49,57698,1813.5
49,32028,1959.8
49,56344,1725.9
49,78370,2718.5
49,74026,1818.7
49,17725,1062.1
49,24347,2487.4
49,14878,551.5
49,58826,1778.2
49,74529,1825.5
49,78972,1299.1
49,44966,2411.3
50,46246,2387.6
50,83355,2608.8
50,75807,2300.3
50,15792,1145.9
50,38223,2076.2
50,70116,1852.8
50,76272,1334.1
50,70086,1797.2
50,69667,643.1
50,69322,1787.1
50,61392,2857.2
50,60597,2546.1
50,90143,1127.0
50,78593,1601.7
50,43834,2816.4
50,81210,2520.4
50,55684,2540.6
50,14994,331.6
50,78912,2089.5
50,59883,854.1
50,60143,1662.3
50,74530,1883.8
50,59978,867.2
50,51569,1915.1
50,78966,1029.4
50,56130,1280.3
50,59530,783.4
50,28470,2689.7
50,89724,1088.3
50,61616,1413.0
50,42550,1313.3
50,51519,2092.0
50,70607,848.6
50,53844,2775.1
50,75432,1116.3
50,50822,1078.6
50,19309,2692.8
50,56651,1395.1
50,57698,2741.3
50,32028,2181.5
50,56344,1392.6
50,78370,1811.4
50,74026,1539.7
50,17725,1083.3
50,24347,2711.0
50,14878,265.0
50,58826,1213.8
50,74529,1333.3
50,78972,1631.0
50,44966,1916.9
51,46246,2025.4
51,83355,1606.1
51,75807,858.0
51,15792,1298.0
51,38223,2217.8
51,70116,979.5
51,76272,1615.2
51,70086,1420.0
51,69667,915.8
51,69322,1370.8
51,61392,2689.0
51,60597,1302.2
51,90143,329.7
51,78593,1534.7
51,43834,2830.1
51,81210,1429.7
51,55684,2275.8
51,14994,1381.2
51,78912,2723.7
51,59883,859.2
51,60143,1994.3
51,74530,1891.6
51,59978,1112.0
51,51569,1601.6
51,78966,1686.7
51,56130,872.4
51,59530,1179.9
51,28470,2011.9
51,89724,765.5
51,61616,891.2
51,42550,1348.6
51,51519,1292.6
51,70607,1093.4
51,53844,2764.6
51,75432,1054.9
51,50822,1881.0
51,19309,2419.4
51,56651,1665.3
51,57698,2280.2
51,32028,2291.7
51,56344,2087.9
51,78370,1681.3
51,74026,2077.2
51,17725,1589.2
51,24347,2759.2
51,14878,588.4
51,58826,1065.7
51,74529,588.6
51,78972,1281.2
51,44966,1579.4
52,46246,2537.7
52,83355,2381.9
52,75807,838.6
52,15792,1499.2
52,38223,1141.9
52,70116,2009.9
52,76272,2293.6
52,70086,1048.3
52,69667,1378.6
52,69322,2447.4
52,61392,2141.9
52,60597,1794.0
52,90143,1050.6
52,78593,907.5
52,43834,2457.9
52,81210,928.5
52,55684,1711.3
52,14994,312.6
52,78912,2531.3
52,59883,628.9
52,60143,1360.2
52,74530,2541.8
52,59978,304.4
52,51569,1710.7
52,78966,1492.0
52,56130,1100.5
52,59530,1762.9
52,28470,2378.8
52,89724,1475.4
52,61616,843.3
52,42550,1844.7
52,51519,2294.8
52,70607,1842.5
52,53844,2575.0
52,75432,1549.4
52,50822,1028.9
52,19309,2539.0
52,56651,1644.8
52,57698,2142.3
52,32028,1934.1
52,56344,1770.0
52,78370,1611.0
52,74026,2588.5
52,17725,2119.3
52,24347,2148.1
52,14878,29.3
52,58826,1604.6
52,74529,1710.2
52,78972,1565.3
52,44966,1935.5
53,46246,2848.4
53,83355,2337.2
53,75807,803.4
53,15792,1354.7
53,38223,1845.6
53,70116,603.0
53,76272,2208.4
53,70086,1164.0
53,69667,1386.9
53,69322,1766.5
53,61392,2226.3
53,60597,2007.9
53,90143,500.0
53,78593,1231.2
53,43834,2701.2
53,81210,1614.1
53,55684,1928.9
53,14994,1150.0
53,78912,2106.3
53,59883,293.7
53,60143,1536.4
53,74530,2422.9
53,59978,271.1
53,51569,1915.1
53,78966,571.6
53,56130,820.8
53,59530,1850.5
53,28470,2739.7
53,89724,1547.0
53,61616,585.6
53,42550,1608.2
53,51519,2416.0
53,70607,853.2
53,53844,2323.1
53,75432,1312.3
53,50822,1141.9
53,19309,2624.8
53,56651,855.4
53,57698,2140.5
53,32028,1551.2
53,56344,2021.2
53,78370,2358.8
53,74026,1099.2
53,17725,1096.5
53,24347,1744.3
53,14878,242.6
53,58826,1823.4
53,74529,649.9
53,78972,1638.3
53,44966,2160.2
54,46246,1857.4
54,83355,2262.4
54,75807,1637.8
54,15792,1608.5
54,38223,2291.1
54,70116,1913.1
54,76272,1935.1
54,70086,1139.2
54,69667,1197.4
54,69322,1421.3
54,61392,2746.9
54,60597,1260.1
54,90143,1186.5
54,78593,1600.8
54,43834,2237.5
54,81210,1667.2
54,55684,1515.8
54,14994,1284.6
54,78912,2130.3
54,59883,1173.4
54,60143,1570.9
54,74530,2097.6
54,59978,306.8
54,51569,2438.9
54,78966,1346.6
54,56130,588.4
54,59530,1987.8
54,28470,2537.0
54,89724,2057.0
54,61616,823.8
54,42550,1325.8
54,51519,1203.4
54,70607,850.4
54,53844,2115.4
54,75432,1891.5
54,50822,1636.5
54,19309,2353.1
54,56651,1572.7
54,57698,2228.2
54,32028,2461.3
54,56344,908.3
54,78370,2467.0
54,74026,1897.2
54,17725,831.6
54,24347,2900.2
54,14878,29.0
54,58826,1453.9
54,74529,1128.1
54,78972,1410.4
54,44966,2389.7
55,46246,1848.2
55,83355,1913.1
55,75807,1035.0
55,15792,1442.6
55,38223,1368.1
55,70116,2423.8
55,76272,1898.8
55,70086,1110.9
55,69667,1360.1
55,69322,1629.5
55,61392,2697.0
55,60597,707.2
55,90143,980.6
55,78593,1699.9
55,43834,2341.7
55,81210,1175.3
55,55684,1206.2
55,14994,533.4
55,78912,2405.0
55,59883,1452.6
55,60143,2060.1
55,74530,2134.6
55,59978,538.6
55,51569,1794.3
55,78966,327.5
55,56130,1291.2
55,59530,1340.3
55,28470,2847.8
55,89724,1215.2
55,61616,1244.0
55,42550,1923.3
55,51519,1815.1
55,70607,1349.4
55,53844,2704.0
55,75432,1158.8
55,50822,1051.5
55,19309,1716.6
55,56651,1290.1
55,57698,857.2
55,32028,2146.1
55,56344,796.4
55,78370,2167.5
55,74026,2342.7
55,17725,1034.4
55,24347,2058.9
55,14878,32.5
55,58826,1855.7
55,74529,509.3
55,78972,552.6
55,44966,2409.0
56,46246,2155.8
56,83355,2714.1
56,75807,1683.4
56,15792,2183.4
56,38223,1433.6
56,70116,1896.1
56,76272,2235.8
56,70086,824.1
56,69667,1198.6
56,69322,2080.7
56,61392,2370.1
56,60597,1431.1
56,90143,1063.2
56,78593,1157.7
56,43834,2379.6
56,81210,1665.3
56,55684,1611.0
56,14994,868.6
56,78912,2668.4
56,59883,811.1
56,60143,2279.8
56,74530,2444.7
56,59978,214.1
56,51569,2390.2
56,78966,1421.9
56,56130,543.4
56,59530,1427.9
56,28470,2616.0
56,89724,1777.6
56,61616,1374.8
56,42550,983.4
56,51519,1057.3
56,70607,975.3
56,53844,2292.1
56,75432,784.1
56,50822,771.2
56,19309,2655.9
56,56651,1115.5
56,57698,1412.5
56,32028,2351.2
56,56344,841.1
56,78370,2497.9
56,74026,2294.9
56,17725,2086.8
56,24347,1738.5
56,14878,289.1
56,58826,1897.5
56,74529,2001.8
56,78972,1114.7
56,44966,1750.1
57,46246,2035.0
57,83355,2626.4
57,75807,1647.7
57,15792,1983.8
57,38223,2401.8
57,70116,1992.1
57,76272,2204.7
57,70086,794.8
57,69667,789.9
57,69322,1928.2
57,61392,1679.6
57,60597,2071.1
57,90143,1409.2
57,78593,1349.8
57,43834,2326.7
57,81210,1342.3
57,55684,1086.1
57,14994,321.1
57,78912,2633.3
57,59883,588.5
57,60143,2605.4
57,74530,1793.9
57,59978,741.5
57,51569,2182.7
57,78966,764.5
57,56130,563.7
57,59530,1504.9
57,28470,2831.3
57,89724,1345.9
57,61616,1110.0
57,42550,1464.1
57,51519,1545.0
57,70607,1285.9
57,53844,2015.2
57,75432,878.8
57,50822,904.1
57,19309,2766.1
57,56651,1417.2
57,57698,2423.5
57,32028,2323.2
57,56344,1833.4
57,78370,2316.0
57,74026,1983.1
57,17725,302.7
57,24347,2010.6
57,14878,519.0
57,58826,834.7
57,74529,448.6
57,78972,856.5
57,44966,2203.4
58,46246,2080.6
58,83355,2458.5
58,75807,849.5
58,15792,1586.4
58,38223,1757.2
58,70116,2007.1
58,76272,2086.0
58,70086,1377.4
58,69667,259.0
58,69322,1689.6
58,61392,2227.9
58,60597,1941.0
58,90143,1159.8
58,78593,2146.5
58,43834,2146.5
58,81210,2052.5
58,55684,1926.2
58,14994,591.8
58,78912,2398.6
58,59883,410.5
58,60143,1810.6
58,74530,2039.5
58,59978,358.5
58,51569,859.5
58,78966,1034.1
58,56130,874.3
58,59530,1280.9
58,28470,2516.0
58,89724,2141.3
58,61616,901.2
58,42550,1078.6
58,51519,2035.8
58,70607,1099.2
58,53844,2676.0
58,75432,1458.9
58,50822,1477.4
58,19309,2862.8
58,56651,1421.2
58,57698,1172.1
58,32028,2502.7
58,56344,556.3
58,78370,2419.5
58,74026,1265.9
58,17725,1413.4
58,24347,1643.7
58,14878,252.6
58,58826,2059.1
58,74529,1169.3
58,78972,914.9
58,44966,1841.6
59,46246,2487.0
59,83355,2227.3
59,75807,1647.9
59,15792,2095.2
59,38223,1365.3
59,70116,1588.5
59,76272,1972.0
59,70086,863.5
59,69667,271.8
59,69322,1904.3
59,61392,2090.1
59,60597,1533.8
59,90143,810.4
59,78593,834.4
59,43834,2787.1
59,81210,1967.4
59,55684,1154.6
59,14994,1070.5
59,78912,2333.5
59,59883,595.0
59,60143,2046.4
59,74530,2725.5
59,59978,571.2
59,51569,2131.7
59,78966,561.9
59,56130,801.7
59,59530,1317.1
59,28470,2593.7
59,89724,1362.6
59,61616,1386.9
59,42550,1944.0
59,51519,1735.3
59,70607,1119.3
59,53844,2627.9
59,75432,1821.0
59,50822,1633.7
59,19309,2590.0
59,56651,823.6
59,57698,1752.2
59,32028,2488.8
59,56344,1695.3
59,78370,2187.1
59,74026,1938.7
59,17725,1127.0
59,24347,2489.8
59,14878,305.5
59,58826,1714.2
59,74529,1034.0
59,78972,1364.8
59,44966,2331.4
60,46246,2711.0
60,83355,1871.2
60,75807,1089.4
60,15792,2015.4
60,38223,1780.6
60,70116,1645.5
60,76272,1674.5
60,70086,1376.7
60,69667,749.4
60,69322,1832.0
60,61392,2437.2
60,60597,1563.2
60,90143,541.0
60,78593,1381.6
60,43834,2671.3
60,81210,1616.7
60,55684,1636.2
60,14994,799.0
60,78912,2527.0
60,59883,1100.8
60,60143,2370.9
60,74530,2782.2
60,59978,620.3
60,51569,1886.4
60,78966,1428.9
60,56130,37.8
60,59530,2211.1
60,28470,2776.8
60,89724,1333.2
60,61616,1112.6
60,42550,1849.6
60,51519,1812.4
60,70607,774.7
60,53844,2521.1
60,75432,994.8
60,50822,320.2
60,19309,2567.8
60,56651,1890.6
60,57698,2361.7
60,32028,1359.7
60,56344,1280.0
60,78370,2488.1
60,74026,2218.0
60,17725,1142.9
60,24347,2284.0
60,14878,333.4
60,58826,1352.7
60,74529,1369.5
60,78972,1455.9
60,44966,1934.1
61,46246,2136.1
61,83355,2684.2
61,75807,1379.4
61,15792,1583.1
61,38223,1703.6
61,70116,1123.5
61,76272,2087.0
61,70086,2155.6
61,69667,875.1
61,69322,1942.3
61,61392,2151.2
61,60597,1541.8
61,90143,1005.8
61,78593,1084.5
61,43834,2707.9
61,81210,814.8
61,55684,1594.2
61,14994,257.1
61,78912,2445.9
61,59883,787.4
61,60143,1356.3
61,74530,2416.4
61,59978,265.2
61,51569,2145.8
61,78966,1712.4
61,56130,1150.2
61,59530,1551.2
61,28470,2472.9
61,89724,2055.7
61,61616,864.6
61,42550,1838.7
61,51519,1253.4
61,70607,1415.2
61,53844,2551.2
61,75432,1298.2
61,50822,1157.0
61,19309,2641.9
61,56651,1925.9
61,57698,1959.9
61,32028,2260.2
61,56344,1799.4
61,78370,2110.2
61,74026,1846.3
61,17725,1596.5
61,24347,2435.4
61,14878,28.2
61,58826,1241.6
61,74529,860.2
61,78972,833.8
61,44966,2424.9
62,46246,2791.8
62,83355,2177.1
62,75807,1350.8
62,15792,2705.8
62,38223,2117.3
62,70116,1902.4
62,76272,2288.4
62,70086,533.5
62,69667,557.8
62,69322,1537.6
62,61392,2617.7
62,60597,1653.8
62,90143,1397.1
62,78593,1348.9
62,43834,2408.4
62,81210,1873.7
62,55684,1835.3
62,14994,823.6
62,78912,2560.8
62,59883,37.1
62,60143,989.9
62,74530,2064.7
62,59978,41.8
62,51569,2337.8
62,78966,1013.4
62,56130,1316.2
62,59530,2492.5
62,28470,2479.8
62,89724,2354.1
62,61616,883.6
62,42550,1942.3
62,51519,1868.5
62,70607,352.6
62,53844,2374.2
62,75432,1143.2
62,50822,1157.7
62,19309,2548.8
62,56651,1632.7
62,57698,1896.3
62,32028,2008.1
62,56344,1292.7
62,78370,2520.5
62,74026,2477.7
62,17725,2004.3
62,24347,2294.6
62,14878,947.8
62,58826,1596.5
62,74529,1396.7
62,78972,643.9
62,44966,2140.2
63,46246,2415.0
63,83355,1911.1
63,75807,1332.6
63,15792,1328.9
63,38223,1541.3
63,70116,1139.9
63,76272,1947.3
63,70086,1348.6
63,69667,889.2
63,69322,2695.5
63,61392,2219.6
63,60597,813.3
63,90143,1270.7
63,78593,1454.4
63,43834,2134.3
63,81210,2241.0
63,55684,2508.1
63,14994,502.0
63,78912,2099.6
63,59883,567.9
63,60143,1083.0
63,74530,2598.6
63,59978,1094.4
63,51569,1935.5
63,78966,1420.3
63,56130,1601.8
63,59530,1933.1
63,28470,2692.3
63,89724,1302.5
63,61616,1134.9
63,42550,1208.8
63,51519,1824.5
63,70607,315.6
63,53844,2587.5
63,75432,1662.1
63,50822,1357.6
63,19309,2541.1
63,56651,1825.8
63,57698,1684.6
63,32028,1971.0
63,56344,2013.7
63,78370,2126.8
63,74026,2114.5
63,17725,742.8
63,24347,2272.8
63,14878,30.2
63,58826,1067.8
63,74529,1438.9
63,78972,574.3
63,44966,2333.4
64,46246,2154.1
64,83355,1948.6
64,75807,947.0
64,15792,1978.5
64,38223,1643.6
64,70116,1557.3
64,76272,2463.0
64,70086,1153.2
64,69667,768.4
64,69322,1119.4
64,61392,2398.1
64,60597,1375.6
64,90143,1348.9
64,78593,2108.0
64,43834,1889.6
64,81210,1698.3
64,55684,2099.1
64,14994,502.3
64,78912,2267.6
64,59883,1400.8
64,60143,1384.8
64,74530,2833.9
64,59978,809.3
64,51569,2455.3
64,78966,1364.5
64,56130,251.3
64,59530,1874.8
64,28470,2643.2
64,89724,1088.7
64,61616,1928.8
64,42550,1743.0
64,51519,2122.7
64,70607,1624.7
64,53844,2326.9
64,75432,963.9
64,50822,1080.9
64,19309,2664.9
64,56651,1727.6
64,57698,2439.8
64,32028,2725.5
64,56344,2142.7
64,78370,2050.5
64,74026,2255.7
64,17725,754.3
64,24347,1911.2
64,14878,617.2
64,58826,2191.9
64,74529,530.6
64,78972,1675.2
64,44966,2110.6
65,46246,2137.4
65,83355,1940.5
65,75807,1938.3
65,15792,2584.7
65,38223,2190.2
65,70116,2090.5
65,76272,2203.0
65,70086,1326.9
65,69667,341.8
65,69322,1778.6
65,61392,2523.4
65,60597,2295.5
65,90143,1794.0
65,78593,1343.1
65,43834,2384.7
65,81210,1781.2
65,55684,1894.8
65,14994,604.3
65,78912,2733.8
65,59883,597.1
65,60143,1329.4
65,74530,2586.8
65,59978,31.3
65,51569,2270.5
65,78966,1855.9
65,56130,741.6
65,59530,1123.1
65,28470,2731.9
65,89724,1111.8
65,61616,1627.8
65,42550,1579.0
65,51519,2282.4
65,70607,1335.8
65,53844,2252.4
65,75432,545.9
65,50822,795.5
65,19309,2344.5
65,56651,323.0
65,57698,1672.8
65,32028,2428.4
65,56344,974.0
65,78370,2824.6
65,74026,2142.2
65,17725,2164.6
65,24347,1870.9
65,14878,624.5
65,58826,2283.3
65,74529,1434.3
65,78972,1389.4
65,44966,1807.3
66,46246,2035.2
66,83355,2380.9
66,75807,1407.1
66,15792,903.3
66,38223,1597.9
66,70116,1974.9
66,76272,1867.2
66,70086,1322.2
66,69667,509.8
66,69322,2380.5
66,61392,2053.8
66,60597,1631.3
66,90143,1062.3
66,78593,1220.5
66,43834,2022.4
66,81210,1373.7
66,55684,895.3
66,14994,293.6
66,78912,1807.4
66,59883,536.5
66,60143,1079.1
66,74530,2205.7
66,59978,306.6
66,51569,2469.7
66,78966,1561.2
66,56130,935.6
66,59530,1881.8
66,28470,2587.5
66,89724,1970.4
66,61616,1446.4
66,42550,1344.1
66,51519,1355.5
66,70607,1127.2
66,53844,2486.5
66,75432,1748.4
66,50822,887.1
66,19309,2700.6
66,56651,1248.6
66,57698,2183.8
66,32028,2452.7
66,56344,874.4
66,78370,2674.4
66,74026,2047.6
66,17725,1180.0
66,24347,2268.6
66,14878,301.0
66,58826,1354.3
66,74529,1018.5
66,78972,1719.7
66,44966,1690.5
67,46246,2583.7
67,83355,1280.1
67,75807,1391.2
67,15792,2251.9
67,38223,1824.1
67,70116,1372.5
67,76272,2265.8
67,70086,1225.5
67,69667,569.4
67,69322,2322.1
67,61392,2481.1
67,60597,1673.8
67,90143,1377.3
67,78593,1067.1
67,43834,2200.0
67,81210,1858.5
67,55684,1864.7
67,14994,598.4
67,78912,2431.3
67,59883,944.6
67,60143,2014.1
67,74530,1792.1
67,59978,577.7
67,51569,1736.7
67,78966,1093.1
67,56130,626.2
67,59530,1734.6
67,28470,2621.1
67,89724,1596.8
67,61616,1115.0
67,42550,1605.3
67,51519,1959.1
67,70607,553.1
67,53844,2614.9
67,75432,1447.2
67,50822,1103.4
67,19309,2800.9
67,56651,2139.1
67,57698,1348.3
67,32028,2456.7
67,56344,1107.5
67,78370,1626.1
67,74026,899.9
67,17725,820.7
67,24347,2709.6
67,14878,28.4
67,58826,2406.4
67,74529,1063.5
67,78972,1414.3
67,44966,2464.6
68,46246,1404.7
68,83355,2395.6
68,75807,862.2
68,15792,2102.2
68,38223,1148.4
68,70116,2228.1
68,76272,1189.5
68,70086,862.4
68,69667,68.7
68,69322,2031.8
68,61392,2072.1
68,60597,757.3
68,90143,1598.8
68,78593,1273.1
68,43834,1912.9
68,81210,1149.3
68,55684,1561.5
68,14994,341.0
68,78912,1862.1
68,59883,1346.5
68,60143,1592.0
68,74530,2330.0
68,59978,556.9
68,51569,1756.2
68,78966,1168.3
68,56130,1907.4
68,59530,1326.0
68,28470,2397.7
68,89724,1498.9
68,61616,1308.5
68,42550,1298.5
68,51519,1004.8
68,70607,1865.5
68,53844,2641.2
68,75432,1628.3
68,50822,569.4
68,19309,2248.2
68,56651,1341.5
68,57698,1311.6
68,32028,1897.9
68,56344,1397.0
68,78370,2734.6
68,74026,1828.5
68,17725,1733.3
68,24347,2485.4
68,14878,812.4
68,58826,1582.8
68,74529,1234.4
68,78972,1904.6
68,44966,2615.6
69,46246,2711.4
69,83355,2430.3
69,75807,1229.0
69,15792,1789.3
69,38223,2209.2
69,70116,1745.3
69,76272,1765.1
69,70086,2027.2
69,69667,814.7
69,69322,1549.9
69,61392,2135.9
69,60597,1152.3
69,90143,1022.1
69,78593,1028.1
69,43834,1840.4
69,81210,1320.9
69,55684,1599.5
69,14994,571.0
69,78912,1992.5
69,59883,626.4
69,60143,1839.5
69,74530,2705.7
69,59978,1115.5
69,51569,2182.1
69,78966,1131.5
69,56130,862.7
69,59530,1351.1
69,28470,2291.5
69,89724,1541.6
69,61616,1444.7
69,42550,858.1
69,51519,1419.4
69,70607,1056.7
69,53844,1916.8
69,75432,1326.3
69,50822,1063.2
69,19309,2603.5
69,56651,1595.9
69,57698,1345.3
69,32028,1706.4
69,56344,2060.3
69,78370,2240.5
69,74026,2222.8
69,17725,1654.1
69,24347,1889.3
69,14878,294.9
69,58826,2147.3
69,74529,843.8
69,78972,1100.3
69,44966,1980.9
70,46246,2763.4
70,83355,2193.8
70,75807,992.6
70,15792,2187.2
70,38223,1454.8
70,70116,1867.8
70,76272,2148.0
70,70086,781.9
70,69667,1348.6
70,69322,1940.1
70,61392,2407.4
70,60597,1452.8
70,90143,1250.1
70,78593,1136.8
70,43834,2429.4
70,81210,1635.5
70,55684,900.6
70,14994,743.2
70,78912,2340.4
70,59883,1105.7
70,60143,1368.3
70,74530,2529.9
70,59978,629.8
70,51569,2492.5
70,78966,1338.4
70,56130,888.5
70,59530,1128.8
70,28470,2633.8
70,89724,1627.2
70,61616,1468.9
70,42550,796.1
70,51519,1950.0
70,70607,1037.7
70,53844,2701.4
70,75432,1581.8
70,50822,1643.9
70,19309,2542.6
70,56651,1358.5
70,57698,2054.3
70,32028,1774.8
70,56344,2122.2
70,78370,1872.2
70,74026,2154.1
70,17725,1137.9
70,24347,2515.8
70,14878,643.9
70,58826,1179.4
70,74529,271.6
70,78972,1104.0
70,44966,1586.7
71,46246,1858.1
71,83355,2382.8
71,75807,1332.3
71,15792,862.2
71,38223,1901.9
71,70116,1723.0
71,76272,1971.7
71,70086,608.8
71,69667,864.4
71,69322,2034.5
71,61392,2239.0
71,60597,1160.9
71,90143,1120.4
71,78593,1142.3
71,43834,2427.1
71,81210,1155.1
71,55684,1628.5
71,14994,859.9
71,78912,2160.6
71,59883,1156.6
71,60143,2019.5
71,74530,2207.5
71,59978,819.7
71,51569,2248.2
71,78966,1373.7
71,56130,776.7
71,59530,1045.0
71,28470,2576.3
71,89724,1819.2
71,61616,803.9
71,42550,1323.1
71,51519,2459.7
71,70607,557.5
71,53844,2784.0
71,75432,2146.8
71,50822,965.8
71,19309,2363.3
71,56651,1036.4
71,57698,1715.4
71,32028,2062.0
71,56344,1432.2
71,78370,2189.2
71,74026,2025.3
71,17725,1166.0
71,24347,2171.4
71,14878,284.9
71,58826,1559.6
71,74529,1034.2
71,78972,1271.8
71,44966,2071.2
72,46246,2638.2
72,83355,2184.6
72,75807,1737.2
72,15792,1113.3
72,38223,1914.6
72,70116,2559.1
72,76272,1672.5
72,70086,1346.3
72,69667,1057.8
72,69322,2299.3
72,61392,2277.9
72,60597,1152.8
72,90143,762.9
72,78593,1031.1
72,43834,2105.2
72,81210,1381.0
72,55684,2093.8
72,14994,817.4
72,78912,2678.7
72,59883,1012.0
72,60143,2233.9
72,74530,2074.2
72,59978,250.5
72,51569,2168.3
72,78966,819.7
72,56130,1431.9
72,59530,1602.5
72,28470,2385.9
72,89724,1998.3
72,61616,1026.8
72,42550,1847.9
72,51519,1851.8
72,70607,1461.5
72,53844,2764.3
72,75432,1151.4
72,50822,903.7
72,19309,2369.4
72,56651,1265.3
72,57698,1817.1
72,32028,1862.9
72,56344,2164.2
72,78370,2051.0
72,74026,2101.2
72,17725,1094.0
72,24347,2313.7
72,14878,548.0
72,58826,1335.5
72,74529,1580.4
72,78972,1137.1
72,44966,2142.4
73,46246,1921.4
73,83355,2412.8
73,75807,1350.5
73,15792,1119.5
73,38223,2026.3
73,70116,1981.0
73,76272,2146.4
73,70086,1752.5
73,69667,292.8
73,69322,2270.8
73,61392,1717.9
73,60597,1568.3
73,90143,307.6
73,78593,1665.1
73,43834,1806.9
73,81210,1401.9
73,55684,1058.3
73,14994,1657.9
73,78912,2594.1
73,59883,1130.7
73,60143,2132.4
73,74530,1879.4
73,59978,840.9
73,51569,1819.2
73,78966,1729.8
73,56130,535.8
73,59530,1890.0
73,28470,2773.4
73,89724,1859.9
73,61616,1371.5
73,42550,1727.2
73,51519,2693.3
73,70607,537.2
73,53844,2619.3
73,75432,1402.2
73,50822,1571.2
73,19309,2513.1
73,56651,1864.6
73,57698,2553.2
73,32028,2287.2
73,56344,1415.4
73,78370,2279.2
73,74026,2186.0
73,17725,1539.1
73,24347,2126.2
73,14878,29.2
73,58826,1923.0
73,74529,1130.9
73,78972,846.2
73,44966,2514.1
74,46246,2423.9
74,83355,2766.1
74,75807,875.3
74,15792,1065.6
74,38223,1393.2
74,70116,2761.2
74,76272,1455.3
74,70086,1040.3
74,69667,844.7
74,69322,2187.5
74,61392,2667.7
74,60597,1590.8
74,90143,1311.4
74,78593,1601.7
74,43834,2466.7
74,81210,1343.4
74,55684,1893.3
74,14994,556.9
74,78912,2273.5
74,59883,583.8
74,60143,1061.9
74,74530,2667.2
74,59978,838.7
74,51569,1614.0
74,78966,1734.0
74,56130,1192.0
74,59530,1652.5
74,28470,2518.7
74,89724,1904.0
74,61616,1251.0
74,42550,1649.0
74,51519,1551.8
74,70607,871.4
74,53844,2310.5
74,75432,1109.1
74,50822,1344.4
74,19309,2663.4
74,56651,1847.6
74,57698,1820.8
74,32028,2456.8
74,56344,1361.5
74,78370,2218.2
74,74026,1921.6
74,17725,754.4
74,24347,2121.0
74,14878,232.5
74,58826,1960.9
74,74529,957.9
74,78972,1252.0
74,44966,2119.5
75,46246,2652.5
75,83355,2385.8
75,75807,1630.4
75,15792,1313.1
75,38223,2199.9
75,70116,1829.8
75,76272,2381.3
75,70086,1119.0
75,69667,650.1
75,69322,2188.1
75,61392,2762.6
75,60597,1575.5
75,90143,1356.0
75,78593,1318.4
75,43834,2310.4
75,81210,1106.2
75,55684,1670.5
75,14994,282.0
75,78912,2400.9
75,59883,558.8
75,60143,1933.2
75,74530,2473.0
75,59978,33.7
75,51569,2326.5
75,78966,1129.4
75,56130,1177.6
75,59530,1515.2
75,28470,2652.5
75,89724,1802.5
75,61616,1114.0
75,42550,1948.1
75,51519,1625.0
75,70607,1451.6
75,53844,2616.1
75,75432,1659.9
75,50822,852.1
75,19309,2441.3
75,56651,1945.7
75,57698,2194.6
75,32028,2146.4
75,56344,2117.0
75,78370,2328.8
75,74026,2007.5
75,17725,1416.1
75,24347,2596.4
75,14878,495.1
75,58826,1473.8
75,74529,576.1
75,78972,572.4
75,44966,2239.4
76,46246,1962.2
76,83355,1681.6
76,75807,1283.5
76,15792,1416.2
76,38223,1138.1
76,70116,2149.8
76,76272,1663.7
76,70086,1955.8
76,69667,1629.5
76,69322,1379.0
76,61392,1935.2
76,60597,1355.2
76,90143,1289.6
76,78593,1599.3
76,43834,1862.1
76,81210,2006.1
76,55684,2344.1
76,14994,266.4
76,78912,2445.0
76,59883,1434.4
76,60143,1856.4
76,74530,2106.6
76,59978,321.7
76,51569,2161.4
76,78966,1199.3
76,56130,505.4
76,59530,2230.5
76,28470,2639.6
76,89724,2174.0
76,61616,1665.0
76,42550,1205.9
76,51519,2116.7
76,70607,1900.6
76,53844,2346.1
76,75432,1340.9
76,50822,1343.3
76,19309,2590.8
76,56651,1129.3
76,57698,1295.2
76,32028,1895.5
76,56344,1928.5
76,78370,1735.5
76,74026,1595.0
76,17725,1099.9
76,24347,2707.3
76,14878,27.8
76,58826,767.7
76,74529,875.7
76,78972,1069.2
76,44966,2029.7
77,46246,2391.2
77,83355,2158.7
77,75807,1126.9
77,15792,2561.3
77,38223,1306.8
77,70116,1683.9
77,76272,762.5
77,70086,1071.4
77,69667,623.4
77,69322,1428.4
77,61392,2366.1
77,60597,1633.5
77,90143,1499.6
77,78593,2184.3
77,43834,2071.7
77,81210,1641.0
77,55684,2261.4
77,14994,738.7
77,78912,1939.7
77,59883,1132.0
77,60143,1422.7
77,74530,2140.9
77,59978,826.6
77,51569,1523.5
77,78966,875.8
77,56130,1583.9
77,59530,1886.0
77,28470,2510.0
77,89724,1825.1
77,61616,615.1
77,42550,892.5
77,51519,2557.0
77,70607,935.3
77,53844,2659.3
77,75432,1901.4
77,50822,1227.3
77,19309,2756.3
77,56651,1494.0
77,57698,1566.3
77,32028,2488.8
77,56344,822.2
77,78370,2457.9
77,74026,2152.0
77,17725,572.6
77,24347,2433.3
77,14878,28.5
77,58826,1533.5
77,74529,800.0
77,78972,1446.5
77,44966,2150.2
78,46246,2398.2
78,83355,2418.7
78,75807,566.6
78,15792,1056.6
78,38223,1305.5
78,70116,1392.2
78,76272,2092.8
78,70086,1439.5
78,69667,1414.2
78,69322,2638.9
78,61392,2212.5
78,60597,1055.1
78,90143,836.1
78,78593,1347.6
78,43834,2341.6
78,81210,1271.0
78,55684,1615.7
78,14994,343.9
78,78912,2684.9
78,59883,1081.8
78,60143,1955.6
78,74530,2412.9
78,59978,285.3
78,51569,1627.2
78,78966,1658.2
78,56130,583.1
78,59530,1360.5
78,28470,2730.1
78,89724,1945.6
78,61616,1056.3
78,42550,1170.9
78,51519,2190.0
78,70607,1381.1
78,53844,2696.7
78,75432,1005.8
78,50822,903.2
78,19309,2795.7
78,56651,2042.7
78,57698,1825.8
78,32028,1858.8
78,56344,2050.3
78,78370,2585.6
78,74026,1312.2
78,17725,1106.0
78,24347,2441.8
78,14878,542.6
78,58826,1322.9
78,74529,863.7
78,78972,1071.7
78,44966,2476.8
79,46246,2673.6
79,83355,1737.3
79,75807,1414.6
79,15792,1989.4
79,38223,902.9
79,70116,1986.5
79,76272,1923.1
79,70086,878.9
79,69667,277.4
79,69322,2495.1
79,61392,1581.3
79,60597,2042.5
79,90143,1150.2
79,78593,905.9
79,43834,2642.0
79,81210,1380.3
79,55684,2141.8
79,14994,584.0
79,78912,2545.1
79,59883,37.8
79,60143,1815.4
79,74530,2635.3
79,59978,283.1
79,51569,2095.8
79,78966,1114.0
79,56130,782.8
79,59530,1469.5
79,28470,2583.9
79,89724,2164.8
79,61616,841.8
79,42550,1927.3
79,51519,1445.7
79,70607,606.8
79,53844,2807.7
79,75432,1204.9
79,50822,1147.0
79,19309,2322.3
79,56651,1187.2
79,57698,2301.5
79,32028,2293.6
79,56344,1494.9
79,78370,2106.1
79,74026,1765.3
79,17725,607.5
79,24347,2161.8
79,14878,41.4
79,58826,1916.1
79,74529,264.9
79,78972,664.7
79,44966,2733.2
80,46246,1998.2
80,83355,1648.4
80,75807,1362.9
80,15792,2195.7
80,38223,1314.8
80,70116,1397.0
80,76272,1607.6
80,70086,1562.4
80,69667,1157.5
80,69322,1337.2
80,61392,2408.1
80,60597,1294.4
80,90143,2155.4
80,78593,2010.8
80,43834,2555.2
80,81210,1320.6
80,55684,2266.4
80,14994,876.8
80,78912,1524.0
80,59883,798.7
80,60143,1874.2
80,74530,2400.5
80,59978,432.2
80,51569,1988.6
80,78966,820.5
80,56130,956.5
80,59530,1087.3
80,28470,1888.5
80,89724,1148.3
80,61616,1264.1
80,42550,1378.1
80,51519,1281.5
80,70607,1929.1
80,53844,2619.2
80,75432,1318.1
80,50822,1585.8
80,19309,2359.5
80,56651,1086.6
80,57698,1856.7
80,32028,2296.9
80,56344,1957.3
80,78370,2119.3
80,74026,1333.3
80,17725,1373.6
80,24347,2687.9
80,14878,28.0
80,58826,2161.0
80,74529,814.9
80,78972,1133.5
80,44966,1792.9
81,46246,2250.2
81,83355,2102.6
81,75807,1309.2
81,15792,2224.3
81,38223,795.1
81,70116,1655.3
81,76272,1866.6
81,70086,1446.5
81,69667,297.2
81,69322,1593.6
81,61392,2621.5
81,60597,1294.9
81,90143,1085.1
81,78593,1436.0
81,43834,2415.1
81,81210,1150.3
81,55684,1648.7
81,14994,319.2
81,78912,1836.3
81,59883,441.0
81,60143,1979.7
81,74530,1660.5
81,59978,37.3
81,51569,2199.1
81,78966,1815.7
81,56130,596.2
81,59530,1667.4
81,28470,2596.4
81,89724,1572.9
81,61616,657.2
81,42550,2061.9
81,51519,1959.4
81,70607,1105.7
81,53844,2587.7
81,75432,1137.0
81,50822,1667.7
81,19309,2737.3
81,56651,1073.8
81,57698,1917.4
81,32028,2273.0
81,56344,1877.1
81,78370,2563.7
81,74026,2030.7
81,17725,1531.5
81,24347,2004.3
81,14878,574.6
81,58826,1355.1
81,74529,571.5
81,78972,614.8
81,44966,2458.0
82,46246,2422.1
82,83355,2578.3
82,75807,2083.6
82,15792,1414.3
82,38223,1067.8
82,70116,2026.8
82,76272,1322.5
82,70086,1029.8
82,69667,871.4
82,69322,1388.0
82,61392,2903.3
82,60597,2130.1
82,90143,1925.1
82,78593,1601.9
82,43834,2113.1
82,81210,1894.2
82,55684,2169.3
82,14994,866.9
82,78912,2077.0
82,59883,1023.1
82,60143,1538.4
82,74530,2607.4
82,59978,296.7
82,51569,2413.6
82,78966,2142.6
82,56130,634.9
82,59530,1389.4
82,28470,2546.4
82,89724,1844.9
82,61616,1631.4
82,42550,1013.7
82,51519,1583.0
82,70607,1140.1
82,53844,2289.2
82,75432,311.8
82,50822,508.8
82,19309,2227.5
82,56651,1301.5
82,57698,2296.2
82,32028,1768.2
82,56344,1671.4
82,78370,1677.0
82,74026,2338.6
82,17725,2066.3
82,24347,2188.7
82,14878,229.3
82,58826,1855.3
82,74529,2018.4
82,78972,1081.4
82,44966,2173.1
83,46246,2524.2
83,83355,1758.1
83,75807,1436.6
83,15792,1042.1
83,38223,1280.1
83,70116,1736.5
83,76272,2187.0
83,70086,1601.8
83,69667,600.4
83,69322,2212.1
83,61392,1985.0
83,60597,1065.8
83,90143,474.8
83,78593,2056.9
83,43834,2093.3
83,81210,1461.9
83,55684,1824.5
83,14994,29.6
83,78912,2660.0
83,59883,525.1
83,60143,1132.4
83,74530,2371.6
83,59978,39.5
83,51569,2263.8
83,78966,1132.7
83,56130,886.1
83,59530,2112.9
83,28470,2580.7
83,89724,1947.0
83,61616,1817.6
83,42550,2023.4
83,51519,2197.8
83,70607,1030.0
83,53844,2559.8
83,75432,1107.0
83,50822,323.4
83,19309,2642.7
83,56651,1324.1
83,57698,1807.7
83,32028,2651.3
83,56344,1021.1
83,78370,2431.8
83,74026,2334.0
83,17725,1070.8
83,24347,2437.1
83,14878,292.4
83,58826,1776.2
83,74529,1142.1
83,78972,1039.2
83,44966,2196.8
84,46246,2197.0
84,83355,2581.9
84,75807,835.5
84,15792,1407.9
84,38223,1466.9
84,70116,2134.5
84,76272,1907.0
84,70086,1148.4
84,69667,1039.8
84,69322,1510.3
84,61392,2632.7
84,60597,1175.1
84,90143,1338.1
84,78593,1114.2
84,43834,2141.7
84,81210,1599.5
84,55684,2111.8
84,14994,49.3
84,78912,1982.3
84,59883,576.5
84,60143,1614.6
84,74530,2208.6
84,59978,528.5
84,51569,1944.1
84,78966,1117.5
84,56130,871.2
84,59530,1900.9
84,28470,2566.9
84,89724,2106.1
84,61616,2107.9
84,42550,1425.8
84,51519,2090.9
84,70607,853.2
84,53844,2721.0
84,75432,2078.6
84,50822,1104.8
84,19309,2369.0
84,56651,2207.0
84,57698,2245.1
84,32028,2656.0
84,56344,1687.5
84,78370,2466.7
84,74026,1870.0
84,17725,1017.4
84,24347,2638.5
84,14878,355.0
84,58826,1528.5
84,74529,563.6
84,78972,820.8
84,44966,2446.8
85,46246,2637.2
85,83355,2292.8
85,75807,1320.4
85,15792,1887.4
85,38223,1693.7
85,70116,2392.9
85,76272,2090.2
85,70086,846.0
85,69667,1367.8
85,69322,1387.1
85,61392,2238.9
85,60597,2120.7
85,90143,915.5
85,78593,2498.2
85,43834,2198.4
85,81210,564.1
85,55684,1842.0
85,14994,534.8
85,78912,2088.4
85,59883,538.4
85,60143,1407.1
85,74530,2511.3
85,59978,253.4
85,51569,2148.2
85,78966,1640.1
85,56130,1060.2
85,59530,1698.6
85,28470,2657.1
85,89724,1927.2
85,61616,1582.4
85,42550,1034.3
85,51519,1975.7
85,70607,1330.6
85,53844,2714.3
85,75432,796.0
85,50822,2546.3
85,19309,2661.1
85,56651,1059.0
85,57698,1903.8
85,32028,2323.9
85,56344,1268.3
85,78370,2627.1
85,74026,1956.1
85,17725,1650.4
85,24347,2284.3
85,14878,304.5
85,58826,1719.4
85,74529,1336.5
85,78972,2226.4
85,44966,1475.3
86,46246,2087.9
86,83355,2406.3
86,75807,1122.8
86,15792,1735.4
86,38223,1304.0
86,70116,1850.5
86,76272,2426.5
86,70086,46.6
86,69667,848.3
86,69322,1749.6
86,61392,2051.9
86,60597,1695.6
86,90143,1476.8
86,78593,1344.1
86,43834,2508.3
86,81210,1671.8
86,55684,1815.2
86,14994,30.2
86,78912,2332.9
86,59883,1110.4
86,60143,1901.6
86,74530,2582.3
86,59978,35.4
86,51569,1842.5
86,78966,792.0
86,56130,47.4
86,59530,1113.0
86,28470,2107.2
86,89724,2005.7
86,61616,817.0
86,42550,1544.7
86,51519,2186.5
86,70607,573.7
86,53844,2418.3
86,75432,1917.7
86,50822,613.5
86,19309,2489.9
86,56651,778.2
86,57698,2405.8
86,32028,2128.1
86,56344,1624.9
86,78370,1893.3
86,74026,1628.6
86,17725,1110.8
86,24347,2017.3
86,14878,280.8
86,58826,1585.6
86,74529,1081.8
86,78972,1273.2
86,44966,2356.9
87,46246,1634.2
87,83355,2271.8
87,75807,1097.9
87,15792,1651.6
87,38223,1900.3
87,70116,1941.9
87,76272,1340.9
87,70086,530.7
87,69667,837.4
87,69322,1101.1
87,61392,2088.4
87,60597,1910.9
87,90143,2036.1
87,78593,1345.4
87,43834,1766.8
87,81210,848.6
87,55684,2359.5
87,14994,44.3
87,78912,2429.4
87,59883,1102.2
87,60143,2061.8
87,74530,2043.3
87,59978,1047.3
87,51569,2147.0
87,78966,1823.4
87,56130,49.0
87,59530,1667.6
87,28470,2538.1
87,89724,1073.5
87,61616,1374.3
87,42550,1310.3
87,51519,1664.2
87,70607,775.0
87,53844,2392.5
87,75432,1469.7
87,50822,1316.7
87,19309,2724.0
87,56651,1139.2
87,57698,1595.6
87,32028,2353.4
87,56344,1848.3
87,78370,2273.3
87,74026,1901.8
87,17725,1536.1
87,24347,2343.9
87,14878,286.7
87,58826,1416.9
87,74529,871.0
87,78972,1555.8
87,44966,1710.2
88,46246,1669.0
88,83355,2686.8
88,75807,1547.4
88,15792,1832.9
88,38223,1424.0
88,70116,1612.9
88,76272,1936.1
88,70086,1310.4
88,69667,1060.3
88,69322,1324.1
88,61392,2710.9
88,60597,1144.5
88,90143,1961.0
88,78593,1118.4
88,43834,2288.3
88,81210,2025.7
88,55684,1334.1
88,14994,1887.6
88,78912,2396.0
88,59883,558.8
88,60143,1850.8
88,74530,2414.2
88,59978,782.6
88,51569,1574.2
88,78966,721.5
88,56130,830.8
88,59530,879.4
88,28470,2680.0
88,89724,2093.8
88,61616,1936.7
88,42550,789.4
88,51519,2019.8
88,70607,605.5
88,53844,2722.2
88,75432,1184.7
88,50822,1606.9
88,19309,2340.4
88,56651,1603.0
88,57698,2417.2
88,32028,2651.6
88,56344,2188.5
88,78370,2830.8
88,74026,2013.7
88,17725,1640.5
88,24347,2396.5
88,14878,530.0
88,58826,1891.0
88,74529,560.9
88,78972,1413.6
88,44966,2421.1
89,46246,1908.7
89,83355,1637.5
89,75807,1398.7
89,15792,1897.2
89,38223,2644.5
89,70116,1524.5
89,76272,2094.1
89,70086,1331.7
89,69667,1421.6
89,69322,1966.5
89,61392,2385.0
89,60597,1737.7
89,90143,360.5
89,78593,1094.5
89,43834,2108.4
89,81210,1665.5
89,55684,1686.5
89,14994,578.3
89,78912,2463.4
89,59883,1078.5
89,60143,1880.7
89,74530,2297.5
89,59978,851.6
89,51569,1573.3
89,78966,772.5
89,56130,1055.5
89,59530,1304.6
89,28470,2557.8
89,89724,1937.5
89,61616,616.6
89,42550,1063.7
89,51519,1803.2
89,70607,327.8
89,53844,2640.4
89,75432,2341.0
89,50822,1103.3
89,19309,2653.0
89,56651,820.0
89,57698,1063.5
89,32028,1777.6
89,56344,1315.9
89,78370,2213.2
89,74026,2040.9
89,17725,1120.3
89,24347,1967.4
89,14878,769.8
89,58826,1554.2
89,74529,793.3
89,78972,1490.5
89,44966,2067.6
90,46246,2322.9
90,83355,2706.1
90,75807,1950.3
90,15792,1583.0
90,38223,1642.4
90,70116,1722.7
90,76272,2223.2
90,70086,878.1
90,69667,1110.6
90,69322,1583.7
90,61392,2094.8
90,60597,1852.8
90,90143,839.7
90,78593,1047.7
90,43834,2613.8
90,81210,838.6
90,55684,2210.6
90,14994,274.3
90,78912,2187.9
90,59883,300.4
90,60143,1570.2
90,74530,2813.4
90,59978,293.1
90,51569,1631.1
90,78966,1375.6
90,56130,875.5
90,59530,1402.9
90,28470,2761.8
90,89724,2264.7
90,61616,2105.9
90,42550,1621.9
90,51519,1031.4
90,70607,874.3
90,53844,2627.5
90,75432,839.1
90,50822,592.2
90,19309,2635.8
90,56651,1266.2
90,57698,1811.5
90,32028,2731.1
90,56344,1548.6
90,78370,2307.2
90,74026,1813.5
90,17725,810.6
90,24347,2699.8
90,14878,293.2
90,58826,2388.2
90,74529,1947.3
90,78972,614.6
90,44966,2253.9
91,46246,2106.4
91,83355,2335.2
91,75807,1389.7
91,15792,1657.6
91,38223,1549.2
91,70116,1916.1
91,76272,2217.2
91,70086,1592.1
91,69667,1138.6
91,69322,1918.6
91,61392,1863.1
91,60597,1072.9
91,90143,844.6
91,78593,874.7
91,43834,2180.4
91,81210,2323.5
91,55684,2475.2
91,14994,797.0
91,78912,2508.9
91,59883,540.8
91,60143,1650.4
91,74530,2684.4
91,59978,546.1
91,51569,1676.9
91,78966,1349.2
91,56130,1394.5
91,59530,1026.5
91,28470,2242.8
91,89724,978.8
91,61616,1074.1
91,42550,1862.6
91,51519,1943.7
91,70607,1047.3
91,53844,2024.6
91,75432,1705.5
91,50822,1423.4
91,19309,2735.7
91,56651,1477.7
91,57698,1700.7
91,32028,1587.5
91,56344,1527.4
91,78370,2212.9
91,74026,2681.2
91,17725,1331.9
91,24347,2722.2
91,14878,1250.2
91,58826,1146.2
91,74529,1046.7
91,78972,1313.7
91,44966,1659.4
92,46246,1992.4
92,83355,2419.7
92,75807,1598.4
92,15792,2313.0
92,38223,2402.4
92,70116,2299.9
92,76272,1857.3
92,70086,1464.1
92,69667,1390.5
92,69322,2157.6
92,61392,2657.8
92,60597,1544.0
92,90143,1154.1
92,78593,1256.4
92,43834,2138.9
92,81210,1459.7
92,55684,1373.6
92,14994,1003.5
92,78912,2752.3
92,59883,1038.2
92,60143,2095.3
92,74530,2581.6
92,59978,566.2
92,51569,2424.4
92,78966,1652.8
92,56130,387.9
92,59530,784.4
92,28470,2392.8
92,89724,1369.3
92,61616,1158.1
92,42550,1580.5
92,51519,1594.4
92,70607,1146.2
92,53844,2407.0
92,75432,816.4
92,50822,1135.0
92,19309,2083.8
92,56651,1417.7
92,57698,1887.7
92,32028,1868.0
92,56344,1617.9
92,78370,2064.4
92,74026,1972.6
92,17725,753.6
92,24347,2167.1
92,14878,309.3
92,58826,2060.1
92,74529,1340.0
92,78972,1374.7
92,44966,2169.3
93,46246,2453.1
93,83355,2778.0
93,75807,1419.3
93,15792,1465.9
93,38223,897.7
93,70116,2431.4
93,76272,2092.9
93,70086,587.8
93,69667,1121.5
93,69322,2276.9
93,61392,2223.7
93,60597,1586.6
93,90143,944.0
93,78593,1371.7
93,43834,2502.1
93,81210,2154.2
93,55684,1621.4
93,14994,535.4
93,78912,2063.6
93,59883,746.9
93,60143,2163.5
93,74530,2279.0
93,59978,37.5
93,51569,1510.6
93,78966,758.3
93,56130,1052.7
93,59530,1499.4
93,28470,2072.0
93,89724,1899.0
93,61616,1600.7
93,42550,1569.0
93,51519,1335.8
93,70607,799.3
93,53844,2659.0
93,75432,1149.1
93,50822,1311.6
93,19309,2272.2
93,56651,1585.7
93,57698,1812.0
93,32028,1508.3
93,56344,2136.8
93,78370,2739.3
93,74026,1520.7
93,17725,1332.7
93,24347,1762.6
93,14878,273.2
93,58826,1140.6
93,74529,1358.0
93,78972,821.1
93,44966,2172.6
94,46246,2172.7
94,83355,2232.1
94,75807,1622.4
94,15792,2162.9
94,38223,1380.5
94,70116,1971.2
94,76272,2350.3
94,70086,1080.9
94,69667,1330.7
94,69322,2131.6
94,61392,2029.3
94,60597,1324.2
94,90143,796.8
94,78593,1150.6
94,43834,2114.1
94,81210,562.0
94,55684,2072.3
94,14994,591.0
94,78912,2238.3
94,59883,848.4
94,60143,1562.9
94,74530,2174.8
94,59978,487.0
94,51569,1129.8
94,78966,1372.0
94,56130,456.8
94,59530,1087.5
94,28470,2440.7
94,89724,1623.2
94,61616,2004.6
94,42550,1093.0
94,51519,2350.1
94,70607,1392.6
94,53844,2506.6
94,75432,812.5
94,50822,1316.8
94,19309,2616.1
94,56651,1308.1
94,57698,2141.5
94,32028,1776.7
94,56344,1674.1
94,78370,2658.6
94,74026,1810.2
94,17725,1629.7
94,24347,1952.1
94,14878,802.3
94,58826,2307.1
94,74529,1369.3
94,78972,1855.7
94,44966,1736.9
95,46246,1953.2
95,83355,1840.7
95,75807,1169.4
95,15792,1796.2
95,38223,1060.8
95,70116,1657.5
95,76272,1909.1
95,70086,1351.8
95,69667,1048.1
95,69322,2154.3
95,61392,2262.6
95,60597,1403.2
95,90143,1077.9
95,78593,1580.4
95,43834,2099.6
95,81210,1692.7
95,55684,1505.5
95,14994,614.9
95,78912,2378.8
95,59883,790.6
95,60143,2163.1
95,74530,1688.3
95,59978,769.4
95,51569,2133.7
95,78966,1042.9
95,56130,734.7
95,59530,1004.4
95,28470,2723.9
95,89724,1356.8
95,61616,1172.5
95,42550,1101.5
95,51519,2147.5
95,70607,809.3
95,53844,2676.2
95,75432,890.4
95,50822,779.8
95,19309,2678.0
95,56651,1586.9
95,57698,2516.1
95,32028,1910.7
95,56344,2253.0
95,78370,2131.1
95,74026,1561.2
95,17725,1344.8
95,24347,1797.2
95,14878,27.8
95,58826,1379.1
95,74529,1688.9
95,78972,1072.1
95,44966,2003.1
96,46246,2115.3
96,83355,1949.6
96,75807,1036.7
96,15792,1377.7
96,38223,1901.3
96,70116,877.3
96,76272,1859.2
96,70086,1591.4
96,69667,946.7
96,69322,2108.5
96,61392,1941.3
96,60597,1172.5
96,90143,807.0
96,78593,1351.5
96,43834,2712.1
96,81210,1457.3
96,55684,1907.3
96,14994,881.0
96,78912,2078.9
96,59883,1317.8
96,60143,1319.1
96,74530,2100.3
96,59978,33.9
96,51569,1641.9
96,78966,843.2
96,56130,544.8
96,59530,1870.6
96,28470,2534.9
96,89724,1839.9
96,61616,1045.0
96,42550,884.2
96,51519,1889.6
96,70607,1169.5
96,53844,2620.2
96,75432,1669.2
96,50822,1123.7
96,19309,2650.2
96,56651,1051.4
96,57698,2462.1
96,32028,2204.2
96,56344,1606.6
96,78370,2466.6
96,74026,2305.4
96,17725,1078.2
96,24347,2494.7
96,14878,244.2
96,58826,1300.9
96,74529,1106.9
96,78972,1341.7
96,44966,2390.8
97,46246,2319.6
97,83355,2400.8
97,75807,1091.1
97,15792,1115.8
97,38223,1353.3
97,70116,1894.9
97,76272,2275.6
97,70086,1144.0
97,69667,1500.6
97,69322,1940.9
97,61392,2612.8
97,60597,2122.4
97,90143,1698.4
97,78593,1636.0
97,43834,2358.8
97,81210,1367.0
97,55684,2498.8
97,14994,585.1
97,78912,2893.9
97,59883,1143.2
97,60143,2145.0
97,74530,2404.3
97,59978,773.0
97,51569,1502.8
97,78966,1705.9
97,56130,1289.4
97,59530,801.4
97,28470,2269.8
97,89724,1636.7
97,61616,1129.5
97,42550,2288.2
97,51519,2196.2
97,70607,569.0
97,53844,2411.7
97,75432,1139.2
97,50822,1097.4
97,19309,2578.9
97,56651,1692.0
97,57698,2385.8
97,32028,1351.8
97,56344,1326.2
97,78370,2202.3
97,74026,2587.9
97,17725,855.4
97,24347,2790.4
97,14878,301.6
97,58826,1581.0
97,74529,1314.2
97,78972,828.8
97,44966,2386.4
98,46246,2747.8
98,83355,2253.1
98,75807,1979.7
98,15792,2451.0
98,38223,2333.6
98,70116,1917.8
98,76272,2041.6
98,70086,1742.0
98,69667,945.0
98,69322,2275.7
98,61392,1936.0
98,60597,2575.8
98,90143,1354.7
98,78593,1833.0
98,43834,2593.3
98,81210,2417.5
98,55684,1899.0
98,14994,2100.3
98,78912,1972.2
98,59883,777.8
98,60143,1318.1
98,74530,2399.7
98,59978,269.9
98,51569,2313.7
98,78966,1160.0
98,56130,782.0
98,59530,1673.8
98,28470,2648.5
98,89724,2491.8
98,61616,1729.3
98,42550,1525.0
98,51519,1502.4
98,70607,1710.5
98,53844,2604.5
98,75432,1353.8
98,50822,507.4
98,19309,2156.8
98,56651,1238.1
98,57698,2166.7
98,32028,1586.8
98,56344,872.5
98,78370,1921.4
98,74026,2065.1
98,17725,319.5
98,24347,2414.7
98,14878,780.2
98,58826,1704.0
98,74529,536.0
98,78972,1196.7
98,44966,2400.5
99,46246,1852.6
99,83355,2597.9
99,75807,1525.1
99,15792,1709.0
99,38223,1430.2
99,70116,2122.2
99,76272,2367.9
99,70086,1316.1
99,69667,2299.3
99,69322,1321.4
99,61392,2054.3
99,60597,2035.8
99,90143,557.7
99,78593,2447.8
99,43834,2732.3
99,81210,1320.3
99,55684,2417.8
99,14994,345.8
99,78912,2532.5
99,59883,625.0
99,60143,1685.0
99,74530,2306.7
99,59978,1081.7
99,51569,2320.0
99,78966,1090.4
99,56130,378.8
99,59530,1387.7
99,28470,2598.4
99,89724,1634.6
99,61616,2112.3
99,42550,666.9
99,51519,1670.7
99,70607,1431.6
99,53844,2699.9
99,75432,1185.2
99,50822,1679.6
99,19309,2549.1
99,56651,1774.6
99,57698,1778.9
99,32028,1576.1
99,56344,1747.6
99,78370,2727.9
99,74026,1934.7
99,17725,1633.2
99,24347,2251.8
99,14878,888.2
99,58826,1770.6
99,74529,1113.5
99,78972,800.4
99,44966,2133.8
